:0300000002D91E04
:0800F800FFFF4457494E543547
:10D91E00759401759502758E0075930075C87075B6
:10D92E00C96075F80075F90175A80075B800759A8B
:10D93E000075A90075B90053D0E7787FE4F6D8FDDD
:10D94E009080007F007E80E4F0A3DFFCDEFA75811C
:04D95E001B02D99D32
:10BDBF0090C9C8EEF0A3EFF0A3EBF0A3EAF0A3E96C
:01BDCF00F083
:10BDD000E490C9CFF0A3F0A3F0A3F0A3F0A3F0A3E5
:10BDE000F0A3F090C9CDE0FAA3E0FB4A700302BFD4
:10BDF0007E90C9C8E0FEA3E0FFC3E49FFFE49EFE7F
:10BE0000E4FCFD90C9D712AE48AF03AE02E4FCFDDE
:10BE100090C9D7E0F8A3E0F9A3E0FAA3E0FBC312CE
:10BE2000AE11501190C9D7A3A3E0FFA3E090C9CDF4
:10BE3000CFF0A3EFF090C9C8E0FCA3E0FDECC31382
:10BE4000FFED1390C9CFCFF0A3EFF0ED5401FFA3A6
:10BE5000E4F0A3EFF0C2AFE4F5F190C9CFE0FCA3AA
:10BE6000E0FDECF5F28DF375F40175F8AF30FCFDF3
:10BE700090C9D1E07002A3E0603DD2FE20FEFD90AB
:10BE8000C9CAE0FBA3E475F00112AC24A9F0FAE5FD
:10BE9000FC12AB7390C9CAE0FBA3E475F00112ACCD
:10BEA00024A9F0FAE5FD12AB7390C9CEE024FFF0AF
:10BEB00090C9CDE034FFF090C9CDE0FCA3E0FDECEB
:10BEC000C313FFED1390C9D3CFF0A3EFF0ED5401EE
:10BED000FFA3E4F0A3EFF090C9D374FFF5F012AC28
:10BEE0002445F0605BD2FE20FEFD90C9CAE0FBA3B2
:10BEF000E475F00112AC24A9F0FAE5FA12AB7390E4
:10BF0000C9CAE0FBA3E475F00112AC24A9F0FAE57C
:10BF1000FB12AB7390C9CAE0FBA3E475F00112AC4D
:10BF200024A9F0FAE5FC12AB7390C9CAE0FBA3E4C4
:10BF300075F00112AC24A9F0FAE5FD12AB738097FD
:10BF400090C9D5E07002A3E0602FD2FE20FEFD90E4
:10BF5000C9CAE0FBA3E475F00112AC24A9F0FAE52C
:10BF6000FA12AB7390C9CAE0FBA3E475F00112ACFE
:0EBF700024A9F0FAE5FB12AB73E4F5F8D2AFAA
:01BF7E0022A0
:10C2E40090C9DBEEF0A3EFF0A3EBF0A3EAF0A3E92F
:01C2F400F059
:10C2F500E490C9E2F0A3F0A3F0A3F0A3F0A3F090BB
:10C30500C9E0E07002A3E0700302C47690C9DBE0E7
:10C31500FEA3E0FFC3E49FFFE49EFED390C9E1E0E6
:10C325009F90C9E0E09E4005EEF0A3EFF090C9DBD9
:10C33500E0FAA3E0FBEAC313FCEB13FDEB5401FFAA
:10C3450090C9E2E4F0A3EFF0C2AFE4F5F1ECF5F249
:10C35500AF058FF375F40175F88330FCFD90C9E2E4
:10C36500E07002A3E0603D90C9DDE0FBA3E475F059
:10C375000112AC24A9F0FA12AB2DF5FC90C9DDE051
:10C38500FBA3E475F00112AC24A9F0FA12AB2DF56C
:10C39500FDD2FE20FEFD90C9E1E024FFF090C9E04A
:10C3A500E034FFF090C9E0E0FCA3E0FDECC313FF2F
:10C3B500ED1390C9E4CFF0A3EFF0ED5401FFA3E432
:10C3C500F0A3EFF075F88F90C9E474FFF5F012ACA7
:10C3D5002445F0605B90C9DDE0FBA3E475F0011234
:10C3E500AC24A9F0FA12AB2DF5FA90C9DDE0FBA358
:10C3F500E475F00112AC24A9F0FA12AB2DF5FB900F
:10C40500C9DDE0FBA3E475F00112AC24A9F0FA1232
:10C41500AB2DF5FC90C9DDE0FBA3E475F00112AC92
:10C4250024A9F0FA12AB2DF5FDD2FE30FE9980FB62
:10C4350090C9E6E07002A3E0603275F88C90C9DD22
:10C44500E0FBA3E475F00112AC24A9F0FA12AB2DC0
:10C45500F5FA90C9DDE0FBA3E475F00112AC24A95F
:10C46500F0FA12AB2DF5FBD2FE20FEFDE4F5F8D275
:01C47500AF17
:01C4760022A3
:10C91A0090CAD5EEF0A3EFF0A3EBF0A3EAF0A3E9F7
:01C92A00F01C
:10C92B00A3E0FEA3E0FF4E700302CA9390CAD5E0CA
:10C93B00FCA3E0FDC3E49DFDE49CFCD3EF9DEE9CCA
:10C94B00400AAF0590CADAECF0A3EFF090CAD5E03D
:10C95B00FCA3E0FDECC313FEED13FBAA06ED5401A3
:10C96B00FDC2AFE4F5F1EAF5F2AF038FF375F40115
:10C97B0075F88330FCFDED604FC390CADBE0940289
:10C98B0090CADAE09400500302CA8E90CAD7E0FB3B
:10C99B00A3E475F00112AC24A9F0FA12AB2DF5FC4F
:10C9AB0090CAD7E0FBA3E475F00112AC24A9F0FA0E
:10C9BB0012AB2DF5FDD2FE20FEFD90CADBE024FE6E
:10C9CB00F090CADAE034FFF090CADAE0FEA3E07828
:10C9DB0002CEC313CE13D8F9FF75F88FEF1FAC0639
:10C9EB0070011E4C605B90CAD7E0FBA3E475F001AD
:10C9FB0012AC24A9F0FA12AB2DF5FA90CAD7E0FBD2
:10CA0B00A3E475F00112AC24A9F0FA12AB2DF5FBDF
:10CA1B0090CAD7E0FBA3E475F00112AC24A9F0FA9D
:10CA2B0012AB2DF5FC90CAD7E0FBA3E475F0011215
:10CA3B00AC24A9F0FA12AB2DF5FDD2FE30FE9D8091
:10CA4B00FB90CADBE030E1047F0180027F00EF60E6
:10CA5B003275F88C90CAD7E0FBA3E475F00112ACE9
:10CA6B0024A9F0FA12AB2DF5FA90CAD7E0FBA3E498
:10CA7B0075F00112AC24A9F0FA12AB2DF5FBD2FE26
:08CA8B0020FEFDE4F5F8D2AF36
:01CA93002280
:10F22A00EC90CB0BF0EDA3F07B017ACB790B90CA73
:0AF23A00DAE4F0A37402F002C91A2E
:10F2DD00EF4E6010E4FD0DEDC3943240F9EF1F7059
:04F2ED00EF1E80ECA4
:01F2F10022FA
:08E1420090CAE3EEF0A3EFF038
:10E14A00A3745AF0A37401F090CAE3E0FCA3E0FDC3
:10E15A00EC90CAE7F0A3EDF07B017ACA79E590C9A1
:10E16A00E0E4F0A37402F07F847E0012C2E47FF43C
:10E17A007E0112F2DD7B017ACA79E590C9CDE4F01D
:10E18A00A37402F07F147E0012BDBF90CAE3E0FEC2
:10E19A00A3E0FFA3E0B506D6A3E0B507D1E490CA91
:10E1AA00E5F0A3F0A3F0A3F07B017ACA79E590C960
:0DE1BA00E0F0A37402F07F167E0002C2E4C4
:08EAC20090C9A7EEF0A3EFF0EC
:10EACA00E4A3F0A3F090C9A7E0FEA3E0FFC390C9B6
:10EADA00AAE09F90C9A9E09E5025E4FBFA7F017E37
:10EAEA000012F2DD0BBB00010ABA01F1BB2CEE9059
:0FEAFA00C9AAE004F070CE90C9A9E004F080C66C
:01EB090022E9
:10EB0A00EF14601814602314602E24037039740102
:10EB1A00A805088002C333D8FC42B7227401A805AD
:10EB2A00088002C333D8FC42BC227401A8050880BD
:10EB3A0002C333D8FC42BD22AF057401A80708807E
:08EB4A0002C333D8FC42BE22D5
:10E9E200EF1460191460251460312403703D740122
:10E9F200A805088002C333D8FCF452B7227401A8D8
:10EA020005088002C333D8FCF452BC227401A80565
:10EA1200088002C333D8FCF452BD22AF057401A8AA
:0CEA220007088002C333D8FCF452BE2267
:10DDE000EF14602D14604A1460672403600302DEA0
:10DDF00072EB600E7401A805088002C333D8FC42A0
:10DE000080227401A805088002C333D8FCF4528034
:10DE100022EB600E7401A805088002C333D8FC42CF
:10DE200090227401A805088002C333D8FCF45290F4
:10DE300022EB600E7401A805088002C333D8FC42AF
:10DE4000A0227401A805088002C333D8FCF452A0B4
:10DE500022EB600E7401A805088002C333D8FC428F
:10DE6000B022AF057401A807088002C333D8FCF4C0
:03DE700052B0228B
:10E84900EF14601A146027146034240370427401B1
:10E85900A805088002C333D8FC5580FE80347401B2
:10E86900A805088002C333D8FC5590FE80247401A2
:10E87900A805088002C333D8FC55A0FE8014AF0553
:10E889007401A807088002C333D8FC55B0FE800282
:04E89900E4FEAF06E4
:01E89D002258
:10F0D900758911E4F58CF58AC28CF518F51A4389FE
:0EF0E90001758CBC758ACDD2A9D2AFD28C2213
:03000B0002E32FDE
:0DE32F00C0E0C0D075D000C000C006C0071F
:10E33C00C2AF758CBC758ACD0519751B0074017E36
:10E34C0000A81B088005C333CE33CED8F9FFEF5598
:10E35C001A602DE51B25E02408F808E61618700154
:10E36C0016E51B25E02408F8E6FE08E64E7011AF12
:10E37C001B04A807088002C333D8FC4218F4521AB5
:09E38C00051BE51BB408B6D2AF75
:0BE39500D007D006D000D0D0D0E0327E
:10F24400758911E4F58DF58BC28ED2AF43891075A3
:0AF254008DBC758BCDD2ABD28E229B
:03001B0002F37974
:0DF37900C2AF758DBC758BCDB290D2AF3296
:10F31C0075C8F075CD58E4F5CC75CB58F5CA43C813
:04F32C0001D2AD223B
:03002B0002F39F3E
:09F39F00C2AFC2C6B291D2AF3276
:10F09600C2AF7401A807088002C333D8FCFE421A27
:10F0A600EF25E02408F8A60408A605EEF45218D2C7
:02F0B600AF2287
:10F2F200C2AF7401A807088002C333D8FCF4521AC3
:05F302005218D2AF22F9
:10F34400C2AF7401A807088002C333D8FC5518FF64
:02F35400D2AF36
:01F356002294
:10E94600AB07AA06A905A8047F007E387D317C00A6
:10E9560012AD7FC3E49F90C9A6F074049E90C9A52A
:10E96600F043C9407D04E4FF12EB0A7D05E4FF1283
:10E97600E9E243803075D88075985090C9A5E0FCCF
:0DE98600A3E0FDECF5BA8DAA43A810D2ACB9
:01E993002261
:10EA7900AB07AA06A905A8047F007E707D627C0009
:10EA890012AD7FC3E49F90C9A6F074049E90C9A5F6
:10EA9900F043C9207D06E4FF12EB0A7D07E4FF126B
:10EAA900E9E24380C0759B9090C9A5E0FCA3E0FD15
:08EAB900ECF5BB8D9D439A01B1
:01EAC1002232
:10ED3600759680759780AB07AA06A905A8047F007B
:10ED46007EC07D897C0112AD7FAD07AC06ECF5D99E
:10ED5600AF058FE743B80CE4909812F0A3F0A3F048
:10ED6600A3F090981AF0909816F0A3F0A3F0A3F0F1
:01ED7600227A
:10F04B0075A78075AB80AB07AA06A905A8047F003E
:10F05B007EC07D897C0112AD7FAD07AC06ECF5AEB1
:07F06B00AF058FAF43B83081
:01F07200227B
:10E8F300EF14601B1460291460372403704490C91B
:10E90300A1E0FCA3E0FDA3E0FEA3E0FF02E9469043
:10E91300C9A1E0FCA3E0FDA3E0FEA3E0FF02EA79C6
:10E9230090C9A1E0FCA3E0FDA3E0FEA3E0FF02ED9C
:10E933003690C9A1E0FCA3E0FDA3E0FEA3E0FF1233
:03E94300F04B2274
:10BF7F0090C9A0EFF0A3ECF0A3EDF0A3EBF0A3EAD0
:04BF8F00F0A3E9F042
:10BF9300C2AFE4A3F0A3F090C9A1E0FEA3E0FFC306
:10BFA30090C9A7E09F90C9A6E09E400302C05790A6
:10BFB300C9A3E0FBA3E475F00112AC24A9F0FA12C3
:10BFC300AB2DFF90C9A0E0FE75F009A42400F58213
:10BFD300E5F03488F583EE75F008A42583F583E056
:10BFE300FCA3E0FD75F009EEA42400F582E5F0342E
:10BFF30080F583EE75F008A42583F583E5822DF59E
:10C0030082E5833CF583EFF075F009EEA42400F597
:10C0130082E5F03488F583EE75F008A42583F58373
:10C02300E475F00112AC0E75F009EEA42400F5825C
:10C03300E5F03488F583EE75F008A42583F583E0F5
:10C043005403F090C9A7E004F0700690C9A6E00479
:10C05300F002BF9A90C9A0E014604214607014709B
:10C063000302C0FF2403600302C12F908808E0602D
:10C073000302C12F04F0908802E0FEA3E02400F540
:10C083008274803EF583E0F599908803E004F070B4
:10C0930006908802E004F090880202C12B90901170
:10C0A300E0600302C12F04F090900BE0FEA3E024B4
:10C0B30009F58274883EF583E0F59C90900CE004CA
:10C0C300F0700690900BE004F090900B805A9098DB
:10C0D3001AE0705804F0909814E0FEA3E02412F5DF
:10C0E3008274903EF583E0F59E909815E004F0701D
:10C0F30006909814E004F0909814802C90A023E00C
:10C10300702A04F090A01DE0FEA3E0241BF58274C6
:10C11300983EF583E0F5AC90A01EE004F070069025
:0EC12300A01DE004F090A01DE05403F0D2AF88
:01C1310022EB
:0300230002E026D2
:10E02600C0E0C083C082C0D075D000C006C007C2A1
:10E03600AF30982AC298908804E0FEA3E02400F549
:10E046008274843EF583E599F0908805E004F070CB
:10E0560006908804E004F0908804E05403F03099B8
:10E066003FC299908802E0FEA3E0FF908800E06E30
:10E076007003A3E06F602474002FF58274803EF570
:10E0860083E0F599908803E004F07006908802E03A
:10E0960004F0908802E05403F08005908808E4F0CC
:0FE0A600D2AFD007D006D0D0D082D083D0E03216
:0300530002E621A1
:10E62100C0E0C083C082C0D075D000C006C007C2A0
:10E63100AF5396FE909814E0FEA3E0FF909812E08D
:10E641006E7003A3E06F602474122FF58274903E04
:10E65100F583E0F59E909815E004F070069098140B
:10E66100E004F0909814E05403F0800590981AE4C7
:10E67100F0D2AFD007D006D0D0D082D083D0E03254
:03005B0002EB5263
:10EB5200C0E0C083C082C0D075D000C006C2AF532F
:10EB620097FE909816E0FEA3E02412F58274943E7C
:10EB7200F583E59FF0909817E004F07006909816E0
:10EB8200E004F0909816E05403F0D2AFD006D0D053
:07EB9200D082D083D0E032F5
:0300630002E68131
:10E68100C0E0C083C082C0D075D000C006C007C240
:10E69100AF53A7FE90A01DE0FEA3E0FF90A01BE0FA
:10E6A1006E7003A3E06F6024741B2FF58274983E93
:10E6B100F583E0F5AC90A01EE004F0700690A01D7B
:10E6C100E004F090A01DE05403F0800590A023E445
:10E6D100F0D2AFD007D006D0D0D082D083D0E032F4
:03006B0002EB990C
:10EB9900C0E0C083C082C0D075D000C006C2AF53E8
:10EBA900ABFE90A01FE0FEA3E0241BF582749C3EFF
:10EBB900F583E5ADF090A020E004F0700690A01F69
:10EBC900E004F090A01FE05403F0D2AFD006D0D0FB
:07EBD900D082D083D0E032AE
:0300830002DD4556
:10DD4500C0E0C083C082C0D075D000C006C007C285
:10DD5500AFE59B30E02E759B90539BFE90900DE0B8
:10DD6500FEA3E02409F582748C3EF583E59CF090D2
:10DD7500900EE004F0700690900DE004F090900D88
:10DD8500E05403F0E59B30E143759B90539BFD9078
:10DD9500900BE0FEA3E0FF909009E06E7003A3E016
:10DDA5006F602474092FF58274883EF583E0F59C35
:10DDB50090900CE004F0700690900BE004F09090C9
:10DDC5000BE05403F08005909011E4F0D2AFD0073A
:0BDDD500D006D0D0D082D083D0E03246
:10F307007596807597807C00ECF5D975E7E0759E5A
:04F317000D53B8F3E7
:01F31B0022CF
:0BF0730090C9E9EBF0A3EAF0A3E9F07C
:10F07E0090CA147401F0A374C9F0A374ECF090CA92
:07F08E0014E4F0A3F0A3F06D
:01F095002258
:02F3AE0080FEDF
:057D180042CB0D00004C
:10D6BD00E490C99BF0A3F0A3740AF0A3740DF0A33A
:10D6CD0074EFF012F0D912F24412BBF8E4FD7F02B0
:10D6DD0012E9E27D607CEAE4FF12F0967DF47C01B4
:10D6ED007F0112F09612E2B9D2AF90C812E0FF128C
:10D6FD00EE7712B2CA7D887C137F0712F0967B01FC
:10D70D007AC9799C90C9E0E4F0A304F07F007E8291
:10D71D0012C2E47B017AC879F890C9CDE4F0A30474
:10D72D00F07F467E8112BDBF90C8F8E07002A3E085
:10D73D0070051254B5800312709312ECB190CB0D9D
:10D74D00E07002A3E070187F0712F344EF601090B1
:10D75D00CB0DE4F0A304F090C812F0FF12EE779019
:10D76D00CB0DE07002A3E060D112ECF412E4EE12E6
:0FD77D00C47790C999EEF0A3EFF012010080BBC2
:107D1D0041C8BD0042C816000041C8030044C885D3
:107D2D000000000046C7FB000000000000608AC78D
:107D3D0071000000010002000300040005000600B0
:107D4D000700080009000A000B000C000D000E00D2
:107D5D000F00100011001200130014001500160082
:107D6D001700180019001A001B001C001D001E0032
:107D7D001F002000210022002300240025002600E2
:107D8D002700280029002A002B002C002D002E0092
:107D9D002F00300031003200330034003500360042
:107DAD003700380039003A003B003C003D003E00F2
:107DBD003F0040004100420043004442C82F0000F4
:107DCD0041C8C00042C807000042C82B000050C87F
:107DDD00A3000000000000000000000000000000F3
:107DED000050C85900000000000000000000000015
:107DFD000000000050C84600000000000000000018
:107E0D00000000000000004CC873000000000000DE
:107E1D0000000000000042C8C7000042C8830000F7
:107E2D0042C829000042C8C3000042C87F0000427A
:107E3D00C8B5000042C838000042C871000042C8F1
:107E4D0001000042C831000041C8A20042C8C9006B
:107E5D000042C80A000042C814000041C804004294
:107E6D00C890012842C892022942C896032A42C8E6
:107E7D0098042B42C89A052C42C89C062D42C89ED8
:107E8D00072E41C8090842C820092F42C8270A30C9
:107E9D0041C86F0B42C8100C3142C81E0D3241C88B
:107EAD00350E41C8580F42C8BB103342C8C51134F6
:107EBD0041C81D1242C8A0133542C8B9143641C875
:107ECD000D1542C8B3163742C88A173841C81C1859
:107EDD0041C8131941C80C1A42C82D1B3942C81A82
:107EED001C3A42C8811D3B42C88E1E3C42C86D1FC4
:107EFD003D42C818203E42C86B213F42C8C12240B6
:107F0D0042C836234142C8B7244242C805254342E0
:107F1D00C88C264442C822000041C8890041C8705F
:107F2D000041C8240042C869000042C83300004225
:107F3D00C8BE000042C825000041C75E0041C75FB2
:107F4D000041C7600041C7610041C7620041C7637E
:107F5D000041C7640042C765000042C76700004288
:0E7F6D00C769000042C76B000042C76D0000EC
:10631100E490C9CEF0A3F090C9D4F090C9D4E0FACA
:08632100C394034003027092D3
:10632900E0FB75F004A4FDACF02400FEEC3485A379
:10633900F0A3CEF0ED2402FEEC3485A3F0A3CEF059
:1063490090C889E0FFEBC39F4003027050EA75F0E3
:1063590004A4243AF974C835F0FA7B0190C9D5E050
:10636900FEA3E0FF90C9E0E4F0A304F012C2E490B8
:10637900C9D4E075F004A4243CF974C835F0FA7B5B
:106389000190C9D7E0FEA3E0FF90C9E0E4F0A304BF
:10639900F012C2E490C8F8E07002A3E0600302665C
:1063A9007A90C9D4E0FF25E025E0243AF582E43467
:1063B900C8F583E0FCA3E0FDEC6003027089ED24DD
:1063C900FE605014700302644F1470030264821457
:1063D90070030264CD14700302651624056003027C
:1063E9007089EF70097B017ABB79C702648E90C905
:1063F900D4E0640170097B017ABB79C702657B909F
:10640900C9D4E0640260030270897B017ABB79C751
:1064190002660290C9D4E070087B017ABB79638077
:106429006490C9D4E0640170097B017ABB79630285
:10643900657B90C9D4E0640260030270897B017AAC
:10644900BB796302660290C9D4E070087B017ABB0C
:106459007919803190C9D4E0640170097B017ABB54
:10646900791902657B90C9D4E064026003027089DE
:106479007B017ABB791902660290C9D4E070207B4E
:10648900017ABA79BB90C9E0F0A3740AF07F407E23
:106499004712C2E490C9CEE4F0A37414026539909E
:1064A900C9D4E0640170097B017ABA79BB02657BC2
:1064B90090C9D4E0640260030270897B017ABA79D9
:1064C900BB02660290C9D4E0701F7B017ABB79E3F5
:1064D90090C9E0F0A37409F07F407E4712C2E490AE
:1064E900C9CEE4F0A37412804790C9D4E064017066
:1064F900087B017ABB79E3807990C9D4E0640260B2
:10650900030270897B017ABB79E302660290C9D4E0
:10651900E070517B017ABD79A990C9E0F0A37409B3
:10652900F07F407E4712C2E490C9CEE4F0A3741212
:10653900F07B017AC979CE90C9E0E4F0A304F07F39
:10654900487E5712C2E47B017AC879CC90C9E0E44D
:10655900F0A304F07F497E5712C2E47B017AC8791F
:10656900F402671290C9D4E06401707C7B017ABDA2
:1065790079A990C9E0F0A3740AF07F707E4712C22E
:10658900E490C9CEE4F0A37414F07B017AC979CE02
:1065990090C9E0E4F0A304F07F787E5712C2E47B4F
:1065A900017AC879CC90C9E0E4F0A304F07F797E40
:1065B9005712C2E47B017AC879F490C9E0E4F0A3E8
:1065C90004F07F7A7E5712C2E490C9D4E075F004D2
:1065D900A4243CF974C835F0FA7B0190C9E0E4F0D1
:1065E900A304F07F8002673D90C9D4E06402600390
:1065F9000270897B017ABD79A990C9E0F0A3740A78
:10660900F07F007E4812C2E490C9CEE4F0A374146E
:10661900F07B017AC979CE90C9E0E4F0A304F07F58
:10662900087E5812C2E47B017AC879CC90C9E0E4AB
:10663900F0A304F07F097E5812C2E47B017AC8797D
:10664900F490C9E0E4F0A304F07F0A7E5812C2E492
:1066590090C9D4E075F004A4243CF974C835F0FA63
:106669007B0190C9E0E4F0A304F07F107E4802703A
:106679008690C9D4E0FF25E025E0243AF582E43488
:10668900C8F583E0FCA3E0FDEC6003027089ED240A
:10669900FE70030268541470030269ED147003025A
:1066A9006B86147003026D1F147003026EB8240503
:1066B9006003027089EF60030267427B017ABC794B
:1066C9005190C9E0F0A37407F07F407E4712C2E4FD
:1066D90090C9CEE4F0A3740EF07B017AC979CE900B
:1066E900C9E0E4F0A304F07F487E5712C2E47B01BD
:1066F9007AC879D190C9E0E4F0A304F07F497E57C4
:1067090012C2E47B017AC9790090C9E0E4F0A304DC
:10671900F07F4A7E5712C2E490C9D4E075F004A410
:10672900243CF974C835F0FA7B0190C9E0E4F0A380
:1067390004F07F507E4702708690C9D4E0640160FE
:10674900030267CB7B017ABC795190C9E0F0A3744D
:1067590007F07F407E4712C2E490C9CEE4F0A374EB
:106769000EF07B017AC979CE90C9E0E4F0A304F078
:106779007F487E5712C2E47B017AC879D190C9E07B
:10678900E4F0A304F07F497E5712C2E47B017AC981
:10679900790090C9E0E4F0A304F07F4A7E5712C261
:1067A900E490C9D4E075F004A4243CF974C835F028
:1067B900FA7B0190C9E0E4F0A304F07F507E470220
:1067C900708690C9D4E0640260030270897B017A03
:1067D900BC795190C9E0F0A37407F07F407E47125D
:1067E900C2E490C9CEE4F0A3740EF07B017AC979B2
:1067F900CE90C9E0E4F0A304F07F487E5712C2E4CA
:106809007B017AC879D190C9E0E4F0A304F07F490B
:106819007E5712C2E47B017AC9790090C9E0E4F09D
:10682900A304F07F4A7E5712C2E490C9D4E075F000
:1068390004A4243CF974C835F0FA7B0190C9E0E45A
:10684900F0A304F07F507E4702708690C9D4E060BF
:10685900030268DB7B017ABC791990C9E0F0A37463
:1068690007F07F407E4712C2E490C9CEE4F0A374DA
:106879000EF07B017AC979CE90C9E0E4F0A304F067
:106889007F487E5712C2E47B017AC879D190C9E06A
:10689900E4F0A304F07F497E5712C2E47B017AC970
:1068A900790090C9E0E4F0A304F07F4A7E5712C250
:1068B900E490C9D4E075F004A4243CF974C835F017
:1068C900FA7B0190C9E0E4F0A304F07F507E47020F
:1068D900708690C9D4E0640160030269647B017A1F
:1068E900BC791990C9E0F0A37407F07F407E471284
:1068F900C2E490C9CEE4F0A3740EF07B017AC979A1
:10690900CE90C9E0E4F0A304F07F487E5712C2E4B8
:106919007B017AC879D190C9E0E4F0A304F07F49FA
:106929007E5712C2E47B017AC9790090C9E0E4F08C
:10693900A304F07F4A7E5712C2E490C9D4E075F0EF
:1069490004A4243CF974C835F0FA7B0190C9E0E449
:10695900F0A304F07F507E4702708690C9D4E064AA
:106969000260030270897B017ABC791990C9E0F051
:10697900A37407F07F407E4712C2E490C9CEE4F0C9
:10698900A3740EF07B017AC979CE90C9E0E4F0A333
:1069990004F07F487E5712C2E47B017AC879D1900E
:1069A900C9E0E4F0A304F07F497E5712C2E47B01F9
:1069B9007AC9790090C9E0E4F0A304F07F4A7E57D0
:1069C90012C2E490C9D4E075F004A4243CF974C857
:1069D90035F0FA7B0190C9E0E4F0A304F07F507E22
:1069E9004702708690C9D4E06003026A747B017A19
:1069F900BB79B990C9E0F0A37408F07F407E4712D3
:106A0900C2E490C9CEE4F0A37410F07B017AC9798D
:106A1900CE90C9E0E4F0A304F07F487E5712C2E4A7
:106A29007B017AC879D190C9E0E4F0A304F07F49E9
:106A39007E5712C2E47B017AC9790090C9E0E4F07B
:106A4900A304F07F4A7E5712C2E490C9D4E075F0DE
:106A590004A4243CF974C835F0FA7B0190C9E0E438
:106A6900F0A304F07F507E4702708690C9D4E06499
:106A7900016003026AFD7B017ABB79B990C9E0F034
:106A8900A37408F07F407E4712C2E490C9CEE4F0B7
:106A9900A37410F07B017AC979CE90C9E0E4F0A320
:106AA90004F07F487E5712C2E47B017AC879D190FD
:106AB900C9E0E4F0A304F07F497E5712C2E47B01E8
:106AC9007AC9790090C9E0E4F0A304F07F4A7E57BF
:106AD90012C2E490C9D4E075F004A4243CF974C846
:106AE90035F0FA7B0190C9E0E4F0A304F07F507E11
:106AF9004702708690C9D4E0640260030270897B02
:106B0900017ABB79B990C9E0F0A37408F07F407E9F
:106B19004712C2E490C9CEE4F0A37410F07B017A65
:106B2900C979CE90C9E0E4F0A304F07F487E5712FA
:106B3900C2E47B017AC879D190C9E0E4F0A304F0FA
:106B49007F497E5712C2E47B017AC9790090C9E076
:106B5900E4F0A304F07F4A7E5712C2E490C9D4E05E
:106B690075F004A4243CF974C835F0FA7B0190C986
:106B7900E0E4F0A304F07F507E4702708690C9D408
:106B8900E06003026C0D7B017ABB795590C9E0F096
:106B9900A37407F07F407E4712C2E490C9CEE4F0A7
:106BA900A3740EF07B017AC979CE90C9E0E4F0A311
:106BB90004F07F487E5712C2E47B017AC879D190EC
:106BC900C9E0E4F0A304F07F497E5712C2E47B01D7
:106BD9007AC9790090C9E0E4F0A304F07F4A7E57AE
:106BE90012C2E490C9D4E075F004A4243CF974C835
:106BF90035F0FA7B0190C9E0E4F0A304F07F507E00
:106C09004702708690C9D4E064016003026C967BE8
:106C1900017ABB795590C9E0F0A37407F07F407EF3
:106C29004712C2E490C9CEE4F0A3740EF07B017A56
:106C3900C979CE90C9E0E4F0A304F07F487E5712E9
:106C4900C2E47B017AC879D190C9E0E4F0A304F0E9
:106C59007F497E5712C2E47B017AC9790090C9E065
:106C6900E4F0A304F07F4A7E5712C2E490C9D4E04D
:106C790075F004A4243CF974C835F0FA7B0190C975
:106C8900E0E4F0A304F07F507E4702708690C9D4F7
:106C9900E0640260030270897B017ABB795590C96F
:106CA900E0F0A37407F07F407E4712C2E490C9CE9A
:106CB900E4F0A3740EF07B017AC979CE90C9E0E4BF
:106CC900F0A304F07F487E5712C2E47B017AC879A9
:106CD900D190C9E0E4F0A304F07F497E5712C2E4E1
:106CE9007B017AC9790090C9E0E4F0A304F07F4AF6
:106CF9007E5712C2E490C9D4E075F004A4243CF98B
:106D090074C835F0FA7B0190C9E0E4F0A304F07F80
:106D1900507E4702708690C9D4E06003026DA67B5D
:106D2900017ABC79C590C9E0F0A37405F07F407E73
:106D39004712C2E490C9CEE4F0A3740AF07B017A49
:106D4900C979CE90C9E0E4F0A304F07F487E5712D8
:106D5900C2E47B017AC879D190C9E0E4F0A304F0D8
:106D69007F497E5712C2E47B017AC9790090C9E054
:106D7900E4F0A304F07F4A7E5712C2E490C9D4E03C
:106D890075F004A4243CF974C835F0FA7B0190C964
:106D9900E0E4F0A304F07F507E4702708690C9D4E6
:106DA900E064016003026E2F7B017ABC79C590C94A
:106DB900E0F0A37405F07F407E4712C2E490C9CE8B
:106DC900E4F0A3740AF07B017AC979CE90C9E0E4B2
:106DD900F0A304F07F487E5712C2E47B017AC87998
:106DE900D190C9E0E4F0A304F07F497E5712C2E4D0
:106DF9007B017AC9790090C9E0E4F0A304F07F4AE5
:106E09007E5712C2E490C9D4E075F004A4243CF979
:106E190074C835F0FA7B0190C9E0E4F0A304F07F6F
:106E2900507E4702708690C9D4E064026003027004
:106E3900897B017ABC79C590C9E0F0A37405F07F1C
:106E4900407E4712C2E490C9CEE4F0A3740AF07BF5
:106E5900017AC979CE90C9E0E4F0A304F07F487EB5
:106E69005712C2E47B017AC879D190C9E0E4F0A352
:106E790004F07F497E5712C2E47B017AC9790090F8
:106E8900C9E0E4F0A304F07F4A7E5712C2E490C936
:106E9900D4E075F004A4243CF974C835F0FA7B01F8
:106EA90090C9E0E4F0A304F07F507E470270869019
:106EB900C9D4E06003026F3F7B017ABE799190C922
:106EC900E0F0A37405F07F407E4712C2E490C9CE7A
:106ED900E4F0A3740AF07B017AC979CE90C9E0E4A1
:106EE900F0A304F07F487E5712C2E47B017AC87987
:106EF900D190C9E0E4F0A304F07F497E5712C2E4BF
:106F09007B017AC9790090C9E0E4F0A304F07F4AD3
:106F19007E5712C2E490C9D4E075F004A4243CF968
:106F290074C835F0FA7B0190C9E0E4F0A304F07F5E
:106F3900507E4702708690C9D4E064016003026FF5
:106F4900C87B017ABE799190C9E0F0A37405F07FFE
:106F5900407E4712C2E490C9CEE4F0A3740AF07BE4
:106F6900017AC979CE90C9E0E4F0A304F07F487EA4
:106F79005712C2E47B017AC879D190C9E0E4F0A341
:106F890004F07F497E5712C2E47B017AC9790090E7
:106F9900C9E0E4F0A304F07F4A7E5712C2E490C925
:106FA900D4E075F004A4243CF974C835F0FA7B01E7
:106FB90090C9E0E4F0A304F07F507E470270869008
:106FC900C9D4E0640260030270897B017ABE7991B9
:106FD90090C9E0F0A37405F07F407E4712C2E490A7
:106FE900C9CEE4F0A3740AF07B017AC979CE90C9BD
:106FF900E0E4F0A304F07F487E5712C2E47B017AF3
:10700900C879D190C9E0E4F0A304F07F497E571212
:10701900C2E47B017AC9790090C9E0E4F0A304F0E5
:107029007F4A7E5712C2E490C9D4E075F004A424C3
:107039003CF974C835F0FA7B0190C9E0E4F0A30487
:07704900F07F507E47803606
:10705000E490C9D9F0A3F090C9D5E0FEA3E0FF7B8E
:10706000017AC979D990C9E0E4F0A304F012C2E42E
:1070700090C9D7E0FEA3E0FF7B017AC979D990C916
:09708000E0E4F0A304F012C2E404
:0970890090C9D4E004F002631C7C
:0170920022DB
:0ED78C0090C9C8EEF0A3EFF0A3ECF0A3EDF00F
:10D79A0090C889E0FFC39403503E90C9C8E0FCA337
:10D7AA00E0FDEF25E025E0243AF582E434C8F5836C
:10D7BA00ECF0A3EDF090C9CAE0FCA3E0FDEF25E090
:10D7CA0025E0243CF582E434C8F583ECF0A3EDF0BF
:10D7DA0090C889E004F08072E490C9CCF0A3F0907C
:10D7EA00C9CCE0FEA3E0FFC39402EE6480948050AB
:10D7FA003BEF7802C333CE33CED8F9FF243EF97417
:10D80A00C83EFA7B01C001743A2FF974C83EA801D8
:10D81A00FC7D01D0017E007F0412AB0790C9CDE0E8
:10D82A0004F070BB90C9CCE004F080B390C9C8E0A2
:10D83A00FFA3E090C842CFF0A3EFF090C9CAE0FF7F
:0DD84A00A3E090C844CFF0A3EFF0026311FB
:10EFEF00E490C889F0FFEF25E025E0243AF582E4AC
:10EFFF0034C8F583E4F0A3F0EF25E025E0243CF5D9
:10F00F0082E434C8F583E4F0A3F00FEFB403D70222
:02F01F0063117B
:10D21B0090C76BF0A3F090C760F090C80EE0FEA330
:10D22B00E0FF7C007D0A12ABA7AA06AB0790C8569D
:10D23B00E0FEA3E0FF7D6412ABA7EF2BFFEE3AFEFF
:10D24B0090C895E02FFF90C894E03E90C9A4F0A33E
:0ED25B00EFF07F0090C9A4E0FCA3E0FD7E810F
:10D2690090C9C4EEF0A3EFF0A3ECF0A3EDF090C7E2
:10D279006FEEF0A3EFF090C8C9ECF0A3EDF090C801
:10D28900A27401F0FB7AC879C990C9E0E4F0A3045B
:10D29900F012C2E47DBC7C027F0612F09690C9C4EC
:10D2A900E0FEA3E08EF012AF07D2CE8100D2E68174
:10D2B90002D30A8104D2FE8106D2DA8108D2F28130
:10D2C9000A0000D31990C9C6E0FCA3E0FD7F0180E4
:10D2D9003A90C9C6E0FCA3E0FD7F02802E90C9C642
:10D2E900E0FCA3E0FD7F03802290C9C6E0FCA3E037
:10D2F900FD7F04801690C9C6E0FCA3E0FD7F058090
:10D309000A90C9C6E0FCA3E0FD7F067E0012D78C17
:01D3190022F1
:0CF39300E490C8A2F090C814F0A3F0228F
:10E4EE0090C8A2E060637F0612F344EF605B90C7B2
:10E4FE006FE0FEA3E0FF7B017AC8790A90C9CDE4F4
:10E50E00F0A304F012BDBF90C80AE0FEA3E0FF9096
:10E51E00C8C9E0FCA3E0FDB50707ECB5060302F39E
:10E52E0093C390C815E0940290C814E0940050195B
:10E53E0090C76FE0FEA3E0FF12D26990C815E00409
:0AE54E00F0700690C814E004F022FB
:06F3A800E490C803F0220E
:10CECE0090C9C4ECF0A3EDF0EE600302CFECEF24BA
:10CEDE00FE606A14606B14700302CFB1240360030A
:10CEEE0002CFEC90C9C4E0FEA3E0FFEE703DEF145C
:10CEFE006019146026240270327F037E1012F1A393
:10CF0E007F137E1012F1A37F33805C7F037E10129D
:10CF1E00F1A37F137E1012F1BE801E7F037E1012CE
:10CF2E00F1BE7F137E1012F1A3800E7F037E1012CE
:10CF3E00F1A37F137E1012F1A37F3380627F5380A3
:10CF4E002690C9C4E0FEA3E0FFEE7043EF14601B11
:10CF5E0014602A240270387F637E1012F1A37F734F
:10CF6E007E1012F1A37F837E1080627F637E10128B
:10CF7E00F1A37F737E1012F1BE7F8380227F637ECA
:10CF8E001012F1BE7F737E1012F1A37F8380107F8B
:10CF9E00637E1012F1A37F737E1012F1A37F837E46
:10CFAE0010803890C9C4E0FEA3E0FFEE7022EF14AB
:10CFBE00601004701B7F137E1112F1BE7F337E1141
:10CFCE0080197F137E1112F1A37F337E1102F1BE01
:0FCFDE007F137E1112F1A37F337E1112F1A32274
:109F390090C9C4ECF0A3EDF0EE600302A4DDEF12CA
:109F4900AEE19F7910A06D11A13312A1B013A2AA9D
:109F590014A37015A3ED16A492179FF033A0D03463
:109F6900A22D35A30D36A44037A4B7380000A4DDCF
:109F790090C9C4E07002A3E070177F537E1112F1FB
:109F8900887F637E1112F1887F737E1112F1BE8082
:109F99004290C9C4E07004A3E0640170107F537E4D
:109FA9001112F1887F637E1112F1BE801F90C9C41E
:109FB900E07004A3E064027F537E11700512F1BEC4
:109FC900800312F1887F637E1112F1887F737E11FD
:109FD90012F18890C9C4E07004A3E0640370047DA1
:109FE900018079E4FD807590C9C4E07002A3E07036
:109FF900177F537E1112F1887F637E1112F1887FDA
:10A00900737E1112F1BE804290C9C4E07004A3E0CE
:10A01900640170107F537E1112F1887F637E1112E3
:10A02900F1BE801F90C9C4E07004A3E064027F53AD
:10A039007E11700512F1BE800312F1887F637E11D3
:10A0490012F1887F737E1112F18890C9C4E07004FF
:10A05900A3E0640370047D018002E4FDFC7F807E3F
:10A069002102A4DA90C9C4E07002A3E070107F93C2
:10A079007E1112F1887F037E1212F1BE802F90C9E2
:10A08900C4E07004A3E0640170097F937E1112F1AA
:10A09900BE801390C9C4E07004A3E06402700E7F0F
:10A0A900937E1112F1887F037E1212F18890C9C440
:10A0B900E07004A3E0640270047D018002E4FDFC09
:10A0C9007F107E2202A4DA90C9C4E07002A3E07076
:10A0D900107F937E1112F1887F037E1212F1BE80E8
:10A0E9002F90C9C4E07004A3E0640170097F937ED6
:10A0F9001112F1BE801390C9C4E07004A3E0640298
:10A10900700E7F937E1112F1887F037E1212F188FF
:10A1190090C9C4E07004A3E0640270047D01800268
:10A12900E4FDFC7F107E2202A4DA90C9C4E070022B
:10A13900A3E070177F237E1212F1887F837E90122D
:10A14900F1887F937E9012F1BE804290C9C4E0707D
:10A1590004A3E0640170107F237E1212F1887F83CB
:10A169007E9012F1BE801F90C9C4E07004A3E06420
:10A17900027F237E12700512F1BE800312F1887FDF
:10A18900837E9012F1887F937E9012F18890C9C4E2
:10A19900E07004A3E0640370047D018002E4FDFC27
:10A1A9007F307E3902A4DA90C9C4E07002A3E0705E
:10A1B900177F637E1212F1887F737E1212F1887FF6
:10A1C900837E1212F1BE804290C9C4E07004A3E0FC
:10A1D900640170107F637E1212F1887F737E121200
:10A1E900F1BE801F90C9C4E07004A3E064027F63DC
:10A1F9007E12700512F1BE800312F1887F737E1200
:10A2090012F1887F837E1212F18890C9C4E070042C
:10A21900A3E0640370047D018002E4FDFC7F907E6D
:10A229002202A4DA90C9C4E07002A3E070177F6328
:10A239007E1212F1887F737E1212F1887F837E125B
:10A2490012F1BE804290C9C4E07004A3E0640170B9
:10A25900107F637E1212F1887F737E1212F1BE8025
:10A269001F90C9C4E07004A3E064027F637E12708A
:10A279000512F1BE800312F1887F737E1212F188F4
:10A289007F837E1212F18890C9C4E07004A3E06450
:10A299000370047D018002E4FDFC7F907E2202A40C
:10A2A900DA90C9C4E07002A3E070107F037E131234
:10A2B900F1887413FFFE12F1BE802F90C9C4E070BB
:10A2C90004A3E0640170097F037E1312F1BE8013B9
:10A2D90090C9C4E07004A3E06402700E7F037E138A
:10A2E90012F1887413FFFE12F18890C9C4E070045A
:10A2F900A3E0640270047D018002E4FDFC7F207EFE
:10A309002302A4DA90C9C4E07002A3E070107F03AD
:10A319007E1312F1887413FFFE12F1BE802F90C9CB
:10A32900C4E07004A3E0640170097F037E1312F195
:10A33900BE801390C9C4E07004A3E06402700E7F6C
:10A34900037E1312F1887413FFFE12F18890C9C4B9
:10A35900E07004A3E0640270047D018002E4FDFC66
:10A369007F207E2302A4DA90C9C4E07002A3E070C2
:10A37900177F337E1312F1887F437E1312F1887F92
:10A38900537E1312F1BE804290C9C4E07004A3E069
:10A39900640170107F337E1312F1887F437E13129C
:10A3A900F1BE801F90C9C4E07004A3E064027F334A
:10A3B9007E13700512F1BE800312F1887F437E136C
:10A3C90012F1887F537E1312F18890C9C4E070049A
:10A3D900A3E0640370047D018002E4FDFC7F607EDC
:10A3E9002302A4DA90C9C4E07002A3E070097F7364
:10A3F9007E1312F1BE801F90C9C4E07004A3E0640B
:10A40900017F737E13700C12F1887F837E1312F122
:10A41900BE800A12F1887F837E1312F18890C9C425
:10A42900E07004A3E0640270047D018002E4FDFC95
:10A439007F907E2302A4DA90C9C4E07002A3E07081
:10A44900097F737E1312F1BE801F90C9C4E07004A6
:10A45900A3E064017F737E13700C12F1887F837E01
:10A469001312F1BE800A12F1887F837E1312F188DC
:10A4790090C9C4E07004A3E0640270047D01800205
:10A48900E4FDFC7F907E23804890C9C4E07004A35A
:10A49900E064017F037E14700912F1887D017C005C
:10A4A900800612F1BEE4FDFC7F107E24802390C952
:10A4B900C4E07004A3E064017F037E14700912F103
:10A4C900887D017C00800612F1BEE4FDFC7F107ED0
:05A4D9002412F0FC223A
:05F0F700E4FDFC7F9028
:10F0FC0090C9C6ECF0A3EDF07B017AC979C690C932
:09F10C00E0E4F0A304F002C2E407
:06EE7100E0FF90C812F062
:10EE770090C885745AF0A37401F0E4A3F0EF25E07D
:10EE87002471F582E434C7F583A3E090C888F07B4A
:10EE9700017AC8798590C9E0E4F0A37402F07F8411
:05EEA7007E0002C2E440
:05F386003EF583E0FFED
:08F38B0090C812EFF002EE77CA
:10AF5B0090C8EEE0B40900400302B2C990AF6EF89E
:10AF6B0028287302AF8902B08702B0C102B0DF029A
:10AF7B00B0FD02B1CA02B1EF02B1FF02B2B67F63FC
:10AF8B007E5012F1A37F737E5012F2927F837E501C
:10AF9B0012F2927F937E5012F2927F037E5112F245
:10AFAB00927F137E5112F2927F237E5112F2927F87
:10AFBB00337E5112F2927F437E5112F2927F537E77
:10AFCB005112F29290C8F8E0FEA3E0241AF58274B5
:10AFDB00C812F3867B017AC9790690C9E0E4F0A325
:10AFEB0004F07F707E4012C2E47B017AC97909902C
:10AFFB00C9E0E4F0A304F07F807E4012C2E47B0141
:10B00B007AC879FE90C9E0E4F0A304F07F007E419A
:10B01B0012C2E47B017AC9790390C9E0E4F0A3047E
:10B02B00F07F107E4112C2E47B017AC9793C90C952
:10B03B00E0E4F0A304F07F307E4112C2E47B017A9E
:10B04B00C9794090C9E0E4F0A304F07F407E41123F
:10B05B00C2E47B017AC9790C90C9E0E4F0A304F057
:10B06B007F607E4112C2E47B017AC9790E90C9E000
:10B07B00E4F0A304F07F707E4102C2E47F937E5123
:10B08B0012F1A37F137E5212F2927F337E5212F291
:10B09B00927F537E5212F2927F737E5212F2927F04
:10B0AB00937E5212F29290C8F8E0FEA3E02481F551
:10B0BB008274C802B2C67F437E5312F1A37453FF4E
:10B0CB00FE12F29290C8F8E0FEA3E0248EF5827493
:10B0DB00C802B2C67F737E5312F1A37F837E5312D5
:10B0EB00F29290C8F8E0FEA3E0246DF58274C802DA
:10B0FB00B2C67B017AC9791490C9E0E4F0A304F0DD
:10B10B007F307E4412C2E47B017AC9791A90C9E080
:10B11B00E4F0A304F07F407E4412C2E47B017AC9C1
:10B12B00792190C9E0E4F0A304F07F507E4412C271
:10B13B00E47B017AC9792390C9E0E4F0A304F07FA2
:10B14B00707E4412C2E47B017AC9793990C9E0E47C
:10B15B00F0A304F07F807E4412C2E47B017AC979AC
:10B16B003E90C9E0E4F0A304F07F907E4412C2E469
:10B17B007B017AC9791290C9E0E4F0A304F07F1047
:10B18B007E4512C2E47B017AC9791890C9E0E4F0DC
:10B19B00A304F07F207E4512C2E47B017AC9791F9C
:10B1AB0090C9E0E4F0A304F07F307E4512C2E49036
:10B1BB00C8F8E0FEA3E024C1F58274C802B2C67FD2
:10B1CB00537E5512F1A37F637E5512F2927F737EED
:10B1DB005512F29290C8F8E0FEA3E02436F5827483
:10B1EB00C802B2C690C8F8E0FEA3E024B7F582749B
:10B1FB00C802B2C67F937E5512F1A37F037E56120F
:10B20B00F2927F137E5612F2927F237E5612F292A7
:10B21B007F337E5612F2927F437E5612F2927B015F
:10B22B007AC879E490C9E0E4F0A304F07F907E45FE
:10B23B0012C2E47B017AC879E690C9E0E4F0A3047A
:10B24B00F07F007E4612C2E47B017AC879E890C990
:10B25B00E0E4F0A304F07F107E4612C2E47B017A97
:10B26B00C879EA90C9E0E4F0A304F07F207E46128F
:10B27B00C2E47B017AC879EC90C9E0E4F0A304F056
:10B28B007F307E4612C2E47B017AC879F090C9E028
:10B29B00E4F0A304F07F407E4612C2E490C8F8E0CD
:10B2AB00FEA3E02405F58274C8801012F02190C82B
:0FB2BB00F8E0FEA3E0249EF58274C812F3862209
:10E79D007F037E1012F2927F137E1012F2927F335E
:10E7AD007E1012F2927F437E1012F2927F537E10F2
:10E7BD0012F2927F637E1012F2927F737E1012F22C
:10E7CD00927F837E1012F2927F137E1112F2927F4E
:10E7DD00337E1112F2927F737E9212F292E4FDFC5F
:06E7ED00FF7E3002F0FC8B
:07E0B50090C764E0FF7E004C
:10E0BC0090C9C4EEF0A3EFF064014E70197F037E9B
:10E0CC001012F1A37F137E1012F1A37F337E101276
:10E0DC00F1A37D01803C90C9C4E07004A3E064020C
:10E0EC00700D7F437E1012F1A37F537E10804390FE
:10E0FC00C9C4E07004A3E0640370207F637E101237
:10E10C00F1A37F737E1012F1A37F837E1012F1A313
:10E11C007D027C007F007E3002F0FC90C9C4E07070
:10E12C0004A3E06404700E7F137E1112F1A37F33FD
:06E13C007E1112F1A32286
:04E99400AB07AA061D
:10E998007C007D3C12ABB990C9C8EEF0A3EFF0AE95
:10E9A80002AF037C007D3C12ABB9A3ECF0A3EDF001
:10E9B8007B017AC979C890C9E0E4F0A304F07F101C
:10E9C8007E2112C2E47B017AC979CA90C9E0E4F0D9
:0AE9D800A304F07F307E2102C2E4A8
:08E7F30090C825E0FEA3E0FF41
:04E7FB00AB07AA06B8
:10E7FF007C007D3C12ABB990C9C4EEF0A3EFF0AE34
:10E80F0002AF037C007D3C12ABB9A3ECF0A3EDF09B
:10E81F007B017AC979C490C9E0E4F0A304F07F00CA
:10E82F007E3112C2E47B017AC979C690C9E0E4F067
:0AE83F00A304F07F007E3202C2E461
:10ED770090C8247401F07F037E1112F1A37F137EE4
:10ED87001112F1A37F237E1112F1A37F337E11129B
:10ED9700F1A37B017AC8792590C9CDE4F0A304F0EB
:10EDA7007F067E8112BDBF7DE87C037F0502F0965A
:10F0B800E490C824F07F037E1112F2927F137E1130
:10F0C80012F2927F237E1112F2927F337E1102F2A6
:01F0D80092A5
:10ECF40090C824E070077F037E1102F2927F051210
:10ED0400F344EF602C90C826E024FFF090C825E07F
:10ED140034FFF012E7F6D390C826E0940090C8259B
:10ED2400E09400500302F0B87DE87C037F0512F004
:02ED3400962225
:10B2CA00E490C9C6F0A3F07B017AC8793190C9CD60
:10B2DA00F0A304F07F047E8112BDBF7B017AC97995
:10B2EA00C690C9CDE4F0A304F07F007E8112BDBFF1
:10B2FA0090C9C6E0FAA3E0FB7C007D64FFAE0212AF
:10B30A00ABB990C856EEF0A3EFF07C007D0AAF030C
:10B31A00AE0212ABB97C007D0A12ABB990C80EEC32
:10B32A00F0A3EDF090C9C6E0FEA3E0FF7C007D0A21
:10B33A0012ABB990C894ECF0A3EDF07B017AC8790E
:10B34A005690C9E0E4F0A304F07F007E2012C2E424
:10B35A007B017AC8790E90C9E0E4F0A304F07F106B
:10B36A007E2012C2E47B017AC8799490C9E0E4F0A5
:10B37A00A304F07F307E2012C2E47B017AC879569A
:10B38A0090C9E0E4F0A304F07F507E2112C2E47B6E
:10B39A00017AC8790E90C9E0E4F0A304F07F607ED8
:10B3AA002112C2E47B017AC8799490C9E0E4F0A33F
:10B3BA0004F07F707E2112C2E47B017AC979C690BB
:10B3CA00C9CDE4F0A304F07F027E8112BDBF90C90B
:10B3DA00C6E0FAA3E0FB7C007D64FFAE0212ABB9C3
:10B3EA0090C829EEF0A3EFF07C007D0AAF03AE020D
:10B3FA0012ABB97C007D0A12ABB990C8C3ECF0A3BA
:10B40A00EDF090C9C6E0FEA3E0FF7C007D0A12AB16
:10B41A00B990C87FECF0A3EDF07B017AC879299046
:10B42A00C9E0E4F0A304F07F607E2012C2E47B014D
:10B43A007AC879C390C9E0E4F0A304F07F707E2053
:10B44A0012C2E47B017AC8797F90C9E0E4F0A304D0
:10B45A00F07F807E2012C2E47B017AC8792990C9E4
:10B46A00E0E4F0A304F07F607E2212C2E47B017A5A
:10B47A00C879C390C9E0E4F0A304F07F707E221279
:10B48A00C2E47B017AC8797F90C9E0E4F0A304F0B2
:10B49A007F807E2212C2E47B017AC8793390C9CDBB
:10B4AA00E4F0A304F07F067E8112BDBF90C833E0AA
:10B4BA00FEA3E0FF12E99490C9C6E0FAA3E0FB7C80
:10B4CA00007D3CFFAE0212ABB990C871EEF0A3EF5B
:10B4DA00F07C007D3CAF03AE0212ABB990C801EC20
:10B4EA00F0A3EDF07B017AC8797190C9E0E4F0A38A
:10B4FA007402F07F107E2112C2E47B017AC87901BE
:10B50A0090C9E0E4F0A37402F07F207E2112C2E425
:10B51A007B017AC8797190C9E0E4F0A37402F07FE4
:10B52A00707E2312C2E47B017AC8790190C9E0E4F3
:10B53A00F0A37402F07F807E2312C2E47B017AC9F1
:10B54A0079C690C9CDE4F0A304F07F087E8112BDCC
:10B55A00BF90C9C6E0FAA3E0FB7C007D0AFFAE02F9
:10B56A0012ABB97C007D0A12ABB990C8C7ECF0A344
:10B57A00EDF07C007D0AAF03AE0212ABB990C8832E
:10B58A00ECF0A3EDF07B017AC879C790C9E0E4F04A
:10B59A00A37402F07F907E2112C2E47B017AC879FB
:10B5AA008390C9E0E4F0A37402F07F007E2212C205
:10B5BA00E47B017AC979C690C9CDE4F0A304F07F8F
:10B5CA000A7E8112BDBF90C9C6E0FAA3E0FB7C00E7
:10B5DA007D0AFFAE0212ABB97C007D0A12ABB990AC
:10B5EA00C8B5ECF0A3EDF07C007D0AAF03AE021201
:10B5FA00ABB990C838ECF0A3EDF07B017AC879C7F3
:10B60A0090C9E0E4F0A37402F07F007E2312C2E442
:10B61A007B017AC8798390C9E0E4F0A37402F07FD1
:0DB62A00107E2312C2E47F737E9202F29222
:0801000090C9A0EEF0A3EFF09E
:10010800E4A3F0A3F0A3F0A3F090C75EE0600DE4D1
:10011800FF12F344EF6005E490C75EF090C9A0E0D9
:10012800FEA3E0FF64014E6006EF64024E70099082
:10013800C75EE060030243B47B017AC7796D90C95A
:10014800CDE4F0A304F07F0C7E8012BDBF90C76D94
:10015800A3E0FF7C0030E0047D0180027D0090C9AF
:10016800A6ECF0A3EDF0EF7E0030E1047F01800201
:100178007F0090C9A8EEF0A3EFF090C76DA3E0FF51
:100188007C0030E2047D0180027D0090C9B8ECF06B
:10019800A3EDF0EF7E0030E3047F0180027F009042
:1001A800C9BAEEF0A3EFF090C76DA3E0FF7C003072
:1001B800E4047D0180027D0090C9BCECF0A3EDF061
:1001C800EF7E0030E7047F0180027F0090C9AAEE2D
:1001D800F0A3EFF090C76DE0FEEE7C0030E4047D04
:1001E8000180027D0090C9ACECF0A3EDF0EE7E003A
:1001F80030E0047F0180027F0090C9AEEEF0A3EFEB
:10020800F090C76DA3E0FF7C0030E5047D0180021B
:100218007D0090C9B0ECF0A3EDF0EF7E0030E6046D
:100228007F0180027F0090C9B2EEF0A3EFF090C783
:100238006DE0FEEE7C0030E1047D0180027D0090DF
:10024800C9B4ECF0A3EDF0EE7E0030E2047F01804B
:10025800027F0090C9B6EEF0A3EFF090C76DE0FE04
:10026800EE7C0030E3047D0180027D0090C9BEEC85
:10027800F0A3EDF0EE7E0030E5047F0180027F0000
:1002880090C9C0EEF0A3EFF090C9B0E07004A3E00D
:040298006401700B82
:09029C0090C9C274C0F0A37444BF
:1002A500801D90C9B4E07004A3E0640190C9C270D8
:0102B5000840
:0602B6007405F0A3741CA6
:0202BC008006BA
:1002BE0074CEF0A37459F07B017AC979C290C9E06B
:0C02CE00E4F0A304F07F237E1412C2E4CD
:0C02DA0090C9B2E07004A3E06401700B56
:0902E60090C9C274C0F0A3744475
:1002EF00801D90C9B6E07004A3E0640190C9C2708C
:0102FF0008F6
:060300007405F0A3741C5B
:0203060080066F
:1003080074CEF0A37459F07B017AC979C290C9E020
:0C031800E4F0A304F07F337E1412C2E472
:1003240090C9AEE07004A3E06401700F90C8C0E00F
:10033400700912ED7790C8C07401F090C812E0B44F
:10034400182990C807E07002A3E0701F7B017AC8E7
:10035400792590C9CDF0A304F07F067E8112BDBF3C
:1003640012E7F390C807E4F0A304F090C9A6E07084
:1003740004A3E06401600302042C90C82FE070041D
:10038400A3E06401600302042C90C81CE0FF12F394
:100394008B7B017AC979A490C9CDE4F0A304F07FE2
:1003A400067E8112BDBF90C9A4E0FAA3E0FB7C00E5
:1003B4007D3CFFAE0212ABB990C871EEF0A3EFF032
:1003C4007C007D3CAF03AE0212ABB990C801ECF0E7
:1003D400A3EDF07B017AC8797190C9E0E4F0A3043D
:1003E400F07F107E2112C2E47B017AC8790190C9A2
:1003F400E0E4F0A304F07F307E2112C2E4E490C76D
:1004040063F090C75FF0A3F090C76BF0A3F090C7C0
:1004140064F090C82FF0A3F090C8C0F090C807F023
:10042400A3F012F0B80204E590C9AAE07004A3E0B6
:100434006401602690C9B2E07004A3E06401601A0C
:1004440090C9B0E07004A3E064017002800C90C90C
:10045400AEE07004A3E06401703012E79D90C82FF1
:10046400E4F0A304F090C813E0FF12F38BE490C708
:1004740063F090C75FF0A3F090C76BF0A3F090C750
:1004840064F090C82BF0A3F0805790C9B6E07004D4
:10049400A3E06401600C90C9B4E07004A3E06401BB
:1004A400703F12E79D90C80CE0FF12F38B12F0B876
:1004B40090C825E07004A3E06401700990C825F099
:1004C400A3F012E7F3E490C763F090C75FF0A3F0E2
:1004D40090C76BF0A3F090C764F090C82FF0A3040A
:1004E400F090C9A0E0FEA3E0FFEE60030243B4EF86
:1004F40024FE7003021C7B1470030234371470034F
:10050400024261240360030243B490C76BE07004A9
:10051400A3E064016003021A1D90C8F8E0FEA3E0A2
:1005240024BBF58274C83EF583E0FF90C812E06FE7
:10053400600302077E90C760E060030205EE90C886
:1005440094E0FEA3E0FF90C9A2EEF0A3EFF04E709A
:100554000A90C894F0A37409F0800E90C895E02422
:10056400FFF090C894E034FFF090C80EE0FEA3E0E2
:10057400FF7C007D0A12ABA7AA06AB0790C856E021
:10058400FEA3E0FF7D6412ABA7EF2BFFEE3AFE90D3
:10059400C895E02FFF90C894E03E90C9A4F0A3EF63
:1005A400F090C909E0FEA3E0FF90C9A4E0FCA3E039
:1005B400FDD39FEC9E501190C906E0FEA3E0FFC35B
:1005C400ED9FEC9E4002800F90C9A2E0FFA3E09053
:1005D400C894CFF0A3EFF07B017AC8799490C9E076
:1005E400E4F0A304F07F7002193E90C760E0640158
:1005F40060030206B690C80EE0FEA3E0FF90C9A215
:10060400EEF0A3EFF04E700A90C80EF0A37409F058
:10061400800E90C80FE024FFF090C80EE034FFF085
:1006240090C80EE0FEA3E0FF7C007D0A12ABA7AAEF
:1006340006AB0790C856E0FEA3E0FF7D6412ABA7AB
:10064400EF2BFFEE3AFE90C895E02FFF90C894E0A0
:100654003E90C9A4F0A3EFF090C909E0FEA3E0FF27
:1006640090C9A4E0FCA3E0FDD39FEC9E502290C966
:1006740006E0FEA3E0FFC3ED9FEC9E40137B017AEE
:10068400C8790E90C9E0E4F0A304F07F6002193E3B
:1006940090C9A2E0FFA3E090C80ECFF0A3EFF07BD7
:1006A400017AC8790E90C9E0E4F0A304F07F6002F7
:1006B400193E90C760E06402600302342890C85673
:1006C400E0FEA3E0FF90C9A2EEF0A3EFF04E700AA3
:1006D40090C856F0A37402F0800E90C857E024FF2F
:1006E400F090C856E034FFF090C80EE0FEA3E0FF9F
:1006F4007C007D0A12ABA7AA06AB0790C856E0FEA1
:10070400A3E0FF7D6412ABA7EF2BFFEE3AFE90C887
:1007140095E02FFF90C894E03E90C9A4F0A3EFF0B9
:1007240090C909E0FEA3E0FF90C9A4E0FCA3E0FDAA
:10073400D39FEC9E502290C906E0FEA3E0FFC3EDD8
:100744009FEC9E40137B017AC8795690C9E0E4F08F
:10075400A304F07F5002193E90C9A2E0FFA3E090E9
:10076400C856CFF0A3EFF07B017AC8795690C9E060
:10077400E4F0A304F07F5002193E90C8F8E0FEA311
:10078400E024C5F58274C83EF583E0FF90C812E00A
:100794006F60030208D690C760E0600302083290DD
:1007A400C883E0FEA3E0FF90C9A2EEF0A3EFF04EF1
:1007B400700A90C883F0A37409F0800E90C884E096
:1007C40024FFF090C883E034FFF090C8C7E0FEA394
:1007D400E0FF7C007D0A12ABA790C884E02FFF9055
:1007E400C883E03E90C9A4F0A3EFF090C9A4E0FE52
:1007F400A3E0FFD39450EE9400501BEF9400EE94CA
:100804000040137B017AC8798390C9E0E4F0A30423
:10081400F07F0002193E90C9A2E0FFA3E090C883D4
:10082400CFF0A3EFF07B017AC8798302099590C7D2
:1008340060E06401600302342890C8C7E0FEA3E0CE
:10084400FF90C9A2EEF0A3EFF04E700A90C8C7F073
:10085400A37408F0800E90C8C8E024FFF090C8C7C5
:10086400E034FFF090C8C7E0FEA3E0FF7C007D0AFF
:1008740012ABA790C884E02FFF90C883E03E90C9D4
:10088400A4F0A3EFF090C9A4E0FEA3E0FFD394503A
:10089400EE9400501BEF9400EE940040137B017A19
:1008A400C879C790C9E0E4F0A304F07F9002193E30
:1008B40090C9A2E0FFA3E090C8C7CFF0A3EFF07BFC
:1008C400017AC879C790C9E0E4F0A304F07F9002EC
:1008D400193E90C81DE0FF90C812E06F6003020B40
:1008E4003090C760E060030209A290C765E0FEA3F0
:1008F400E0FF90C9A2EEF0A3EFF04E700A90C76536
:10090400F0A37402F0800E90C766E024FFF090C755
:1009140065E034FFF090C767E0FEA3E0FF7C007D54
:100924000A12ABA7AA06AB0790C765E0FEA3E0FFD7
:100934007D6412ABA7EF2BFFEE3AFE90C76AE02F5F
:10094400FF90C769E03E90C9A4F0A3EFF090C9A45A
:10095400E0FEA3E0FFD39432EE9400501FEF940026
:10096400EE9400401790C765E0FFA3E090C8A7CFBE
:10097400F0A3EFF07B017AC77965801590C9A2E0F6
:10098400FFA3E090C765CFF0A3EFF07B017AC779AE
:100994006590C9E0E4F0A304F07F00020D9E90C7C7
:1009A40060E064016003020A6C90C767E0FEA3E0A4
:1009B400FF90C9A2EEF0A3EFF04E700A90C767F063
:1009C400A37405F0800E90C768E024FFF090C76719
:1009D400E034FFF090C767E0FEA3E0FF7C007D0AEF
:1009E40012ABA7AA06AB0790C765E0FEA3E0FF7DA4
:1009F4006412ABA7EF2BFFEE3AFE90C76AE02FFF1D
:100A040090C769E03E90C9A4F0A3EFF090C9A4E0B8
:100A1400FEA3E0FFD39432EE9400502AEF9400EE4C
:100A24009400402290C767E0FFA3E090C85DCFF038
:100A3400A3EFF07B017AC7796790C9E0E4F0A304DF
:100A4400F07F10020D9E90C9A2E0FFA3E090C7675B
:100A5400CFF0A3EFF07B017AC7796790C9E0E4F0A7
:100A6400A304F07F10020D9E90C760E0640260034F
:100A740002342890C769E0FEA3E0FF90C9A2EEF01B
:100A8400A3EFF04E700A90C769F0A37409F0800ECA
:100A940090C76AE024FFF090C769E034FFF090C784
:100AA40067E0FEA3E0FF7C007D0A12ABA7AA06ABB9
:100AB4000790C765E0FEA3E0FF7D6412ABA7EF2BB0
:100AC400FFEE3AFE90C769E0FCA3E0FD2FFFEC3E89
:100AD40090C9A4F0A3EFF090C9A4E0FEA3E0FFD373
:100AE4009432EE94005023EF9400EE9400401B9057
:100AF400C84AECF0A3EDF07B017AC7796990C9E0AC
:100B0400E4F0A304F07F20020D9E90C9A2E0FFA3AD
:100B1400E090C769CFF0A3EFF07B017AC7796990C1
:100B2400C9E0E4F0A304F07F20020D9E90C8F8E031
:100B3400FEA3E024A0F58274C83EF583E0FF90C8CC
:100B440012E06F6003020DA390C760E06003020C23
:100B54001290C87FE0FEA3E0FF90C9A2EEF0A3EFDD
:100B6400F04E700A90C87FF0A37409F0800E90C80C
:100B740080E024FFF090C87FE034FFF090C8C3E029
:100B8400FEA3E0FF7C007D0A12ABA7AA06AB079088
:100B9400C829E0FEA3E0FF7D6412ABA7EF2BFFEEB4
:100BA4003AFE90C880E02FFF90C87FE03E90C9A431
:100BB400F0A3EFF090C903E0FEA3E0FF90C9A4E026
:100BC400FCA3E0FDD39FEC9E502290C8FEE0FEA360
:100BD400E0FFC3ED9FEC9E40137B017AC8797F90C0
:100BE400C9E0E4F0A304F07F80020D9E90C9A2E066
:100BF400FFA3E090C87FCFF0A3EFF07B017AC87920
:100C04007F90C9E0E4F0A304F07F80020D9E90C7BA
:100C140060E064016003020CDA90C8C3E0FEA3E064
:100C2400FF90C9A2EEF0A3EFF04E700A90C8C3F093
:100C3400A37409F0800E90C8C4E024FFF090C8C3E8
:100C4400E034FFF090C8C3E0FEA3E0FF7C007D0A1F
:100C540012ABA7AA06AB0790C829E0FEA3E0FF7D6C
:100C64006412ABA7EF2BFFEE3AFE90C880E02FFF93
:100C740090C87FE03E90C9A4F0A3EFF090C903E0D0
:100C8400FEA3E0FF90C9A4E0FCA3E0FDD39FEC9E8B
:100C9400502290C8FEE0FEA3E0FFC3ED9FEC9E400F
:100CA400137B017AC879C390C9E0E4F0A304F07F10
:100CB40070020D9E90C9A2E0FFA3E090C8C3CFF0DC
:100CC400A3EFF07B017AC879C390C9E0E4F0A304F0
:100CD400F07F70020D9E90C760E0640260030234EE
:100CE4002890C829E0FEA3E0FF90C9A2EEF0A3EF8C
:100CF400F04E700A90C829F0A37402F0800E90C8D8
:100D04002AE024FFF090C829E034FFF090C8C3E043
:100D1400FEA3E0FF7C007D0A12ABA7AA06AB0790F6
:100D2400C829E0FEA3E0FF7D6412ABA7EF2BFFEE22
:100D34003AFE90C880E02FFF90C87FE03E90C9A49F
:100D4400F0A3EFF090C903E0FEA3E0FF90C9A4E094
:100D5400FCA3E0FDD39FEC9E502190C8FEE0FEA3CF
:100D6400E0FFC3ED9FEC9E40127B017AC879299085
:100D7400C9E0E4F0A304F07F60801F90C9A2E0FF03
:100D8400A3E090C829CFF0A3EFF07B017AC87929BA
:100D940090C9E0E4F0A304F07F607E22021A179069
:100DA400C8F8E0FEA3E024B9F58274C83EF583E0F8
:100DB400FF90C812E06F6003020F0D90C760E060FF
:100DC40003020E6590C838E0FEA3E0FF90C9A2EECE
:100DD400F0A3EFF04E700A90C838F0A37409F080C5
:100DE4000E90C839E024FFF090C838E034FFF0904A
:100DF400C8B5E0FEA3E0FF7C007D0A12ABA790C853
:100E040039E02FFF90C838E03E90C9A4F0A3EFF07A
:100E140090C9A4E0FEA3E0FFD39450EE9400501DCB
:100E2400EF9400EE940040157B017AC8793890C99C
:100E3400E0E4F0A304F07F107E23021A1790C9A205
:100E4400E0FFA3E090C838CFF0A3EFF07B017AC8AD
:100E5400793890C9E0E4F0A304F07F107E23021AED
:100E64001790C760E06401600302342890C8B5E0BD
:100E7400FEA3E0FF90C9A2EEF0A3EFF04E700A903B
:100E8400C8B5F0A37408F0800E90C8B6E024FFF053
:100E940090C8B5E034FFF090C8B5E0FEA3E0FF7C55
:100EA400007D0A12ABA790C839E02FFF90C838E044
:100EB4003E90C9A4F0A3EFF090C9A4E0FEA3E0FF24
:100EC400D39450EE9400501DEF9400EE940040151E
:100ED4007B017AC879B590C9E0E4F0A304F07F00FF
:100EE4007E23021A1790C9A2E0FFA3E090C8B5CFF1
:100EF400F0A3EFF07B017AC879B590C9E0E4F0A3E0
:100F040004F07F007E23021A1790C80DE0FF90C8FA
:100F140012E06F600302117E90C760E06003020F6D
:100F2400E890C765E0FEA3E0FF90C9A2EEF0A3EF4E
:100F3400F064024E700890C765F0A3F0800E90C76D
:100F440066E024FFF090C765E034FFF090C767E0E7
:100F5400FEA3E0FF7C007D0A12ABA7AA06AB0790B4
:100F6400C765E0FEA3E0FF7D6412ABA7EF2BFFEEA5
:100F74003AFE90C76AE02FFF90C769E03E90C9A48B
:100F8400F0A3EFF090C9A4E0FEA3E0FFD39432EE07
:100F94009400502CEF9400EE9400402490C765E038
:100FA400FFA3E090C8ADCFF0A3EFF07B017AC7793F
:100FB4006590C9E0E4F0A304F07F007E25021A17CF
:100FC40090C9A2E0FFA3E090C765CFF0A3EFF07B48
:100FD400017AC7796590C9E0E4F0A304F07F007E4C
:100FE40025021A1790C760E0640160030210B690EE
:100FF400C767E0FEA3E0FF90C9A2EEF0A3EFF04EB6
:10100400700A90C767F0A37405F0800E90C768E07B
:1010140024FFF090C767E034FFF090C767E0FEA3B9
:10102400E0FF7C007D0A12ABA7AA06AB0790C76558
:10103400E0FEA3E0FF7D6412ABA7EF2BFFEE3AFEC8
:1010440090C76AE02FFF90C769E03E90C9A4F0A35F
:10105400EFF090C9A4E0FEA3E0FFD39432EE940035
:10106400502CEF9400EE9400402490C767E0FFA357
:10107400E090C863CFF0A3EFF07B017AC779679063
:10108400C9E0E4F0A304F07F107E25021A1790C98A
:10109400A2E0FFA3E090C767CFF0A3EFF07B017A53
:1010A400C7796790C9E0E4F0A304F07F107E2502BD
:1010B4001A1790C760E06402600302342890C7697D
:1010C400E0FEA3E0FF90C9A2EEF0A3EFF04E700A99
:1010D40090C769F0A37409F0800E90C76AE024FFFA
:1010E400F090C769E034FFF090C767E0FEA3E0FF2B
:1010F4007C007D0A12ABA7AA06AB0790C765E0FE89
:10110400A3E0FF7D6412ABA7EF2BFFEE3AFE90C77E
:1011140069E0FCA3E0FD2FFFEC3E90C9A4F0A3EF2F
:10112400F090C9A4E0FEA3E0FFD39432EE94005003
:1011340025EF9400EE9400401D90C850ECF0A3ED10
:10114400F07B017AC7796990C9E0E4F0A304F07FE9
:10115400207E25021A1790C9A2E0FFA3E090C76978
:10116400CFF0A3EFF07B017AC7796990C9E0E4F08E
:10117400A304F07F207E25021A1790C8F8E0FEA38E
:10118400E024B3F58274C83EF583E0FF90C812E012
:101194006F600302131390C760E0600302125F9054
:1011A400C871E0FEA3E0FF90C9A2EEF0A3EFF04EF9
:1011B400701D90C801E07002A3E090C8716008E45B
:1011C400F0A3743BF08016E4F0A3743CF0800E901E
:1011D400C872E024FFF090C871E034FFF090C87149
:1011E400E0FEA3E0FF7C007D3C12ABA790C802E0C8
:1011F4002FFF90C801E03E90C9A4F0A3EFF090C97E
:101204000EE0FEA3E0FF90C9A4E0FCA3E0FDD39FA1
:10121400EC9E502390C90CE0FEA3E0FFED9FEC9EF2
:1012240040157B017AC8797190C9E0E4F0A304F019
:101234007F707E23021A1790C9A2E0FFA3E090C832
:1012440071CFF0A3EFF07B017AC8797190C9E0E423
:10125400F0A304F07F707E23021A1790C760E06445
:1012640001600302342890C801E0FEA3E0FF90C9A6
:10127400A2EEF0A3EFF04E700A90C801F0A3743B05
:10128400F0800E90C802E024FFF090C801E034FF23
:10129400F090C871E0FEA3E0FF7C007D3C12ABA798
:1012A40090C802E02FFF90C801E03E90C9A4F0A3CB
:1012B400EFF090C90EE0FEA3E0FF90C9A4E0FCA308
:1012C400E0FDD39FEC9E502390C90CE0FEA3E0FF09
:1012D400ED9FEC9E40157B017AC8790190C9E0E44A
:1012E400F0A304F07F807E23021A1790C9A2E0FFC6
:1012F400A3E090C801CFF0A3EFF07B017AC8790195
:1013040090C9E0E4F0A304F07F807E23021A1790D2
:10131400C8F8E0FEA3E0248AF58274C83EF583E0B1
:10132400FF90C812E06F704290C760E0600302341F
:101334002890C93CE0FEA3E0FFD390C832E09F9020
:10134400C831E09E5003023428A3E024FFF090C883
:1013540031E034FFF07B017AC8793190C9E0E4F0E0
:10136400A304F07F007E24021A1790C809E0FF90BE
:10137400C812E06F600302342890C764E06401601F
:10138400030215EA90C760E0600302145290C89407
:10139400E0FEA3E0FF90C9A2EEF0A3EFF04E700AC6
:1013A40090C894F0A37409F0800E90C895E024FFCF
:1013B400F090C894E034FFF090C80EE0FEA3E0FF84
:1013C4007C007D0A12ABA7AA06AB0790C856E0FEC4
:1013D400A3E0FF7D6412ABA7EF2BFFEE3AFE90C8AB
:1013E40095E02FFF90C894E03E90C9A4F0A3EFF0DD
:1013F40090C909E0FEA3E0FF90C9A4E0FCA3E0FDCE
:10140400D39FEC9E502490C906E0FEA3E0FFC3EDF9
:101414009FEC9E40157B017AC8799490C9E0E4F072
:10142400A304F07F307E20021A1790C9A2E0FFA324
:10143400E090C894CFF0A3EFF07B017AC879949040
:10144400C9E0E4F0A304F07F307E20021A1790C7AD
:1014540060E06401600302151E90C80EE0FEA3E084
:10146400FF90C9A2EEF0A3EFF04E700A90C80EF000
:10147400A37409F0800E90C80FE024FFF090C80E0A
:10148400E034FFF090C80EE0FEA3E0FF7C007D0A8C
:1014940012ABA7AA06AB0790C856E0FEA3E0FF7DF7
:1014A4006412ABA7EF2BFFEE3AFE90C895E02FFF36
:1014B40090C894E03E90C9A4F0A3EFF090C909E06D
:1014C400FEA3E0FF90C9A4E0FCA3E0FDD39FEC9E43
:1014D400502490C906E0FEA3E0FFC3ED9FEC9E40BC
:1014E400157B017AC8790E90C9E0E4F0A304F07F7B
:1014F400107E20021A1790C9A2E0FFA3E090C80E44
:10150400CFF0A3EFF07B017AC8790E90C9E0E4F044
:10151400A304F07F107E20021A1790C760E06402D3
:10152400600302342890C856E0FEA3E0FF90C9A2ED
:10153400EEF0A3EFF04E700A90C856F0A37402F0D8
:10154400800E90C857E024FFF090C856E034FFF0B6
:1015540090C80EE0FEA3E0FF7C007D0A12ABA7AAB0
:1015640006AB0790C856E0FEA3E0FF7D6412ABA76C
:10157400EF2BFFEE3AFE90C895E02FFF90C894E061
:101584003E90C9A4F0A3EFF090C909E0FEA3E0FFE8
:1015940090C9A4E0FCA3E0FDD39FEC9E502490C925
:1015A40006E0FEA3E0FFC3ED9FEC9E40157B017AAD
:1015B400C8795690C9E0E4F0A304F07F007E2002CD
:1015C4001A1790C9A2E0FFA3E090C856CFF0A3EF8A
:1015D400F07B017AC8795690C9E0E4F0A304F07F67
:1015E400007E20021A1790C764E0B4023990C93C07
:1015F400E0FEA3E0FFD390C832E09F90C831E09EA4
:101604005003023428A3E024FFF090C831E034FFF3
:10161400F07B017AC8793190C9E0E4F0A304F07F4B
:10162400507E20021A1790C764E064036003021816
:101634009790C760E060030216FF90C87FE0FEA3A6
:10164400E0FF90C9A2EEF0A3EFF04E700A90C87FBD
:10165400F0A37409F0800E90C880E024FFF090C8D5
:101664007FE034FFF090C8C3E0FEA3E0FF7C007D80
:101674000A12ABA7AA06AB0790C829E0FEA3E0FFB5
:101684007D6412ABA7EF2BFFEE3AFE90C880E02FEB
:10169400FF90C87FE03E90C9A4F0A3EFF090C90387
:1016A400E0FEA3E0FF90C9A4E0FCA3E0FDD39FEC1F
:1016B4009E502490C8FEE0FEA3E0FFC3ED9FEC9E85
:1016C40040157B017AC8797F90C9E0E4F0A304F067
:1016D4007F807E20021A1790C9A2E0FFA3E090C881
:1016E4007FCFF0A3EFF07B017AC8797F90C9E0E463
:1016F400F0A304F07F807E20021A1790C760E06494
:101704000160030217CB90C8C3E0FEA3E0FF90C9B9
:10171400A2EEF0A3EFF04E700A90C8C3F0A37409D0
:10172400F0800E90C8C4E024FFF090C8C3E034FFFA
:10173400F090C8C3E0FEA3E0FF7C007D0A12ABA7D3
:10174400AA06AB0790C829E0FEA3E0FF7D6412ABB4
:10175400A7EF2BFFEE3AFE90C880E02FFF90C87FE2
:10176400E03E90C9A4F0A3EFF090C903E0FEA3E02B
:10177400FF90C9A4E0FCA3E0FDD39FEC9E5024900D
:10178400C8FEE0FEA3E0FFC3ED9FEC9E40157B0185
:101794007AC879C390C9E0E4F0A304F07F707E2096
:1017A400021A1790C9A2E0FFA3E090C8C3CFF0A328
:1017B400EFF07B017AC879C390C9E0E4F0A304F0A8
:1017C4007F707E20021A1790C760E06402600302F3
:1017D400342890C829E0FEA3E0FF90C9A2EEF0A34C
:1017E400EFF04E700A90C829F0A37402F0800E90B6
:1017F400C82AE024FFF090C829E034FFF090C8C361
:10180400E0FEA3E0FF7C007D0A12ABA7AA06AB07AB
:1018140090C829E0FEA3E0FF7D6412ABA7EF2BFF85
:10182400EE3AFE90C880E02FFF90C87FE03E90C95A
:10183400A4F0A3EFF090C903E0FEA3E0FF90C9A4D5
:10184400E0FCA3E0FDD39FEC9E502490C8FEE0FE94
:10185400A3E0FFC3ED9FEC9E40157B017AC8792974
:1018640090C9E0E4F0A304F07F607E20021A179090
:10187400C9A2E0FFA3E090C829CFF0A3EFF07B0159
:101884007AC8792990C9E0E4F0A304F07F607E204F
:10189400021A1790C764E06404600302342890C7F6
:1018A40060E0600302196790C871E0FEA3E0FF9056
:1018B400C9A2EEF0A3EFF04E701D90C801E07002D3
:1018C400A3E090C8716008E4F0A3743BF08016E4D0
:1018D400F0A3743CF0800E90C872E024FFF090C82E
:1018E40071E034FFF090C871E0FEA3E0FF7C007D5E
:1018F4003C12ABA790C802E02FFF90C801E03E90D5
:10190400C9A4F0A3EFF090C90EE0FEA3E0FF90C9D4
:10191400A4E0FCA3E0FDD39FEC9E502390C90CE00F
:10192400FEA3E0FFED9FEC9E40157B017AC8797120
:1019340090C9E0E4F0A304F07F107E21021A17900E
:10194400C9A2E0FFA3E090C871CFF0A3EFF07B0140
:101954007AC8797190C9E0E4F0A304F07F107E2185
:10196400021A1790C760E06401600302342890C82B
:1019740001E0FEA3E0FF90C9A2EEF0A3EFF04E70E9
:101984000A90C801F0A3743BF0800E90C802E024D2
:10199400FFF090C801E034FFF090C871E0FEA3E0CE
:1019A400FF7C007D3C12ABA790C802E02FFF90C8DB
:1019B40001E03E90C9A4F0A3EFF090C90EE0FEA3AD
:1019C400E0FF90C9A4E0FCA3E0FDD39FEC9E50226D
:1019D40090C90CE0FEA3E0FFED9FEC9E40147B0158
:1019E4007AC8790190C9E0E4F0A304F07F307E2145
:1019F400802190C9A2E0FFA3E090C801CFF0A3EF3B
:101A0400F07B017AC8790190C9E0E4F0A304F07F87
:101A1400307E2112C2E402342890C763E06401706E
:101A24002890C76BE07002A3E0600302342812E739
:101A34009D90C764E0B401057404F0800690C76407
:101A4400E014F012E0B502342890C8F8E0FEA3E0F8
:101A5400FF2490F58274C83EF583E0FD90C812E03F
:101A6400FCD39D4013749E2FF58274C83EF583E029
:101A7400FFECD39F5002807090C8F8E0FEA3E0FF13
:101A84002490F58274C83EF583E0FD90C812E0B559
:101A94000512749E2FF58274C83EF583E0FF90C84A
:101AA40012F0804C90C761E06401704990C858E01E
:101AB400FF90C812E0B5071290C8F8E0FEA3E02436
:101AC40027F58274C83EF583807590C8F8E0FEA3BC
:101AD400E02420F58274C83EF583E0FF90C812E04C
:101AE400B5070590C858805790C812E014F0E0FF7D
:101AF40012EE77807190C762E06401704990C8F873
:101B0400E0FEA3E02410F58274C83EF583E0FF9064
:101B1400C812E0B5070590C858802490C858E0FF63
:101B240090C812E0B5071290C8F8E0FEA3E0241EA6
:101B3400F58274C83EF583800690C812E014F0E084
:101B4400FF12F38B802090C8F8E0FEA3E0242DF56B
:101B54008274C83EF583E0FF90C812E0B507077FA2
:101B6400017E0012EFBC90C8F8E0FEA3E0241AF551
:101B74008274C83EF583E0FF90C812E0B5070E906A
:101B8400C9A0E0FEA3E0FF12928702342890C8F8AF
:101B9400E0FEA3E02481F58274C83EF583E0FF9063
:101BA400C812E0B5070E90C9A0E0FEA3E0FF12D171
:101BB4000A02342890C8F8E0FEA3E0248EF582746B
:101BC400C83EF583E0FF90C812E0B5070E90C9A0A7
:101BD400E0FEA3E0FF12CFED02342890C8F8E0FE47
:101BE400A3E0246DF58274C83EF583E0FF90C8122B
:101BF400E0B5070E90C9A0E0FEA3E0FF12DE730279
:101C0400342890C8F8E0FEA3E02436F58274C83E78
:101C1400F583E0FF90C812E0B5070E90C9A0E0FE7E
:101C2400A3E0FF12E1C702342890C8F8E0FEA3E065
:101C34002405F58274C83EF583E0FF90C812E0B530
:101C4400070E90C9A0E0FEA3E0FF12998102342898
:101C540090C8F8E0FEA3E0248CF58274C83EF583B6
:101C6400E0FF90C812E0B5070B90C9A0E0FEA3E026
:101C7400FF12CA9402342890C76BE07004A3E06496
:101C84000160030231B590C8F8E0FEA3E024BBF57F
:101C94008274C83EF583E0FF90C812E06F600302CF
:101CA4001EEE90C760E06003021D5C90C894E0FEE5
:101CB400A3E0FF90C9A2EEF0A3EFF064094E601018
:101CC40090C895E004F0700F90C894E004F0800789
:101CD400E490C894F0A3F090C80EE0FEA3E0FF7C6B
:101CE400007D0A12ABA7AA06AB0790C856E0FEA374
:101CF400E0FF7D6412ABA7EF2BFFEE3AFE90C89590
:101D0400E02FFF90C894E03E90C9A4F0A3EFF090B8
:101D1400C909E0FEA3E0FF90C9A4E0FCA3E0FDD361
:101D24009FEC9E501190C906E0FEA3E0FFC3ED9F17
:101D3400EC9E4002800F90C9A2E0FFA3E090C894FB
:101D4400CFF0A3EFF07B017AC8799490C9E0E4F076
:101D5400A304F07F700230D590C760E06401600393
:101D6400021E2590C80EE0FEA3E0FF90C9A2EEF08B
:101D7400A3EFF064094E601090C80FE004F0700FF8
:101D840090C80EE004F08007E490C80EF0A3F09031
:101D9400C80EE0FEA3E0FF7C007D0A12ABA7AA06F2
:101DA400AB0790C856E0FEA3E0FF7D6412ABA7EF3B
:101DB4002BFFEE3AFE90C895E02FFF90C894E03ECA
:101DC40090C9A4F0A3EFF090C909E0FEA3E0FF904E
:101DD400C9A4E0FCA3E0FDD39FEC9E502290C90669
:101DE400E0FEA3E0FFC3ED9FEC9E40137B017AC8A5
:101DF400790E90C9E0E4F0A304F07F600230D5903E
:101E0400C9A2E0FFA3E090C80ECFF0A3EFF07B01DE
:101E14007AC8790E90C9E0E4F0A304F07F60023040
:101E2400D590C760E06402600302342890C856E08D
:101E3400FEA3E0FF90C9A2EEF0A3EFF064024E60AF
:101E44001090C857E004F0700F90C856E004F0807A
:101E540007E490C856F0A3F090C80EE0FEA3E0FF9C
:101E64007C007D0A12ABA7AA06AB0790C856E0FE19
:101E7400A3E0FF7D6412ABA7EF2BFFEE3AFE90C800
:101E840095E02FFF90C894E03E90C9A4F0A3EFF032
:101E940090C909E0FEA3E0FF90C9A4E0FCA3E0FD23
:101EA400D39FEC9E502290C906E0FEA3E0FFC3ED51
:101EB4009FEC9E40137B017AC8795690C9E0E4F008
:101EC400A304F07F500230D590C9A2E0FFA3E090B4
:101ED400C856CFF0A3EFF07B017AC8795690C9E0D9
:101EE400E4F0A304F07F500230D590C8F8E0FEA3DC
:101EF400E024C5F58274C83EF583E0FF90C812E083
:101F04006F600302203690C760E06003021F929066
:101F1400C883E0FEA3E0FF90C9A2EEF0A3EFF06453
:101F2400094E601090C884E004F0700F90C883E0FC
:101F340004F08007E490C883F0A3F090C8C7E0FEE3
:101F4400A3E0FF7C007D0A12ABA790C884E02FFFBA
:101F540090C883E03E90C9A4F0A3EFF090C9A4E038
:101F6400FEA3E0FFD39450EE9400500AEF9400EEE9
:101F740094004002800F90C9A2E0FFA3E090C883C0
:101F8400CFF0A3EFF07B017AC879830220F590C7E4
:101F940060E06401600302342890C8C7E0FEA3E057
:101FA400FF90C9A2EEF0A3EFF064084E700890C849
:101FB400C7F0A3F0800E90C8C8E004F0700690C883
:101FC400C7E004F090C8C7E0FEA3E0FF7C007D0AF0
:101FD40012ABA790C884E02FFF90C883E03E90C95D
:101FE400A4F0A3EFF090C9A4E0FEA3E0FFD39450C3
:101FF400EE9400501BEF9400EE940040137B017AA2
:10200400C879C790C9E0E4F0A304F07F900230D50A
:1020140090C9A2E0FFA3E090C8C7CFF0A3EFF07B84
:10202400017AC879C790C9E0E4F0A304F07F900274
:1020340030D590C81DE0FF90C812E06F6003022203
:102044009090C760E0600302210290C765E0FEA3A0
:10205400E0FF90C9A2EEF0A3EFF064094E7008907F
:10206400C765F0A3F0800E90C766E004F070069098
:10207400C765E004F090C767E0FEA3E0FF7C007D45
:102084000A12ABA7AA06AB0790C765E0FEA3E0FF60
:102094007D6412ABA7EF2BFFEE3AFE90C76AE02FE8
:1020A400FF90C769E03E90C9A4F0A3EFF090C9A4E3
:1020B400E0FEA3E0FFD39432EE9400501FEF9400AF
:1020C400EE9400401790C765E0FFA3E090C8A7CF47
:1020D400F0A3EFF07B017AC77965801590C9A2E07F
:1020E400FFA3E090C765CFF0A3EFF07B017AC77937
:1020F4006590C9E0E4F0A304F07F0002250190C7D5
:1021040060E0640160030221CC90C767E0FEA3E0B5
:10211400FF90C9A2EEF0A3EFF064054E700890C7DB
:1021240067F0A3F0800E90C768E004F0700690C7D3
:1021340067E004F090C767E0FEA3E0FF7C007D0A3F
:1021440012ABA7AA06AB0790C765E0FEA3E0FF7D2C
:102154006412ABA7EF2BFFEE3AFE90C76AE02FFFA5
:1021640090C769E03E90C9A4F0A3EFF090C9A4E041
:10217400FEA3E0FFD39432EE9400502AEF9400EED5
:102184009400402290C767E0FFA3E090C85DCFF0C1
:10219400A3EFF07B017AC7796790C9E0E4F0A30468
:1021A400F07F1002250190C9A2E0FFA3E090C76769
:1021B400CFF0A3EFF07B017AC7796790C9E0E4F030
:1021C400A304F07F1002250190C760E0640260035D
:1021D40002342890C769E0FEA3E0FF90C9A2EEF0A4
:1021E400A3EFF064094E700890C769F0A3F0800E65
:1021F40090C76AE004F0700690C769E004F090C7E5
:1022040067E0FEA3E0FF7C007D0A12ABA7AA06AB41
:102214000790C765E0FEA3E0FF7D6412ABA7EF2B38
:10222400FFEE3AFE90C769E0FCA3E0FD2FFFEC3E11
:1022340090C9A4F0A3EFF090C9A4E0FEA3E0FFD3FB
:102244009432EE94005023EF9400EE9400401B90DF
:10225400C84AECF0A3EDF07B017AC7796990C9E034
:10226400E4F0A304F07F2002250190C9A2E0FFA3BB
:10227400E090C769CFF0A3EFF07B017AC77969904A
:10228400C9E0E4F0A304F07F2002250190C8F8E03F
:10229400FEA3E024A0F58274C83EF583E0FF90C855
:1022A40012E06F600302250690C760E0600302231A
:1022B4007390C87FE0FEA3E0FF90C9A2EEF0A3EF05
:1022C400F064094E601090C880E004F0700F90C86C
:1022D4007FE004F08007E490C87FF0A3F090C8C3C7
:1022E400E0FEA3E0FF7C007D0A12ABA7AA06AB07C1
:1022F40090C829E0FEA3E0FF7D6412ABA7EF2BFF9B
:10230400EE3AFE90C880E02FFF90C87FE03E90C96F
:10231400A4F0A3EFF090C903E0FEA3E0FF90C9A4EA
:10232400E0FCA3E0FDD39FEC9E502290C8FEE0FEAB
:10233400A3E0FFC3ED9FEC9E40137B017AC8797F35
:1023440090C9E0E4F0A304F07F8002250190C9A2C3
:10235400E0FFA3E090C87FCFF0A3EFF07B017AC841
:10236400797F90C9E0E4F0A304F07F800225019016
:10237400C760E06401600302243C90C8C3E0FEA38C
:10238400E0FF90C9A2EEF0A3EFF064094E60109054
:10239400C8C4E004F0700F90C8C3E004F08007E400
:1023A40090C8C3F0A3F090C8C3E0FEA3E0FF7C0094
:1023B4007D0A12ABA7AA06AB0790C829E0FEA3E0EA
:1023C400FF7D6412ABA7EF2BFFEE3AFE90C880E0CE
:1023D4002FFF90C87FE03E90C9A4F0A3EFF090C90E
:1023E40003E0FEA3E0FF90C9A4E0FCA3E0FDD39FBB
:1023F400EC9E502290C8FEE0FEA3E0FFC3ED9FECEC
:102404009E40137B017AC879C390C9E0E4F0A30429
:10241400F07F7002250190C9A2E0FFA3E090C8C339
:10242400CFF0A3EFF07B017AC879C390C9E0E4F060
:10243400A304F07F7002250190C760E0640260038A
:1024440002342890C829E0FEA3E0FF90C9A2EEF070
:10245400A3EFF064024E601090C82AE004F0700FFD
:1024640090C829E004F08007E490C829F0A3F09014
:10247400C8C3E0FEA3E0FF7C007D0A12ABA7AA0656
:10248400AB0790C829E0FEA3E0FF7D6412ABA7EF81
:102494002BFFEE3AFE90C880E02FFF90C87FE03E0D
:1024A40090C9A4F0A3EFF090C903E0FEA3E0FF906D
:1024B400C9A4E0FCA3E0FDD39FEC9E502190C8FE8C
:1024C400E0FEA3E0FFC3ED9FEC9E40127B017AC8BF
:1024D400792990C9E0E4F0A304F07F60801F90C9DB
:1024E400A2E0FFA3E090C829CFF0A3EFF07B017A2C
:1024F400C8792990C9E0E4F0A304F07F607E220249
:1025040031AF90C8F8E0FEA3E024B9F58274C83E68
:10251400F583E0FF90C812E06F600302267090C755
:1025240060E060030225C890C838E0FEA3E0FF9095
:10253400C9A2EEF0A3EFF064094E700890C838F019
:10254400A3F0800E90C839E004F0700690C838E01B
:1025540004F090C8B5E0FEA3E0FF7C007D0A12AB56
:10256400A790C839E02FFF90C838E03E90C9A4F086
:10257400A3EFF090C9A4E0FEA3E0FFD39450EE943F
:1025840000501DEF9400EE940040157B017AC87949
:102594003890C9E0E4F0A304F07F107E230231AF49
:1025A40090C9A2E0FFA3E090C838CFF0A3EFF07B7E
:1025B400017AC8793890C9E0E4F0A304F07F107E72
:1025C400230231AF90C760E06401600302342890B5
:1025D400C8B5E0FEA3E0FF90C9A2EEF0A3EFF0645B
:1025E400084E700890C8B5F0A3F0800E90C8B6E00D
:1025F40004F0700690C8B5E004F090C8B5E0FEA3FE
:10260400E0FF7C007D0A12ABA790C839E02FFF9051
:10261400C838E03E90C9A4F0A3EFF090C9A4E0FE4E
:10262400A3E0FFD39450EE9400501DEF9400EE9479
:102634000040157B017AC879B590C9E0E4F0A304A1
:10264400F07F007E230231AF90C9A2E0FFA3E090A7
:10265400C8B5CFF0A3EFF07B017AC879B590C9E093
:10266400E4F0A304F07F007E230231AF90C80DE0B4
:10267400FF90C812E06F60030228E190C760E06039
:102684000302274B90C765E0FEA3E0FF90C9A2EECA
:10269400F0A3EFF064094E700890C765F0A3F080D2
:1026A4000E90C766E004F0700690C765E004F090F1
:1026B400C767E0FEA3E0FF7C007D0A12ABA7AA0671
:1026C400AB0790C765E0FEA3E0FF7D6412ABA7EF04
:1026D4002BFFEE3AFE90C76AE02FFF90C769E03EF9
:1026E40090C9A4F0A3EFF090C9A4E0FEA3E0FFD347
:1026F4009432EE9400502CEF9400EE940040249019
:10270400C765E0FFA3E090C8ADCFF0A3EFF07B0175
:102714007AC7796590C9E0E4F0A304F07F007E25D0
:102724000231AF90C9A2E0FFA3E090C765CFF0A348
:10273400EFF07B017AC7796590C9E0E4F0A304F077
:102744007F007E250231AF90C760E0640160030220
:10275400281990C767E0FEA3E0FF90C9A2EEF0A39A
:10276400EFF064054E700890C767F0A3F0800E90F8
:10277400C768E004F0700690C767E004F090C7678C
:10278400E0FEA3E0FF7C007D0A12ABA7AA06AB071C
:1027940090C765E0FEA3E0FF7D6412ABA7EF2BFFBB
:1027A400EE3AFE90C76AE02FFF90C769E03E90C9F9
:1027B400A4F0A3EFF090C9A4E0FEA3E0FFD3943209
:1027C400EE9400502CEF9400EE9400402490C767E0
:1027D400E0FFA3E090C863CFF0A3EFF07B017AC7DA
:1027E400796790C9E0E4F0A304F07F107E250231FC
:1027F400AF90C9A2E0FFA3E090C767CFF0A3EFF0CA
:102804007B017AC7796790C9E0E4F0A304F07F10F4
:102814007E250231AF90C760E06402600302342871
:1028240090C769E0FEA3E0FF90C9A2EEF0A3EFF029
:1028340064094E700890C769F0A3F0800E90C76ACF
:10284400E004F0700690C769E004F090C767E0FE0A
:10285400A3E0FF7C007D0A12ABA7AA06AB0790C7D2
:1028640065E0FEA3E0FF7D6412ABA7EF2BFFEE3A19
:10287400FE90C769E0FCA3E0FD2FFFEC3E90C9A4E5
:10288400F0A3EFF090C9A4E0FEA3E0FFD39432EEEE
:1028940094005025EF9400EE9400401D90C850EC35
:1028A400F0A3EDF07B017AC7796990C9E0E4F0A365
:1028B40004F07F207E250231AF90C9A2E0FFA3E09F
:1028C40090C769CFF0A3EFF07B017AC7796990C90B
:1028D400E0E4F0A304F07F207E250231AF90C8F835
:1028E400E0FEA3E024B3F58274C83EF583E0FF90D4
:1028F400C812E06F6003022A8C90C760E060030294
:1029040029D890C871E0FEA3E0FF90C9A2EEF0A31D
:10291400EFF0643B4E701D90C801E07002A3E060CC
:1029240003E4801C90C872E004F0702A90C871E03F
:1029340004F0802290C871E07004A3E0643C700845
:1029440090C871F0A3F0800E90C872E004F0700695
:1029540090C871E004F090C871E0FEA3E0FF7C0031
:102964007D3C12ABA790C802E02FFF90C801E03E67
:1029740090C9A4F0A3EFF090C90EE0FEA3E0FF908D
:10298400C9A4E0FCA3E0FDD39FEC9E502390C90CA6
:10299400E0FEA3E0FFED9FEC9E40157B017AC87931
:1029A4007190C9E0E4F0A304F07F707E230231AF9C
:1029B40090C9A2E0FFA3E090C871CFF0A3EFF07B31
:1029C400017AC8797190C9E0E4F0A304F07F707EC5
:1029D400230231AF90C760E06401600302342890A1
:1029E400C801E0FEA3E0FF90C9A2EEF0A3EFF064FB
:1029F4003B4E700890C801F0A3F0800E90C802E02E
:102A040004F0700690C801E004F090C871E0FEA3E1
:102A1400E0FF7C007D3C12ABA790C802E02FFF9042
:102A2400C801E03E90C9A4F0A3EFF090C90EE0FE07
:102A3400A3E0FF90C9A4E0FCA3E0FDD39FEC9E506B
:102A44002390C90CE0FEA3E0FFED9FEC9E40157BB4
:102A5400017AC8790190C9E0E4F0A304F07F807E94
:102A6400230231AF90C9A2E0FFA3E090C801CFF0E8
:102A7400A3EFF07B017AC8790190C9E0E4F0A304E4
:102A8400F07F807E230231AF90C8F8E0FEA3E024FB
:102A94008AF58274C83EF583E0FF90C812E06F7037
:102AA4004290C760E0600302342890C940E0FEA36E
:102AB400E0FFC390C832E09F90C831E09E4003021B
:102AC4003428A3E004F0700690C831E004F07B01E0
:102AD4007AC8793190C9E0E4F0A304F07F007E2441
:102AE4000231AF90C809E0FF90C812E06F600302A2
:102AF400342890C764E064016003022D6690C760C7
:102B0400E06003022BCC90C894E0FEA3E0FF90C9E0
:102B1400A2EEF0A3EFF064094E601090C895E004B3
:102B2400F0700F90C894E004F08007E490C894F02B
:102B3400A3F090C80EE0FEA3E0FF7C007D0A12AB78
:102B4400A7AA06AB0790C856E0FEA3E0FF7D641277
:102B5400ABA7EF2BFFEE3AFE90C895E02FFF90C88D
:102B640094E03E90C9A4F0A3EFF090C909E0FEA35D
:102B7400E0FF90C9A4E0FCA3E0FDD39FEC9E5024A9
:102B840090C906E0FEA3E0FFC3ED9FEC9E40157BD9
:102B9400017AC8799490C9E0E4F0A304F07F307E10
:102BA400200231AF90C9A2E0FFA3E090C894CFF017
:102BB400A3EFF07B017AC8799490C9E0E4F0A30410
:102BC400F07F307E200231AF90C760E06401600383
:102BD400022C9990C80EE0FEA3E0FF90C9A2EEF08B
:102BE400A3EFF064094E601090C80FE004F0700F7A
:102BF40090C80EE004F08007E490C80EF0A3F090B3
:102C0400C80EE0FEA3E0FF7C007D0A12ABA7AA0673
:102C1400AB0790C856E0FEA3E0FF7D6412ABA7EFBC
:102C24002BFFEE3AFE90C895E02FFF90C894E03E4B
:102C340090C9A4F0A3EFF090C909E0FEA3E0FF90CF
:102C4400C9A4E0FCA3E0FDD39FEC9E502490C906E8
:102C5400E0FEA3E0FFC3ED9FEC9E40157B017AC824
:102C6400790E90C9E0E4F0A304F07F107E200231D5
:102C7400AF90C9A2E0FFA3E090C80ECFF0A3EFF09D
:102C84007B017AC8790E90C9E0E4F0A304F07F10C8
:102C94007E200231AF90C760E064026003023428F2
:102CA40090C856E0FEA3E0FF90C9A2EEF0A3EFF0B7
:102CB40064024E601090C857E004F0700F90C8563C
:102CC400E004F08007E490C856F0A3F090C80EE04A
:102CD400FEA3E0FF7C007D0A12ABA7AA06AB079017
:102CE400C856E0FEA3E0FF7D6412ABA7EF2BFFEE16
:102CF4003AFE90C895E02FFF90C894E03E90C9A496
:102D0400F0A3EFF090C909E0FEA3E0FF90C9A4E0AE
:102D1400FCA3E0FDD39FEC9E502490C906E0FEA3E3
:102D2400E0FFC3ED9FEC9E40157B017AC879569075
:102D3400C9E0E4F0A304F07F007E200231AF90C923
:102D4400A2E0FFA3E090C856CFF0A3EFF07B017A96
:102D5400C8795690C9E0E4F0A304F07F007E200215
:102D640031AF90C764E0B4023A90C940E0FEA3E0FA
:102D7400FF90C831E06E7003A3E06F700302342843
:102D840090C832E004F0700690C831E004F07B0192
:102D94007AC8793190C9E0E4F0A304F07F507E2032
:102DA4000231AF90C764E06403600302301790C738
:102DB40060E06003022E7D90C87FE0FEA3E0FF90F8
:102DC400C9A2EEF0A3EFF064094E601090C880E051
:102DD40004F0700F90C87FE004F08007E490C87F8F
:102DE400F0A3F090C8C3E0FEA3E0FF7C007D0A12CC
:102DF400ABA7AA06AB0790C829E0FEA3E0FF7D6459
:102E040012ABA7EF2BFFEE3AFE90C880E02FFF90A5
:102E1400C87FE03E90C9A4F0A3EFF090C903E0FEA0
:102E2400A3E0FF90C9A4E0FCA3E0FDD39FEC9E5077
:102E34002490C8FEE0FEA3E0FFC3ED9FEC9E401586
:102E44007B017AC8797F90C9E0E4F0A304F07F8025
:102E54007E200231AF90C9A2E0FFA3E090C87FCFEB
:102E6400F0A3EFF07B017AC8797F90C9E0E4F0A386
:102E740004F07F807E200231AF90C760E06401607F
:102E840003022F4A90C8C3E0FEA3E0FF90C9A2EE5C
:102E9400F0A3EFF064094E601090C8C4E004F07031
:102EA4000F90C8C3E004F08007E490C8C3F0A3F017
:102EB40090C8C3E0FEA3E0FF7C007D0A12ABA7AA82
:102EC40006AB0790C829E0FEA3E0FF7D6412ABA720
:102ED400EF2BFFEE3AFE90C880E02FFF90C87FE012
:102EE4003E90C9A4F0A3EFF090C903E0FEA3E0FF75
:102EF40090C9A4E0FCA3E0FDD39FEC9E502490C8AD
:102F0400FEE0FEA3E0FFC3ED9FEC9E40157B017A3B
:102F1400C879C390C9E0E4F0A304F07F707E200276
:102F240031AF90C9A2E0FFA3E090C8C3CFF0A3EFF4
:102F3400F07B017AC879C390C9E0E4F0A304F07F80
:102F4400707E200231AF90C760E0640260030234F7
:102F54002890C829E0FEA3E0FF90C9A2EEF0A3EFF9
:102F6400F064024E601090C82AE004F0700F90C81C
:102F740029E004F08007E490C829F0A3F090C8C3C6
:102F8400E0FEA3E0FF7C007D0A12ABA7AA06AB0714
:102F940090C829E0FEA3E0FF7D6412ABA7EF2BFFEE
:102FA400EE3AFE90C880E02FFF90C87FE03E90C9C3
:102FB400A4F0A3EFF090C903E0FEA3E0FF90C9A43E
:102FC400E0FCA3E0FDD39FEC9E502490C8FEE0FEFD
:102FD400A3E0FFC3ED9FEC9E40157B017AC87929DD
:102FE40090C9E0E4F0A304F07F607E200231AF904A
:102FF400C9A2E0FFA3E090C829CFF0A3EFF07B01C2
:103004007AC8792990C9E0E4F0A304F07F607E20B7
:103014000231AF90C764E06404600302342890C7AF
:1030240060E060030230FE90C871E0FEA3E0FF9010
:10303400C9A2EEF0A3EFF0643B4E701D90C801E00E
:103044007002A3E06003E4801C90C872E004F07096
:103054002A90C871E004F0802290C871E07004A343
:10306400E0643C700890C871F0A3F0800E90C872C0
:10307400E004F0700690C871E004F090C871E0FEBE
:10308400A3E0FF7C007D3C12ABA790C802E02FFFB9
:1030940090C801E03E90C9A4F0A3EFF090C90EE0FF
:1030A400FEA3E0FF90C9A4E0FCA3E0FDD39FEC9E47
:1030B400502490C90CE0FEA3E0FFC3ED9FEC9E40BA
:1030C400157B017AC8797190C9E0E4F0A304F07F1C
:1030D400107E210231AF90C9A2E0FFA3E090C87135
:1030E400CFF0A3EFF07B017AC8797190C9E0E4F0E6
:1030F400A304F07F107E210231AF90C760E0640129
:10310400600302342890C801E0FEA3E0FF90C9A246
:10311400EEF0A3EFF0643B4E700890C801F0A3F00A
:10312400800E90C802E004F0700690C801E004F03C
:1031340090C871E0FEA3E0FF7C007D3C12ABA79039
:10314400C802E02FFF90C801E03E90C9A4F0A3EFAD
:10315400F090C90EE0FEA3E0FF90C9A4E0FCA3E058
:10316400FDD39FEC9E502390C90CE0FEA3E0FFC367
:10317400ED9FEC9E40147B017AC8790190C9E0E48C
:10318400F0A304F07F307E21802190C9A2E0FFA348
:10319400E090C801CFF0A3EFF07B017AC8790190E9
:1031A400C9E0E4F0A304F07F307E2112C2E40234CB
:1031B4002890C763E06401702A90C809E0FF90C8B2
:1031C40012E06F600302342812E79D90C764E0B4F4
:1031D40004057401F0800690C764E004F012E0B5C1
:1031E40002342890C8F8E0FEA3E0FF249EF5827420
:1031F400C83EF583E0FD90C812E0FCC39D501B74EB
:10320400902FF58274C83EF583E0FFECC39F400A1B
:1032140090C812E004F0E0FF802A90C8F8E0FEA312
:10322400E0FF249EF58274C83EF583E0FD90C81249
:10323400E0B5051674902FF58274C83EF583E0FF5F
:1032440090C812F012EE7702342890C761E064014E
:10325400704190C8F8E0FEA3E02427F58274C83ECC
:10326400F583E0FF90C812E0B50702804790C85884
:10327400E0FF90C812E0B5071290C8F8E0FEA3E0A2
:103284002420F58274C83EF583805290C812E0046D
:10329400F0804A90C762E06401704A90C8F8E0FE8A
:1032A400A3E0241EF58274C83EF583E0FF90C812A3
:1032B400E0B5070590C858802490C858E0FF90C82E
:1032C40012E0B5071290C8F8E0FEA3E02410F582DE
:1032D40074C83EF583800690C812E004F0E0FF1243
:1032E400F38B02342890C8F8E0FEA3E0242DF58285
:1032F40074C83EF583E0FF90C812E0B5070A7F0268
:103304007E0012EFBC02342890C8F8E0FEA3E0244B
:103314001AF58274C83EF583E0FF90C812E0B50741
:103324000E90C9A0E0FEA3E0FF1292870234289019
:10333400C8F8E0FEA3E02481F58274C83EF583E07A
:10334400FF90C812E0B5070E90C9A0E0FEA3E0FF0D
:1033540012D10A02342890C8F8E0FEA3E0248EF5C6
:103364008274C83EF583E0FF90C812E0B5070E9062
:10337400C9A0E0FEA3E0FF12CFED02342890C8F804
:10338400E0FEA3E0246DF58274C83EF583E0FF906F
:10339400C812E0B5070E90C9A0E0FEA3E0FF12DE5C
:1033A4007302342890C8F8E0FEA3E0FF24C1F5823C
:1033B40074C83EF583E0FD90C812E0FC6D6065744E
:1033C400362FF58274C83EF583E0B5040D90C9A08C
:1033D400E0FEA3E0FF12E1C7804A90C8F8E0FEA334
:1033E400E02405F58274C83EF583E0FF90C812E03E
:1033F400B5070D90C9A0E0FEA3E0FF1299818024D7
:1034040090C8F8E0FEA3E0248CF58274C83EF583EE
:10341400E0FF90C812E0B5070B90C9A0E0FEA3E05E
:10342400FF12CA9490C75E7401F07D1E7C00E4FF15
:1034340002F09690C76BE07004A3E064016003029D
:10344400388190C809E0FF90C812E06F600302352C
:10345400CF90C764E06401702990C760E004F0E095
:103464006403700F12D21B90C764E0FF7E007D647A
:103474000235CA90C764E0FF7E0090C760E0FD0299
:1034840035CA90C764E0B40221E490C76BF0A3F09E
:1034940090C760F090C831E0FCA3E0FD7F047E811A
:1034A40012D2697F537E1002F1A390C764E06403D3
:1034B400706C90C760E004F0E06403705290C76BD6
:1034C400F0A3F090C760F090C8C3E0FEA3E0FF7CD7
:1034D400007D0A12ABA7AA06AB0790C829E0FEA399
:1034E400E0FF7D6412ABA7EF2BFFEE3AFE90C8809D
:1034F400E02FFF90C87FE03E90C9A4F0A3EFF07FD7
:103504000212D25F90C764E0FF7E007D64800C905D
:10351400C764E0FF7E0090C760E0FD0235CA90C733
:1035240064E0640460030243B490C760E004F0E024
:10353400640260030235BE90C76BF0A3F090C760CD
:10354400F07B017AC8797190C9CDF0A304F07F10A3
:103554007E2112BDBF7B017AC8790190C9CDE4F008
:10356400A304F07F307E2112BDBF90C871E0FEA39A
:10357400E0FF7C007D3C12ABA790C802E02FFF90D7
:10358400C801E03E90C9A4F0A3EFF07B017AC879AA
:103594000190C9E0E4F0A304F07F307E2112C2E47C
:1035A40090C9A4E0FCA3E0FD7F067E8112D269905D
:1035B400C764E0FF7E007D64800C90C764E0FF7EFA
:1035C4000090C760E0FD7C00023F6690C760E004A5
:1035D400F090C812E0FF7E0090C760E0FD7C00120E
:1035E4009F3990C8F8E0FEA3E024BBF58274C83E7E
:1035F400F583E0FF90C812E06F701B90C760E06431
:1036040004701312D21B90C8F8E0FEA3E02420F546
:103614008274C8023F2390C8F8E0FEA3E024C5F5F5
:103624008274C83EF583E0FF90C812E06F70529038
:10363400C760E06403704A90C76BF0A3F090C76062
:10364400F090C8C7E0FEA3E0FF7C007D0A12ABA7A0
:1036540090C884E02FFF90C883E03E90C9A4F0A3F3
:10366400EFF090C9A4E0FCA3E0FD7F087E8112D2B4
:103674006990C8F8E0FEA3E02427F58274C8023FED
:103684002390C81DE0FF90C812E0B5071890C760EA
:10369400E0B40411E490C76BF0A3F090C760F0901D
:1036A400C86F02425C90C8F8E0FEA3E024A0F58253
:1036B40074C83EF583E0FF90C812E06F706C90C749
:1036C40060E06404706490C76BF0A3F090C760F08E
:1036D40090C8C3E0FEA3E0FF7C007D0A12ABA7AA5A
:1036E40006AB0790C829E0FEA3E0FF7D6412ABA7F8
:1036F400EF2BFFEE3AFE90C880E02FFF90C87FE0EA
:103704003E90C9A4F0A3EFF090C9A4E0FCA3E0FDAF
:103714007F027E8112D26990C8F8E0FEA3E02410F3
:10372400F58274C83EF58302425C90C8F8E0FEA3BB
:10373400E024B9F58274C83EF583E0FF90C812E036
:103744006F705590C760E06403704D90C76BF0A331
:10375400F090C760F090C8B5E0FEA3E0FF7C007D68
:103764000A12ABA790C839E02FFF90C838E03E900A
:10377400C9A4F0A3EFF090C9A4E0FCA3E0FD7F0A84
:103784007E8112D26990C8F8E0FEA3E0241EF5827F
:1037940074C83EF58302425C90C80DE0FF90C812E5
:1037A400E0B5071890C760E0B40211E490C76BF06D
:1037B400A3F090C760F090C83502425C90C8F8E06E
:1037C400FEA3E024B3F58274C83EF583E0FF90C8FD
:1037D40012E06F705590C760E06403704D90C76B42
:1037E400F0A3F090C760F090C871E0FEA3E0FF7C06
:1037F400007D3C12ABA790C802E02FFF90C801E007
:103804003E90C9A4F0A3EFF090C9A4E0FCA3E0FDAE
:103814007F067E8112D26990C8F8E0FEA3E0249866
:10382400F58274C83EF58302425C90C8F8E0FEA3BA
:10383400E0248AF58274C83EF583E0FF90C812E064
:103844006F60030243B490C760E064026003024304
:10385400B490C76BF0A3F090C760F090C831E0FC5F
:10386400A3E0FD7F047E8112D26990C8F8E0FEA334
:10387400E0249AF58274C83EF58302425C90C8F84D
:10388400E0FEA3E02490F58274C83EF583E0FF9047
:10389400C812E06F6003023A917B017AC979A4905F
:1038A400C9CDF0A304F07F007E8112BDBF90C9A4EE
:1038B400E0FAA3E0FB7C007D64FFAE0212ABB9909A
:1038C400C856EEF0A3EFF07C007D0AAF03AE0212FF
:1038D400ABB97C007D0A12ABB990C80EECF0A3ED35
:1038E400F090C9A4E0FEA3E0FF7C007D0A12ABB90E
:1038F40090C894ECF0A3EDF07B017AC8795690C996
:10390400E0E4F0A304F07F007E2012C2E47B017A9D
:10391400C8790E90C9E0E4F0A304F07F107E201271
:10392400C2E47B017AC8799490C9E0E4F0A304F07E
:103934007F307E2012C2E47B017AC979A490C9CD7C
:10394400E4F0A304F07F027E8112BDBF90C9A4E01D
:10395400FAA3E0FB7C007D64FFAE0212ABB990C811
:1039640029EEF0A3EFF07C007D0AAF03AE0212ABA8
:10397400B97C007D0A12ABB990C8C3ECF0A3EDF09A
:1039840090C9A4E0FEA3E0FF7C007D0A12ABB990CD
:10399400C87FECF0A3EDF07B017AC8792990C9E0E7
:1039A400E4F0A304F07F607E2012C2E47B017AC8B5
:1039B40079C390C9E0E4F0A304F07F707E2012C2C2
:1039C400E47B017AC8797F90C9E0E4F0A304F07F36
:1039D400807E2012C2E47B017AC979A490C9CDE427
:1039E400F0A37402F07F067E8112BDBF90C9A4E0EB
:1039F400FAA3E0FB7C007D3CFFAE0212ABB990C899
:103A040071EEF0A3EFF07C007D3CAF03AE0212AB8D
:103A1400B990C801ECF0A3EDF07B017AC8797190FC
:103A2400C9E0E4F0A37402F07F107E2112C2E47BAB
:103A3400017AC8790190C9E0E4F0A37402F07F2010
:103A44007E2112C2E47B017AC8793190C9CDE4F0B9
:103A5400A37402F07F047E8112BDBF7B017AC87912
:103A64003190C9E0E4F0A37402F07F507E2012C2CA
:103A7400E4E490C9A4F0A3F090C76404F012E0B8A1
:103A840090C80912EE7190C7637401F02290C8F8CF
:103A9400E0FEA3E0FF2492F58274C83EF583E0FDC6
:103AA40090C812E0B5051990C7617401F074202F15
:103AB400F58274C83EF583E0FF90C812F002EE77F9
:103AC40090C8F8E0FEA3E0FF2496F58274C83EF5A2
:103AD40083E0FD90C812E0B5051390C7627401F04D
:103AE40074102FF58274C83EF58302425C90C8F8C6
:103AF400E0FEA3E02498F58274C83EF583E0FF90CD
:103B0400C812E06F6003023BA990C76BF0A304F0F6
:103B14007F737E1312F1BE7F837E1312F1887B01C3
:103B24007AC979A490C9CDE4F0A37402F07F067E2B
:103B34008112BDBF90C9A4E0FAA3E0FB7C007D3CE8
:103B4400FFAE0212ABB990C871EEF0A3EFF07C00A7
:103B54007D3CAF03AE0212ABB990C801ECF0A3ED0B
:103B6400F07B017AC8797190C9E0E4F0A37402F0A3
:103B74007F707E2312C2E47B017AC8790190C9E088
:103B8400E4F0A37402F07F807E2312C2E47E231249
:103B9400F0F790C8F8E0FEA3E024B3F58274C83EC1
:103BA400F58302425C90C8F8E0FEA3E0249AF58213
:103BB40074C83EF583E0FF90C812E06F705490C75C
:103BC4006BF0A304F0FB7AC8793190C9CDE4F0A37B
:103BD40004F07F047E8112BDBF7B017AC8793190E5
:103BE400C9E0E4F0A304F07F007E2412C2E47F0362
:103BF4007E1412F1BEE4FDFC7F107E2412F0FC90D2
:103C0400C8F8E0FEA3E0248AF58274C83EF5830276
:103C1400425C90C8F8E0FEA3E0249CF58274C83EA0
:103C2400F583E0FF90C812E06F6003023CE290C9A4
:103C3400A6E07004A3E06401700590C81C80259080
:103C4400C9A8E07004A3E06401700590C81380144F
:103C540090C9ACE07004A3E06401700590C80C80C6
:103C64000390C81CE0FF12F38B90C8C0E06003020D
:103C740043B47B017AC979A490C9CDF0A37402F04E
:103C84007F067E8112BDBF90C9A4E0FAA3E0FB7C4D
:103C9400007D3CFFAE0212ABB990C871EEF0A3EF09
:103CA400F07C007D3CAF03AE0212ABB990C801ECCE
:103CB400F0A3EDF07B017AC8797190C9E0E4F0A338
:103CC40004F07F107E2112C2E47B017AC87901904E
:103CD400C9E0E4F0A304F07F307E2102419D90C846
:103CE400F8E0FEA3E0FF249EF58274C83EF583E06D
:103CF400FD90C812E0B50510742D2FF58274C83EEE
:103D0400F58312EE710243B590C8F8E0FEA3E024F7
:103D140020F58274C83EF583E0FF90C812E06F700E
:103D24005F90C76BF0A304F0FB7AC8795690C9E0A2
:103D3400E4F0A304F07F507E2112C2E47B017AC830
:103D4400790E90C9E0E4F0A304F07F607E2112C2F2
:103D5400E47B017AC8799490C9E0E4F0A304F07F8D
:103D6400707E2112C2E4E4FDFC7F807E2112F0FC0F
:103D740090C8F8E0FEA3E024BBF58274C8023ECBF1
:103D840090C8F8E0FEA3E02427F58274C83EF583CA
:103D9400E0FF90C812E06F704A90C76BF0A304F084
:103DA400FB7AC879C790C9E0E4F0A304F07F907E61
:103DB4002112C2E47B017AC8798390C9E0E4F0A3BC
:103DC40004F07F007E2212C2E4E4FDFC7F107E2218
:103DD40012F0FC90C8F8E0FEA3E024C5F58274C894
:103DE400023ECB90C86FE0FF90C812E0B507069082
:103DF400C81D02425C90C8F8E0FEA3E02410F582DE
:103E040074C83EF583E0FF90C812E06F705990C704
:103E14006BF0A304F0FB7AC8792990C9E0E4F0A31D
:103E240004F07F607E2212C2E47B017AC879C390D9
:103E3400C9E0E4F0A304F07F707E2212C2E47B01A7
:103E44007AC8797F90C9E0E4F0A304F07F807E22F1
:103E540012C2E47E2212F0F790C8F8E0FEA3E02438
:103E6400A0F58274C8806090C8F8E0FEA3E0241E28
:103E7400F58274C83EF583E0FF90C812E06F705776
:103E840090C76BF0A304F0FB7AC879B590C9E0E45D
:103E9400F0A304F07F007E2312C2E47B017AC87988
:103EA4003890C9E0E4F0A304F07F107E2312C2E44A
:103EB400E4FDFC7F207E2312F0FC90C8F8E0FEA312
:103EC400E024B9F58274C812F38690C812E0FF7E2C
:103ED40000E4FDFC029F3990C835E0FF90C812E071
:103EE400B5070690C80D02425C90C858E0FF90C820
:103EF40012E06F703090C761E0B40111E4F090C833
:103F0400F8E0FEA3E02492F58274C88012E490C71E
:103F140062F090C8F8E0FEA3E02496F58274C83EEF
:103F2400F58302425C90C81CE0FF90C812E0B5071C
:103F34001390C8F8E0FEA3E0249CF58274C83EF513
:103F44008302425C90C809E0FF90C812E0B50715EF
:103F540090C76BE4F0A304F090C764E0FF7E00E434
:103F6400FDFC02CECE90C8F8E0FEA3E0242DF5823D
:103F740074C83EF583E0FF90C812E0B5070302AFB2
:103F84005B90C8F8E0FEA3E0241AF58274C83EF5FD
:103F940083E0FF90C812E06F60030240DC90C91E0A
:103FA400E0704890C93BE0701A90C8EFE0B4011388
:103FB4007B017AC9790690C9E0E4F0A304F07F326A
:103FC4000240CC90C93BE0640160030240D190C838
:103FD400EFE0640160030240D17B017AC979099062
:103FE400C9E0F0A304F07F300240CC90C91EE06425
:103FF40001704890C93BE0701A90C8EFE0B4011317
:104004007B017AC879FE90C9E0E4F0A304F07F361E
:104014000240CC90C93BE0640160030240D190C8E7
:10402400EFE0640160030240D17B017AC979039017
:10403400C9E0F0A304F07F340240CC90C91EE064D0
:1040440002704090C93BE0701990C8EFE0B40112CF
:104054007B017AC9793C90C9E0E4F0A304F07F3A8B
:10406400806690C93BE06401706390C8EFE064012E
:10407400705B7B017AC9794090C9E0F0A304F07FBA
:1040840038804590C91EE06403704290C93BE070DB
:104094001990C8EFE0B401127B017AC9790C90C978
:1040A400E0E4F0A304F07F40801E90C93BE0B4013B
:1040B4001C90C8EFE0B401157B017AC9790E90C950
:1040C400E0E4F0A304F07F3C7E8112C2E490C9A036
:1040D400E0FEA3E0FF02928790C8F8E0FEA3E0248C
:1040E40081F58274C83EF583E0FF90C812E0B507FD
:1040F400030287FF90C8F8E0FEA3E0248EF58274E3
:10410400C83EF583E0FF90C812E0B5070B90C9A044
:10411400E0FEA3E0FF02CFED90C8F8E0FEA3E024A8
:104124006DF58274C83EF583E0FF90C812E0B507D0
:104134000B90C9A0E0FEA3E0FF02DE7390C8F8E094
:10414400FEA3E0FF24C1F58274C83EF583E0FD9030
:10415400C812E0B5050D742D2FF58274C83EF583A1
:1041640002425C90C8F8E0FEA3E02436F58274C8ED
:104174003EF583E0FF90C812E0B5072090C9A0E0A7
:10418400FEA3E0FF12E1C77B017AC879F890C9E089
:10419400E4F0A304F07F467E8102C2E490C8F8E014
:1041A400FEA3E0FF24B7F58274C83EF583E0FD90DA
:1041B400C812E0B5050D742D2FF58274C83EF58341
:1041C40002425C90C8F8E0FEA3E02405F58274C8BE
:1041D4003EF583E0FF90C812E0B5070B90C9A0E05C
:1041E400FEA3E0FF02998190C8F8E0FEA3E0248CCE
:1041F400F58274C83EF583E0FF90C812E0B5070B62
:1042040090C9A0E0FEA3E0FF02CA9490C8F8E0FEC3
:10421400A3E0FF2418F58274C83EF583E0FD90C83E
:1042240012E0B5050C746D2FF58274C83EF58380D9
:104234002790C8F8E0FEA3E0FF246BF58274C83E23
:10424400F583E0FD90C812E06D60030243B4746D21
:104254002FF58274C83EF583E0FF02F38B90C812F9
:10426400E012AEE143840842B11C42C11D42D51E96
:1042740042E91F43452043632142F52242F9234387
:104284000524430E2543292642B33A42CB3B42DF61
:104294003C42EF3D43543E43723F42F74042FF41AC
:1042A400430742431543432944000043AF8000E4DD
:1042B40090C91EF090C8EFF090C93B804AE490C8C2
:1042C400CBF090C9028040E490C8CBF090C9028042
:1042D40036E490C8D0F090C8E1802CE490C8D0F0C7
:1042E40090C8E18022E490C908801CE490C9088049
:1042F4001680238021E490C905800CE490C90580D0
:10430400068013E490C905F0800CE490C90BF0809A
:1043140005E490C90BF090C8F8E0FEA3E0242DF565
:104324008274C88056E490C8FCF0A3F090C8CEF024
:10433400A3F090C8F8E0FEA3E02405F58274C880D9
:104344003A90C8F8E0FEA3E0246DF58274C8802B8F
:1043540090C8F8E0FEA3E0246DF58274C8801C9038
:10436400C8F8E0FEA3E0246DF58274C8800D90C8FF
:10437400F8E0FEA3E0246DF58274C812F386802B66
:1043840090C76BE07002A3E0702190C763F090C700
:104394006BF0A3F090C764F090C8F8E0FEA3E024AB
:1043A40090F58274C812F38612E79DE490C870F009
:0143B40022E6
:107F7B0041C5F20041C5F50042C5F3000047C5EB12
:077F8B0018091203091E0092
:10EE34007B017AC579EB90C9E0E4F0A37404F07F18
:10EE4400107E0012C2E490CA5B7410F0A3E4F0A335
:10EE5400F0A3F0FFFEFDFC12DC007B017AC579F61D
:0DEE6400E490C9CDF0A3F0FF7E1002BDBF09
:10C796007F007E2012000090C5F2EFF090C5F5E014
:10C7A6006F700302C91990C5F2E090C5F5F07003E9
:10C7B60002C91990C5F4E004F0700690C5F3E004D0
:10C7C600F090C5F3E07004A3E0641E700690C5F314
:10C7D600F0A3F07B017ACA797F90C9CDE4F0A37407
:10C7E60004F07F107E0012BDBF90C5F3E0FEA3E00B
:10C7F600FF90C5F675F00C12AE85EE75F00CA4250B
:10C8060083F583E4F0A3745AF090C5F3E0FCA3E04B
:10C81600FD90C5F3E0FAA3E0FB90C5F875F00CEFC8
:10C8260012AE85EE75F00CA42583F583ECF0A3ED2E
:10C83600F090CA7FE0FF90C5FA75F00CEB12AE855A
:10C84600EA75F00CA42583F583EFF090CA80E0FF2B
:10C8560090C5FB75F00CEB12AE85EA75F00CA425BD
:10C8660083F583EFF090CA81E0FF90C5FC75F00C6C
:10C87600EB12AE85EA75F00CA42583F583EFF090F4
:10C88600CA83E0FF90C5FD75F00CEB12AE85EA7524
:10C89600F00CA42583F583EFF090CA84E0FF90C5E1
:10C8A600FE75F00CEB12AE85EA75F00CA42583F547
:10C8B60083EFF090CA85E0FF90C5FF75F00CEB1290
:10C8C600AE85EA75F00CA42583F583EFF090C5F2EA
:10C8D600E0FF90C60075F00CEB12AE85EA75F00C21
:10C8E600A42583F583E4F0A3EFF07B017AC579F6FE
:10C8F60090CA907408F0A3E4F0FFFEFDFC12EC274A
:10C906007B017AC579F6E490C9E0F0A3F0FF7E10CA
:03C9160012C2E466
:01C9190022FB
:107F920042C8F6000042C8CC000F42C8F41A194287
:107FA200C8D1001042C9001F1F42C8F8000041C8D2
:107FB200EE0041C9080041C90B0042C8E40000427A
:107FC200C8E6000042C8E8000042C8EA000042C811
:107FD200EC000042C8F0000042C91CE24042C8FA6C
:107FE20000A042C8E200A042C937000F42C92500E2
:107FF2003C42C916003C42C910005A42C90600015F
:1080020042C90900C842C8FE000142C90300C84271
:10801200C93C000042C940001442C90C000042C9D8
:108022000E0E1042C8DF006442C8F2006442C91456
:10803200000042C91A000042C921000042C92300BF
:108042000042C939000042C93E000042C912000084
:1080520042C918000042C91F000041C91E0041C8A0
:10806200EF0041C93B0041C8D00041C8E10041C90D
:10807200050041C8CB0041C9020042C8FC000042D1
:10808200C8CE000050C92700000000000000000018
:10809200000000000000004CC8D3000000000000F7
:0680A200000000000000D8
:1043B500E490C9C6F0A3F090C8EEE0B4090040034C
:1043C5000254B49043CFF82828730243EA0245A665
:1043D50002477A02494E024B22024CF6024ECA02AD
:1043E500509E02527290C8F8E07002A3E06003028A
:1043F50044D37B017ABF798190C9E0F0A37404F0BE
:104405007F207E4012C2E490C9C6E4F0A37408F090
:104415007B017AC979C690C9E0E4F0A304F07F284E
:104425007E5012C2E47B017AC879CC90C9E0E4F0F1
:10443500A304F07F297E5012C2E47B017AC879F487
:1044450090C9E0E4F0A304F07F2A7E5012C2E47B19
:10445500017ABF79BD90C9E0E4F0A37408F07F301C
:104465007E4012C2E490C9C6E4F0A37410F07B014B
:104475007AC979C690C9E0E4F0A304F07F387E508C
:1044850012C2E47B017AC879CC90C9E0E4F0A304B8
:10449500F07F397E5012C2E47B017AC879F490C965
:1044A500E0E4F0A304F07F3A7E5012C2E47B017A87
:1044B500BF796F90C9E0E4F0A3740CF07440FFFE7F
:1044C50012C2E490C9C6E4F0A3740E02535890C812
:1044D500F8E07004A3E0640160030254B47B017A40
:1044E500BA797B90C9E0F0A37402F07F207E401278
:1044F500C2E490C9C6E4F0A37404F07B017AC979DB
:10450500C690C9E0E4F0A304F07F287E5012C2E40F
:104515007B017AC879D190C9E0E4F0A304F07F2942
:104525007E5012C2E47B017AC9790090C9E0E4F0BB
:10453500A304F07F2A7E5012C2E47B017ABA79EB9C
:1045450090C9E0E4F0A37405F07F307E4012C2E428
:1045550090C9C6E4F0A3740AF07B017AC979C690C4
:10456500C9E0E4F0A304F07F387E5012C2E47B0179
:104575007AC879D190C9E0E4F0A304F07F397E5080
:1045850012C2E47B017AC9790090C9E0E4F0A30482
:10459500F07F3A7E5012C2E47B017ABE793F024930
:1045A5003390C8F8E07002A3E0600302468F7B01F8
:1045B5007ABF79BD90C9E0F0A37408F07F207E40F2
:1045C50012C2E490C9C6E4F0A37410F07B017AC965
:1045D50079C690C9E0E4F0A304F07F287E5012C2AA
:1045E500E47B017AC879CC90C9E0E4F0A304F07FBC
:1045F500297E5012C2E47B017AC879F490C9E0E4BF
:10460500F0A304F07F2A7E5012C2E47B017ABF79C1
:104615006F90C9E0E4F0A37407F07F307E4012C2CA
:10462500E490C9C6E4F0A3740EF07B017AC979C69B
:1046350090C9E0E4F0A304F07F387E5012C2E47B19
:10464500017AC879CC90C9E0E4F0A304F07F397E03
:104655005012C2E47B017AC879F490C9E0E4F0A372
:1046650004F07F3A7E5012C2E47B017ABF795590FF
:10467500C9E0E4F0A37409F07440FFFE12C2E490AF
:10468500C9C6E4F0A3741202535890C8F8E0700448
:10469500A3E0640160030254B47B017ABA79EB901C
:1046A500C9E0F0A37405F07F207E4012C2E490C9F2
:1046B500C6E4F0A3740AF07B017AC979C690C9E013
:1046C500E4F0A304F07F287E5012C2E47B017AC88F
:1046D50079D190C9E0E4F0A304F07F297E5012C29D
:1046E500E47B017AC9790090C9E0E4F0A304F07F86
:1046F5002A7E5012C2E47B017ABE793F90C9E0E47C
:10470500F0A37407F07F307E4012C2E490C9C6E47E
:10471500F0A3740EF07B017AC979C690C9E0E4F084
:10472500A304F07F387E5012C2E47B017AC879D1A8
:1047350090C9E0E4F0A304F07F297E5012C2E47B27
:10474500017AC9790090C9E0E4F0A304F07F2A7EDC
:104755005012C2E47B017ABE791390C9E0E4F0A35C
:104765007406F07440FFFE12C2E490C9C6E4F0A3DB
:10477500740C02547490C8F8E07002A3E060030260
:1047850048637B017ABF796F90C9E0F0A37407F0A5
:104795007F207E4012C2E490C9C6E4F0A3740EF0F7
:1047A5007B017AC979C690C9E0E4F0A304F07F28BB
:1047B5007E5012C2E47B017AC879CC90C9E0E4F05E
:1047C500A304F07F297E5012C2E47B017AC879F4F4
:1047D50090C9E0E4F0A304F07F2A7E5012C2E47B86
:1047E500017ABF795590C9E0E4F0A37409F07F30F0
:1047F5007E4012C2E490C9C6E4F0A37412F07B01B6
:104805007AC979C690C9E0E4F0A304F07F387E50F8
:1048150012C2E47B017AC879CC90C9E0E4F0A30424
:10482500F07F397E5012C2E47B017AC879F490C9D1
:10483500E0E4F0A304F07F3A7E5012C2E47B017AF3
:10484500BA79A590C9E0E4F0A3740BF07440FFFEBB
:1048550012C2E490C9C6E4F0A3741602535890C876
:10486500F8E07004A3E0640160030254B47B017AAC
:10487500BE793F90C9E0F0A37407F07F207E401217
:10488500C2E490C9C6E4F0A3740EF07B017AC9793D
:10489500C690C9E0E4F0A304F07F287E5012C2E47C
:1048A5007B017AC879D190C9E0E4F0A304F07F29AF
:1048B5007E5012C2E47B017AC9790090C9E0E4F028
:1048C500A304F07F2A7E5012C2E47B017ABE7913DD
:1048D50090C9E0E4F0A37406F07F307E4012C2E494
:1048E50090C9C6E4F0A3740CF07B017AC979C6902F
:1048F500C9E0E4F0A304F07F387E5012C2E47B01E6
:104905007AC879D190C9E0E4F0A304F07F397E50EC
:1049150012C2E47B017AC9790090C9E0E4F0A304EE
:10492500F07F3A7E5012C2E47B017ABB794790C989
:10493500E0E4F0A37407F07440FFFE12C2E490C9EE
:10494500C6E4F0A3740E02547490C8F8E07002A394
:10495500E06003024A377B017ABF795590C9E0F0E0
:10496500A37409F07F207E4012C2E490C9C6E4F02A
:10497500A37412F07B017AC979C690C9E0E4F0A36B
:1049850004F07F287E5012C2E47B017AC879CC906E
:10499500C9E0E4F0A304F07F297E5012C2E47B0154
:1049A5007AC879F490C9E0E4F0A304F07F2A7E5038
:1049B50012C2E47B017ABA79A590C9E0E4F0A37448
:1049C5000BF07F307E4012C2E490C9C6E4F0A374B8
:1049D50016F07B017AC979C690C9E0E4F0A304F02A
:1049E5007F387E5012C2E47B017AC879CC90C9E049
:1049F500E4F0A304F07F397E5012C2E47B017AC84B
:104A050079F490C9E0E4F0A304F07F3A7E5012C235
:104A1500E47B017ABC79ED90C9E0E4F0A37408F079
:104A25007440FFFE12C2E490C9C6E4F0A3741002FC
:104A3500535890C8F8E07004A3E064016003025481
:104A4500B47B017ABE791390C9E0F0A37406F07FB8
:104A5500207E4012C2E490C9C6E4F0A3740CF07B3A
:104A6500017AC979C690C9E0E4F0A304F07F287EF5
:104A75005012C2E47B017AC879D190C9E0E4F0A371
:104A850004F07F297E5012C2E47B017AC979009037
:104A9500C9E0E4F0A304F07F2A7E5012C2E47B0152
:104AA5007ABB794790C9E0E4F0A37407F07F307EC4
:104AB5004012C2E490C9C6E4F0A3740EF07B017AFB
:104AC500C979C690C9E0E4F0A304F07F387E50129E
:104AD500C2E47B017AC879D190C9E0E4F0A304F07F
:104AE5007F397E5012C2E47B017AC9790090C9E012
:104AF500E4F0A304F07F3A7E5012C2E47B017ABB56
:104B050079A190C9E0E4F0A37405F07440FFFE12AA
:104B1500C2E490C9C6E4F0A3740A02547490C8F8BC
:104B2500E07002A3E06003024C0B7B017ABA79A521
:104B350090C9E0F0A3740BF07F207E4012C2E49090
:104B4500C9C6E4F0A37416F07B017AC979C690C989
:104B5500E0E4F0A304F07F287E5012C2E47B017AE2
:104B6500C879CC90C9E0E4F0A304F07F297E501207
:104B7500C2E47B017AC879F490C9E0E4F0A304F0BB
:104B85007F2A7E5012C2E47B017ABC79ED90C9E0A0
:104B9500E4F0A37408F07F307E4012C2E490C9C6E9
:104BA500E4F0A37410F07B017AC979C690C9E0E4FA
:104BB500F0A304F07F387E5012C2E47B017AC879F5
:104BC500CC90C9E0E4F0A304F07F397E5012C2E432
:104BD5007B017AC879F490C9E0E4F0A304F07F3A48
:104BE5007E5012C2E47B017ABA796B90C9E0E4F099
:104BF500A37408F07440FFFE12C2E490C9C6E4F045
:104C0500A3741002535890C8F8E07004A3E064013F
:104C150060030254B47B017ABB794790C9E0F0A3E5
:104C25007407F07F207E4012C2E490C9C6E4F0A369
:104C3500740EF07B017AC979C690C9E0E4F0A3044B
:104C4500F07F287E5012C2E47B017AC879D190C9E1
:104C5500E0E4F0A304F07F297E5012C2E47B017AE0
:104C6500C9790090C9E0E4F0A304F07F2A7E5012D0
:104C7500C2E47B017ABB79A190C9E0E4F0A3740595
:104C8500F07F307E4012C2E490C9C6E4F0A3740AF6
:104C9500F07B017AC979C690C9E0E4F0A304F07FFE
:104CA500387E5012C2E47B017AC879D190C9E0E41C
:104CB500F0A304F07F397E5012C2E47B017AC979F2
:104CC5000090C9E0E4F0A304F07F3A7E5012C2E4FC
:104CD5007B017ABB792D90C9E0E4F0A37402F074EE
:104CE50040FFFE12C2E490C9C6E4F0A37404025466
:104CF5007490C8F8E07002A3E06003024DDF7B0109
:104D05007ABC79ED90C9E0F0A37408F07F207E406D
:104D150012C2E490C9C6E4F0A37410F07B017AC90D
:104D250079C690C9E0E4F0A304F07F287E5012C252
:104D3500E47B017AC879CC90C9E0E4F0A304F07F64
:104D4500297E5012C2E47B017AC879F490C9E0E467
:104D5500F0A304F07F2A7E5012C2E47B017ABA796F
:104D65006B90C9E0E4F0A37408F07F307E4012C276
:104D7500E490C9C6E4F0A37410F07B017AC979C642
:104D850090C9E0E4F0A304F07F387E5012C2E47BC2
:104D9500017AC879CC90C9E0E4F0A304F07F397EAC
:104DA5005012C2E47B017AC879F490C9E0E4F0A31B
:104DB50004F07F3A7E5012C2E47B017ABE79C79037
:104DC500C9E0E4F0A37409F07440FFFE12C2E49058
:104DD500C9C6E4F0A3741202535890C8F8E07004F1
:104DE500A3E0640160030254B47B017ABB79A1900E
:104DF500C9E0F0A37405F07F207E4012C2E490C99B
:104E0500C6E4F0A3740AF07B017AC979C690C9E0BB
:104E1500E4F0A304F07F287E5012C2E47B017AC837
:104E250079D190C9E0E4F0A304F07F297E5012C245
:104E3500E47B017AC9790090C9E0E4F0A304F07F2E
:104E45002A7E5012C2E47B017ABB792D90C9E0E439
:104E5500F0A37402F07F307E4012C2E490C9C6E42C
:104E6500F0A37404F07B017AC979C690C9E0E4F037
:104E7500A304F07F387E5012C2E47B017AC879D151
:104E850090C9E0E4F0A304F07F397E5012C2E47BC0
:104E9500017AC9790090C9E0E4F0A304F07F3A7E75
:104EA5005012C2E47B017ABF791F90C9E0E4F0A3F8
:104EB5007404F07440FFFE12C2E490C9C6E4F0A386
:104EC500740802547490C8F8E07002A3E06003020D
:104ED5004FB37B017ABA796B90C9E0F0A37408F0FF
:104EE5007F207E4012C2E490C9C6E4F0A37410F09E
:104EF5007B017AC979C690C9E0E4F0A304F07F2864
:104F05007E5012C2E47B017AC879CC90C9E0E4F006
:104F1500A304F07F297E5012C2E47B017AC879F49C
:104F250090C9E0E4F0A304F07F2A7E5012C2E47B2E
:104F3500017ABE79C790C9E0E4F0A37409F07F3027
:104F45007E4012C2E490C9C6E4F0A37412F07B015E
:104F55007AC979C690C9E0E4F0A304F07F387E50A1
:104F650012C2E47B017AC879CC90C9E0E4F0A304CD
:104F7500F07F397E5012C2E47B017AC879F490C97A
:104F8500E0E4F0A304F07F3A7E5012C2E47B017A9C
:104F9500BB790990C9E0E4F0A37408F07440FFFE02
:104FA50012C2E490C9C6E4F0A3741002535890C825
:104FB500F8E07004A3E0640160030254B47B017A55
:104FC500BB792D90C9E0F0A37402F07F207E4012DA
:104FD500C2E490C9C6E4F0A37404F07B017AC979F0
:104FE500C690C9E0E4F0A304F07F287E5012C2E425
:104FF5007B017AC879D190C9E0E4F0A304F07F2958
:105005007E5012C2E47B017AC9790090C9E0E4F0D0
:10501500A304F07F2A7E5012C2E47B017ABF791F78
:1050250090C9E0E4F0A37404F07F307E4012C2E43E
:1050350090C9C6E4F0A37408F07B017AC979C690DB
:10504500C9E0E4F0A304F07F387E5012C2E47B018E
:105055007AC879D190C9E0E4F0A304F07F397E5095
:1050650012C2E47B017AC9790090C9E0E4F0A30497
:10507500F07F3A7E5012C2E47B017ABB79AB90C9CE
:10508500E0E4F0A37407F07440FFFE12C2E490C997
:10509500C6E4F0A3740E02547490C8F8E07002A33D
:1050A500E060030251877B017ABE79C790C9E0F0C1
:1050B500A37409F07F207E4012C2E490C9C6E4F0D3
:1050C500A37412F07B017AC979C690C9E0E4F0A314
:1050D50004F07F287E5012C2E47B017AC879CC9017
:1050E500C9E0E4F0A304F07F297E5012C2E47B01FD
:1050F5007AC879F490C9E0E4F0A304F07F2A7E50E1
:1051050012C2E47B017ABB790990C9E0E4F0A3748B
:1051150008F07F307E4012C2E490C9C6E4F0A37463
:1051250010F07B017AC979C690C9E0E4F0A304F0D8
:105135007F387E5012C2E47B017AC879CC90C9E0F1
:10514500E4F0A304F07F397E5012C2E47B017AC8F3
:1051550079F490C9E0E4F0A304F07F3A7E5012C2DE
:10516500E47B017ABF798190C9E0E4F0A37404F08F
:105175007440FFFE12C2E490C9C6E4F0A3740802AD
:10518500535890C8F8E07004A3E06401600302542A
:10519500B47B017ABF791F90C9E0F0A37404F07F56
:1051A500207E4012C2E490C9C6E4F0A37408F07BE7
:1051B500017AC979C690C9E0E4F0A304F07F287E9E
:1051C5005012C2E47B017AC879D190C9E0E4F0A31A
:1051D50004F07F297E5012C2E47B017AC9790090E0
:1051E500C9E0E4F0A304F07F2A7E5012C2E47B01FB
:1051F5007ABB79AB90C9E0E4F0A37407F07F307E09
:105205004012C2E490C9C6E4F0A3740EF07B017AA3
:10521500C979C690C9E0E4F0A304F07F387E501246
:10522500C2E47B017AC879D190C9E0E4F0A304F027
:105235007F397E5012C2E47B017AC9790090C9E0BA
:10524500E4F0A304F07F3A7E5012C2E47B017ABAFF
:10525500797B90C9E0E4F0A37402F07440FFFE127C
:10526500C2E490C9C6E4F0A3740402547490C8F86B
:10527500E07002A3E0600302538C7B017ABB7909DD
:1052850090C9E0F0A37408F07F207E4012C2E4903C
:10529500C9C6E4F0A37410F07B017AC979C690C938
:1052A500E0E4F0A304F07F287E5012C2E47B017A8B
:1052B500C879CC90C9E0E4F0A304F07F297E5012B0
:1052C500C2E47B017AC879F490C9E0E4F0A304F064
:1052D5007F2A7E5012C2E47B017ABF798190C9E0B2
:1052E500E4F0A37404F07F307E4012C2E490C9C696
:1052F500E4F0A37408F07B017AC979C690C9E0E4AB
:10530500F0A304F07F387E5012C2E47B017AC8799D
:10531500CC90C9E0E4F0A304F07F397E5012C2E4DA
:105325007B017AC879F490C9E0E4F0A304F07F3AF0
:105335007E5012C2E47B017ABF79BD90C9E0E4F0EA
:10534500A37408F07440FFFE12C2E490C9C6E4F0ED
:10535500A37410F07B017AC979C690C9E0E4F0A383
:1053650004F07F487E5012C2E47B017AC879CC9064
:10537500C9E0E4F0A304F07F497E5012C2E47B014A
:105385007AC879F40254A590C8F8E07004A3E064E3
:105395000160030254B47B017ABB79AB90C9E0F09C
:1053A500A37407F07F207E4012C2E490C9C6E4F0E2
:1053B500A3740EF07B017AC979C690C9E0E4F0A325
:1053C50004F07F287E5012C2E47B017AC879D1901F
:1053D500C9E0E4F0A304F07F297E5012C2E47B010A
:1053E5007AC9790090C9E0E4F0A304F07F2A7E50E1
:1053F50012C2E47B017ABA797B90C9E0E4F0A37428
:1054050002F07F307E4012C2E490C9C6E4F0A37476
:1054150004F07B017AC979C690C9E0E4F0A304F0F1
:105425007F387E5012C2E47B017AC879D190C9E0F9
:10543500E4F0A304F07F397E5012C2E47B017AC9FF
:10544500790090C9E0E4F0A304F07F3A7E5012C2DF
:10545500E47B017ABA79EB90C9E0E4F0A37405F036
:105465007440FFFE12C2E490C9C6E4F0A3740AF0CA
:105475007B017AC979C690C9E0E4F0A304F07F48BE
:105485007E5012C2E47B017AC879D190C9E0E4F07C
:10549500A304F07F497E5012C2E47B017AC97900EA
:0F54A50090C9E0E4F0A304F07F4A7E5012C2E405
:0154B40022D5
:10EFBC00EF64014E701390C8EEE070057408F08099
:10EFCC001F90C8EEE014F08017EF64024E701190A1
:10EFDC00C8EEE0B40804E4F0800690C8EEE004F05B
:03EFEC000243B528
:10C60A0090C91EE0705A7F637E5012F1A37F937E19
:10C61A005012F2927F237E5112F2927F537E511270
:10C62A00F29290C8EFE06401702890C93BE070096B
:10C63A007F737E5012F1A3802090C93BE0640160B1
:10C64A000302C7957F737E5012F2927F837E500257
:10C65A00C7847F737E5012F2927F837E5002C79204
:10C66A0090C91EE06401705F7F637E5012F2927F70
:10C67A00937E5012F1A37F237E5112F2927F537E52
:10C68A005112F29290C8EFE06401702D90C93BE01C
:10C69A00700E7F037E5112F1A37F137E5102C7925F
:10C6AA0090C93BE06401600302C7957F037E511283
:10C6BA00F2927F137E5102C7847F037E5112F29257
:10C6CA007F137E5102C79290C91EE06402705A7F9E
:10C6DA00637E5012F2927F937E5012F2927F237EF3
:10C6EA005112F1A37F537E5112F29290C8EFE06487
:10C6FA0001702990C93BE0700E7F337E5112F1A37D
:10C70A007F437E5102C79290C93BE06401707C7FEF
:10C71A00337E5112F2927F437E51805E7F337E5187
:10C72A0012F2927F437E51805F90C91EE0640370CB
:10C73A005A7F637E5012F2927F937E5012F2927F5A
:10C74A00237E5112F2927F537E5112F1A390C8EFC9
:10C75A00E06401702890C93BE0700D7F637E51123E
:10C76A00F1A37F737E51802090C93BE0B4011C7F06
:10C77A00637E5112F2927F737E5102F1A37F637E30
:0CC78A005112F2927F737E5112F2922243
:0892870090C9C4EEF0A3EFF062
:10928F004E700990C91EF090C8EFF02290C9C4E04B
:10929F007004A3E0640160030295F190C8EFE070E1
:1092AF001590C91EE070067403F002997D90C91ED7
:1092BF00E014F002997D90C93BE060030294619045
:1092CF00C91EE0705F7B017AC979C690C9CDF0A342
:1092DF0004F07F007E8112BDBF90C906E0FEA3E0BF
:1092EF00FFD39401EE94004028D390C90AE09F90D9
:1092FF00C909E09E401BD390C9C7E09F90C9C6E043
:10930F009E400E90C907E024FFF090C906E034FF9D
:10931F00F07B017AC9790690C9E0E4F0A304F07FED
:10932F00700294C690C91EE06401705A7B017AC91D
:10933F0079C690C9CDF0A304F07F027E8112BDBF24
:10934F0090C8FEE0FEA3E0FFD39401EE940040230B
:10935F00D390C904E09F90C903E09E4016EF94029A
:10936F00EE9481500E90C8FFE024FFF090C8FEE00D
:10937F0034FFF07B017AC879FE90C9E0E4F0A304D2
:10938F00F07F0002952790C91EE06402705A7B019E
:10939F007AC979C690C9CDF0A304F07F047E8112FB
:1093AF00BDBF90C93CE0FEA3E0FFD39400EE940054
:1093BF004023D390C941E09F90C940E09E4016EFF3
:1093CF009404EE9481500E90C93DE024FFF090C9B3
:1093DF003CE034FFF07B017AC9793C90C9E0E4F0BE
:1093EF00A304F07F3002952790C91EE06403600349
:1093FF0002997D7B017AC979C690C9CDF0A304F09B
:10940F007F067E8112BDBF90C90CE0FEA3E0FFD3A3
:10941F009401EE94004028D390C90FE09F90C90E9D
:10942F00E09E401BD390C9C7E09F90C9C6E09E4005
:10943F000E90C90DE024FFF090C90CE034FFF07BD3
:10944F00017AC9790C90C9E0E4F0A304F07F6002BF
:10945F00952790C93BE06401600302997D90C91E76
:10946F00E070597B017AC979C690C9CDF0A304F099
:10947F007F007E8112BDBF90C906E0FEA3E0FF9082
:10948F00C909E0FCA3E0FDD39FEC9E401A90C9C729
:10949F00E09D90C9C6E09C500E90C90AE024FFF0F1
:1094AF0090C909E034FFF07B017AC9790990C9E0CE
:1094BF00E4F0A304F07F807E400295EB90C91EE09C
:1094CF00640170597B017AC979C690C9CDF0A304A4
:1094DF00F07F027E8112BDBF90C8FEE0FEA3E0FFC9
:1094EF0090C903E0FCA3E0FDD39FEC9E401A90C906
:1094FF00C7E09D90C9C6E09C500E90C904E024FFC0
:10950F00F090C903E034FFF07B017AC9790390C969
:10951F00E0E4F0A304F07F107E410295EB90C91EAA
:10952F00E0640270587B017AC979C690C9CDF0A367
:10953F0004F07F047E8112BDBF90C93CE0FEA3E022
:10954F00FF90C940E0FCA3E0FDD39FEC9E401A9032
:10955F00C9C7E09D90C9C6E09C500E90C941E02458
:10956F00FFF090C940E034FFF07B017AC979409059
:10957F00C9E0E4F0A304F07F407E41805F90C91EF4
:10958F00E06403600302997D7B017AC979C690C9B3
:10959F00CDF0A304F07F067E8112BDBF90C90CE011
:1095AF00FEA3E0FFA3E0FCA3E0FDD39FEC9E401AD7
:1095BF0090C9C7E09D90C9C6E09C500E90C90FE0BE
:1095CF0024FFF090C90EE034FFF07B017AC9790EC9
:1095DF0090C9E0E4F0A304F07F707E4112C2E40270
:1095EF00997D90C9C4E07004A3E0640260030299FE
:1095FF004F90C8EFE0701590C91EE0B40305E4F07A
:10960F0002994D90C91EE004F002994D90C93BE0BC
:10961F0060030297A190C91EE070577B017AC97948
:10962F00C690C9CDF0A304F07F007E8112BDBF901C
:10963F00C906E0FEA3E0FFD390C90AE09F90C909D5
:10964F00E09E401BD390C9C7E09F90C9C6E09E40E3
:10965F000E90C907E004F0700690C906E004F07B95
:10966F00017AC9790690C9E0E4F0A304F07F700293
:10967F00980E90C91EE0640170577B017AC979C6B4
:10968F0090C9CDF0A304F07F027E8112BDBF90C8B8
:10969F00FEE0FEA3E0FFD390C904E09F90C903E072
:1096AF009E401BD390C9C7E09F90C9C6E09E400E55
:1096BF0090C8FFE004F0700690C8FEE004F07B0154
:1096CF007AC879FE90C9E0E4F0A304F07F00029815
:1096DF007790C91EE0640270577B017AC979C690F2
:1096EF00C9CDF0A304F07F047E8112BDBF90C93CA9
:1096FF00E0FEA3E0FFD390C941E09F90C940E09EF8
:10970F00401BD390C9C7E09F90C9C6E09E400E9002
:10971F00C93DE004F0700690C93CE004F07B017A8B
:10972F00C9793C90C9E0E4F0A304F07F3002987748
:10973F0090C91EE06403600302994D7B017AC979D9
:10974F00C690C9CDF0A304F07F067E8112BDBF90F5
:10975F00C90CE0FEA3E0FFD390C90FE09F90C90EA4
:10976F00E09E401BD390C9C7E09F90C9C6E09E40C2
:10977F000E90C90DE004F0700690C90CE004F07B68
:10978F00017AC9790C90C9E0E4F0A304F07F60027C
:10979F00987790C93BE06401600302994D90C91E10
:1097AF00E070617B017AC979C690C9CDF0A304F04E
:1097BF007F007E8112BDBF90C909E0FEA3E0FFC309
:1097CF0094DCEE9400502890C906E0FCA3E0FDEF76
:1097DF009DEE9C401A90C9C7E09F90C9C6E09E506D
:1097EF000E90C90AE004F0700690C909E004F07BFE
:1097FF00017AC9790990C9E0E4F0A304F07F807E73
:10980F004002994A90C91EE0640170617B017AC9D8
:10981F0079C690C9CDF0A304F07F027E8112BDBF3F
:10982F0090C903E0FEA3E0FFC394DCEE9400502840
:10983F0090C8FEE0FCA3E0FDEF9DEE9C401A90C99E
:10984F00C7E09F90C9C6E09E500E90C904E004F097
:10985F00700690C903E004F07B017AC9790390C9BF
:10986F00E0E4F0A304F07F107E4102994A90C91EF4
:10987F00E0640270607B017AC979C690C9CDF0A30C
:10988F0004F07F047E8112BDBF90C940E0FEA3E0CB
:10989F00FFC39414EE9400502890C93CE0FCA3E061
:1098AF00FDEF9DEE9C401A90C9C7E09F90C9C6E09E
:1098BF009E500E90C941E004F0700690C940E0043C
:1098CF00F07B017AC9794090C9E0E4F0A304F07FFE
:1098DF00407E41806690C91EE0640370617B017A0F
:1098EF00C979C690C9CDF0A304F07F067E8112BD61
:1098FF00BF90C90EE0FEA3E0FFC394B4EE940050F6
:10990F002890C90CE0FCA3E0FDEF9DEE9C401A905F
:10991F00C9C7E09F90C9C6E09E500E90C90FE004E2
:10992F00F0700690C90EE004F07B017AC9790E90B1
:10993F00C9E0E4F0A304F07F707E4112C2E4802EF0
:10994F0090C9C4E07004A3E06403702590C8EFE0F1
:10995F00700404F0801890C93BE0FF700404F0809D
:10996F000DEFB40109E490C8EFF090C93BF012C6B7
:01997F000ADD
:0199800022C4
:10D31A0090C91EE014604614607B14700302D3D8CF
:10D32A002403600302D41490C8EFE070097F037EDF
:10D33A005112F292800D90C93BE0700B7F037E512F
:10D34A0012F1A37F13806E90C93BE064016003026F
:10D35A00D4147F037E5112F2927F13806D90C8EF2E
:10D36A00E0700B7F337E5112F2927F43804790C95F
:10D37A003BE0700B7F337E5112F1A37F43803690DE
:10D38A00C93BE06401600302D4147F337E5112F278
:10D39A00927F43803590C8EFE0700B7F637E511215
:10D3AA00F2927F73800F90C93BE0700D7F637E51CC
:10D3BA0012F1A37F737E51803990C93BE0640170FA
:10D3CA00497F637E5112F2927F737E51803990C8F1
:10D3DA00EFE0700D7F937E5112F2927F037E5280AE
:10D3EA001190C93BE0700E7F937E5112F1A37F0327
:10D3FA007E5202F29290C93BE0B4010E7F937E51B5
:0BD40A0012F2927F037E5212F1A32267
:10DCA500EE702CEF24FE601604702490C91EE070FF
:10DCB500057403F0801990C91EE014F0801190C915
:10DCC5001EE0B40304E4F0800690C91EE004F09061
:10DCD500C91EE014601A14602E1460472403705F97
:10DCE5007F937E5012F1A37F237E5112F292800E14
:10DCF5007F937E5012F2927F237E5112F1A37F53C0
:10DD05007E5112F29280157F937E5012F2927F23FC
:10DD15007E5112F2927F537E5112F1A37F837E5181
:10DD250002F2927F937E5012F2927F237E5112F27D
:10DD3500927F537E5112F2927F837E5112F1A3227C
:10D10A0090C902E0702FEE702CEF24FE60160470B6
:10D11A002490C8CBE070057405F0801990C8CBE064
:10D12A0014F0801190C8CBE0B40504E4F0800690B6
:10D13A00C8CBE004F090C8CBE014602614603A141F
:10D14A00605514607714700302D1F024056003025D
:10D15A00D21A7F937E5112F1A37F137E5212F2925A
:10D16A00800E7F937E5112F2927F137E5212F1A3A8
:10D17A007F337E5212F29280157F937E5112F29281
:10D18A007F137E5212F2927F337E5212F1A37F53A3
:10D19A007E5212F292801C7F937E5112F2927F137A
:10D1AA007E5212F2927F337E5212F2927F537E5255
:10D1BA0012F1A37F737E5212F29280237F937E51E3
:10D1CA0012F2927F137E5212F2927F337E5212F241
:10D1DA00927F537E5212F2927F737E5212F1A37F94
:10D1EA00937E5202F2927F937E5112F2927F137EC5
:10D1FA005212F2927F337E5212F2927F537E521271
:10D20A00F2927F737E5212F2927F937E5212F1A3B0
:01D21A0022F1
:1087FF0090C9C4E4F0A3740AF0E4A3F0A3F0A3F0CB
:10880F00A304F0E4A3F0A3F090C902E06003029187
:10881F002F04F090C8CBE014700302898F147003FB
:10882F00028AD5147003028C1B147003028D61141D
:10883F007003028EA724056003028FE07B017ABDCF
:10884F00791390C9E0E4F0A37402F07F007E421226
:10885F00C2E490C9C6E4F0A37404F07B017AC9792D
:10886F00C690C9E0E4F0A304F07F087E5212C2E480
:10887F007B017ABA794390C9E0E4F0A37403F07FE7
:10888F00207E4212C2E490C9C6E4F0A37406F07BC6
:10889F00017AC979C690C9E0E4F0A304F07F287E7D
:1088AF005212C2E47B017ABA794390C9E0E4F0A393
:1088BF007403F07F407E4212C2E490C9C6E4F0A375
:1088CF007406F07B017AC979C690C9E0E4F0A3047D
:1088DF00F07F487E5212C2E47B017ABA794390C985
:1088EF00E0E4F0A37403F07F607E4212C2E490C90B
:1088FF00C6E4F0A37406F07B017AC979C690C9E08B
:10890F00E4F0A304F07F687E5212C2E47B017ABACE
:10891F00794390C9E0E4F0A37403F07F807E4212A4
:10892F00C2E490C9C6E4F0A37406F07B017AC9795A
:10893F00C690C9E0E4F0A304F07F887E5212C2E42F
:10894F007B017ABA794390C9E0E4F0A37403F07F16
:10895F00007E4312C2E490C9C6E4F0A37406F07B14
:10896F00017AC979C690C9E0E4F0A304F07F087ECC
:10897F005312C2E490C8F6E4F0A304F0FB028FD5C3
:10898F007B017ABA794390C9E0E4F0A37403F07FD6
:10899F00007E4212C2E490C9C6E4F0A37406F07BD5
:1089AF00017AC979C690C9E0E4F0A304F07F087E8C
:1089BF005212C2E47B017ABD791390C9E0E4F0A3AF
:1089CF007402F07F207E4212C2E490C9C6E4F0A385
:1089DF007404F07B017AC979C690C9E0E4F0A3046E
:1089EF00F07F287E5212C2E47B017ABA794390C994
:1089FF00E0E4F0A37403F07F407E4212C2E490C91A
:108A0F00C6E4F0A37406F07B017AC979C690C9E079
:108A1F00E4F0A304F07F487E5212C2E47B017ABADD
:108A2F00794390C9E0E4F0A37403F07F607E4212B3
:108A3F00C2E490C9C6E4F0A37406F07B017AC97949
:108A4F00C690C9E0E4F0A304F07F687E5212C2E43E
:108A5F007B017ABA794390C9E0E4F0A37403F07F05
:108A6F00807E4212C2E490C9C6E4F0A37406F07B84
:108A7F00017AC979C690C9E0E4F0A304F07F887E3B
:108A8F005212C2E47B017ABA794390C9E0E4F0A3B1
:108A9F007403F07F007E4312C2E490C9C6E4F0A3D2
:108AAF007406F07B017AC979C690C9E0E4F0A3049B
:108ABF00F07F087E5312C2E490C8F6E4F0A374026C
:108ACF00F07B01028FD57B017ABA794390C9E0E43C
:108ADF00F0A37403F07F007E4212C2E490C9C6E493
:108AEF00F0A37406F07B017AC979C690C9E0E4F06F
:108AFF00A304F07F087E5212C2E47B017ABA794355
:108B0F0090C9E0E4F0A37403F07F207E4212C2E428
:108B1F0090C9C6E4F0A37406F07B017AC979C690B8
:108B2F00C9E0E4F0A304F07F287E5212C2E47B0177
:108B3F007ABD791390C9E0E4F0A37402F07F407E10
:108B4F004212C2E490C9C6E4F0A37404F07B017A28
:108B5F00C979C690C9E0E4F0A304F07F487E5212B1
:108B6F00C2E47B017ABA794390C9E0E4F0A37403BD
:108B7F00F07F607E4212C2E490C9C6E4F0A374068F
:108B8F00F07B017AC979C690C9E0E4F0A304F07FC5
:108B9F00687E5212C2E47B017ABA794390C9E0E44D
:108BAF00F0A37403F07F807E4212C2E490C9C6E442
:108BBF00F0A37406F07B017AC979C690C9E0E4F09E
:108BCF00A304F07F887E5212C2E47B017ABA794304
:108BDF0090C9E0E4F0A37403F07F007E4312C2E477
:108BEF0090C9C6E4F0A37406F07B017AC979C690E8
:108BFF00C9E0E4F0A304F07F087E5312C2E490C8EA
:108C0F00F6E4F0A37404F07B01028FD57B017ABAEE
:108C1F00794390C9E0E4F0A37403F07F007E421221
:108C2F00C2E490C9C6E4F0A37406F07B017AC97957
:108C3F00C690C9E0E4F0A304F07F087E5212C2E4AC
:108C4F007B017ABA794390C9E0E4F0A37403F07F13
:108C5F00207E4212C2E490C9C6E4F0A37406F07BF2
:108C6F00017AC979C690C9E0E4F0A304F07F287EA9
:108C7F005212C2E47B017ABA794390C9E0E4F0A3BF
:108C8F007403F07F407E4212C2E490C9C6E4F0A3A1
:108C9F007406F07B017AC979C690C9E0E4F0A304A9
:108CAF00F07F487E5212C2E47B017ABD791390C9DE
:108CBF00E0E4F0A37402F07F607E4212C2E490C938
:108CCF00C6E4F0A37404F07B017AC979C690C9E0B9
:108CDF00E4F0A304F07F687E5212C2E47B017ABAFB
:108CEF00794390C9E0E4F0A37403F07F807E4212D1
:108CFF00C2E490C9C6E4F0A37406F07B017AC97987
:108D0F00C690C9E0E4F0A304F07F887E5212C2E45B
:108D1F007B017ABA794390C9E0E4F0A37403F07F42
:108D2F00007E4312C2E490C9C6E4F0A37406F07B40
:108D3F00017AC979C690C9E0E4F0A304F07F087EF8
:108D4F005312C2E490C8F6E4F0A37408F07B01025A
:108D5F008FD57B017ABA794390C9E0E4F0A374030D
:108D6F00F07F007E4212C2E490C9C6E4F0A37406FD
:108D7F00F07B017AC979C690C9E0E4F0A304F07FD3
:108D8F00087E5212C2E47B017ABA794390C9E0E4BB
:108D9F00F0A37403F07F207E4212C2E490C9C6E4B0
:108DAF00F0A37406F07B017AC979C690C9E0E4F0AC
:108DBF00A304F07F287E5212C2E47B017ABA794372
:108DCF0090C9E0E4F0A37403F07F407E4212C2E446
:108DDF0090C9C6E4F0A37406F07B017AC979C690F6
:108DEF00C9E0E4F0A304F07F487E5212C2E47B0195
:108DFF007ABA794390C9E0E4F0A37403F07F607E00
:108E0F004212C2E490C9C6E4F0A37406F07B017A63
:108E1F00C979C690C9E0E4F0A304F07F687E5212CE
:108E2F00C2E47B017ABD791390C9E0E4F0A3740228
:108E3F00F07F807E4212C2E490C9C6E4F0A37404AE
:108E4F00F07B017AC979C690C9E0E4F0A304F07F02
:108E5F00887E5212C2E47B017ABA794390C9E0E46A
:108E6F00F0A37403F07F007E4312C2E490C9C6E4FE
:108E7F00F0A37406F07B017AC979C690C9E0E4F0DB
:108E8F00A304F07F087E5312C2E490C8F6E4F0A367
:108E9F007410F07B01028FD57B017ABA794390C9A8
:108EAF00E0E4F0A37403F07F007E4212C2E490C9A5
:108EBF00C6E4F0A37406F07B017AC979C690C9E0C5
:108ECF00E4F0A304F07F087E5212C2E47B017ABA69
:108EDF00794390C9E0E4F0A37403F07F207E42123F
:108EEF00C2E490C9C6E4F0A37406F07B017AC97995
:108EFF00C690C9E0E4F0A304F07F287E5212C2E4CA
:108F0F007B017ABA794390C9E0E4F0A37403F07F50
:108F1F00407E4212C2E490C9C6E4F0A37406F07B0F
:108F2F00017AC979C690C9E0E4F0A304F07F487EC6
:108F3F005212C2E47B017ABA794390C9E0E4F0A3FC
:108F4F007403F07F607E4212C2E490C9C6E4F0A3BE
:108F5F007406F07B017AC979C690C9E0E4F0A304E6
:108F6F00F07F687E5212C2E47B017ABA794390C9CE
:108F7F00E0E4F0A37403F07F807E4212C2E490C954
:108F8F00C6E4F0A37406F07B017AC979C690C9E0F4
:108F9F00E4F0A304F07F887E5212C2E47B017ABD15
:108FAF00791390C9E0E4F0A37402F07F007E4312BE
:108FBF00C2E490C9C6E4F0A37404F090C8F6E4F0DC
:108FCF00A37420F07B017AC879F690C9E0E402928D
:108FDF007BE490C902F07B017ABA794390C9E0F043
:108FEF00A37403F07F007E4212C2E490C9C6E4F07E
:108FFF00A37406F07B017AC979C690C9E0E4F0A3A7
:10900F0004F07F087E5212C2E47B017ABA79439052
:10901F00C9E0E4F0A37403F07F207E4212C2E49013
:10902F00C9C6E4F0A37406F07B017AC979C690C96A
:10903F00E0E4F0A304F07F287E5212C2E47B017AB1
:10904F00BA794390C9E0E4F0A37403F07F407E4205
:10905F0012C2E490C9C6E4F0A37406F07B017AC98A
:10906F0079C690C9E0E4F0A304F07F487E5212C2A3
:10907F00E47B017ABA794390C9E0E4F0A37403F07A
:10908F007F607E4212C2E490C9C6E4F0A37406F07A
:10909F007B017AC979C690C9E0E4F0A304F07F6838
:1090AF007E5212C2E47B017ABA794390C9E0E4F0B0
:1090BF00A37403F07F807E4212C2E490C9C6E4F02D
:1090CF00A37406F07B017AC979C690C9E0E4F0A3D6
:1090DF0004F07F887E5212C2E47B017ABA79439002
:1090EF00C9E0E4F0A37403F07F007E4312C2E49062
:1090FF00C9C6E4F0A37406F07B017AC979C690C99A
:10910F00E0E4F0A304F07F087E5312C2E4E490C8B9
:10911F00F6F0A3F07B017AC879F690C9E002927B52
:10912F00E490C902F07B017ABA794390C9E0F0A3C9
:10913F007403F07F007E4212C2E490C9C6E4F0A32C
:10914F007406F07B017AC979C690C9E0E4F0A304F4
:10915F00F07F087E5212C2E47B017ABA794390C93C
:10916F00E0E4F0A37403F07F207E4212C2E490C9C2
:10917F00C6E4F0A37406F07B017AC979C690C9E002
:10918F00E4F0A304F07F287E5212C2E47B017ABA86
:10919F00794390C9E0E4F0A37403F07F407E42125C
:1091AF00C2E490C9C6E4F0A37406F07B017AC979D2
:1091BF00C690C9E0E4F0A304F07F487E5212C2E4E7
:1091CF007B017ABA794390C9E0E4F0A37403F07F8E
:1091DF00607E4212C2E490C9C6E4F0A37406F07B2D
:1091EF00017AC979C690C9E0E4F0A304F07F687EE4
:1091FF005212C2E47B017ABA794390C9E0E4F0A33A
:10920F007403F07F807E4212C2E490C9C6E4F0A3DB
:10921F007406F07B017AC979C690C9E0E4F0A30423
:10922F00F07F887E5212C2E47B017ABA794390C9EB
:10923F00E0E4F0A37403F07F007E4312C2E490C910
:10924F00C6E4F0A37406F07B017AC979C690C9E031
:10925F00E4F0A304F07F087E5312C2E4E490C8F652
:10926F00F0A3F07B017AC879F690C9E0F0A304F07F
:07927F007F007E8312C2E4B0
:0192860022C5
:10CFED0090C9C4EEF0A3EFF064014E600C90C9C47B
:10CFFD00E07004A3E06402702D90C8E1E0700404B9
:10D00D00F08005E490C8E1F090C8E1E07F437E53E5
:10D01D00700A12F1A37453FFFE02F29212F292748F
:10D02D0053FFFE02F1A390C9C4E07004A3E06403B2
:10D03D00600302D10990C8E1E0701990C8F8E07062
:10D04D0002A3E090C8127006741BF002D10174396E
:10D05D00F002D10190C8E1E06401600302D1097BC7
:10D06D00017AC879FA90C9E0F0A304F07F007E81BF
:10D07D0012C2E47B017AC879E290C9E0E4F0A3041E
:10D08D00F07F027E8112C2E47B017AC9793790C9A3
:10D09D00E0E4F0A304F07F047E8112C2E47B017A08
:10D0AD00C9792590C9E0E4F0A304F07F087E8112D0
:10D0BD00C2E47B017AC9791690C9E0E4F0A304F0CB
:10D0CD007F0A7E8112C2E47B017AC9791090C9E092
:10D0DD00E4F0A304F07F067E8112C2E412B2CA907E
:10D0ED00C8F8E07002A3E090C8127005741BF080C0
:0DD0FD00037439F090C812E0FF12EE7722A4
:10DE730090C9C4EEF0A3EFF064014E600C90C9C4E6
:10DE8300E07004A3E06402703290C908E0FF7004FC
:10DE930004F08009EFB40105E490C908F090C908C3
:10DEA300E07F737E53700A12F1A37F837E5302F2E5
:10DEB3009212F2927F837E5302F1A390C9C4E07061
:10DEC30004A3E06403703A90C908E0701790C8F89F
:10DED300E07002A3E090C81270057420F0801A74F9
:10DEE3003EF0801590C8F8E07002A3E090C812706D
:10DEF300057421F08003743FF090C812E0FF12EE26
:02DF0300772283
:10E1C700EF64014E6006EF64024E701690C905E0D9
:10E1D700FD700404F0803BED6401703690C905F0D2
:10E1E7008030EF64034E702A90C905E0700D90C827
:10E1F700F8F0A3F01254B57F23801490C905E0B45A
:10E20700011090C8F8E4F0A304F01270937F411254
:10E21700F38B90C905E0700E7F537E5512F1A37FF3
:10E22700637E5502F29290C905E0B4010E7F537EDA
:0CE237005512F2927F637E5512F1A32273
:1054B500E490C9C4F0A3F01243B57B017ABC79131B
:1054C50090C9E0E4F0A37403F07F207E2412C2E4C7
:1054D50090C9C4E4F0A37406F07B017AC979C4903D
:1054E500C9E0E4F0A304F07F287E1412C2E47B0136
:1054F5007AC879CC90C9E0E4F0A304F07F297E1442
:1055050012C2E47B017AC879F490C9E0E4F0A304FF
:10551500F07F2A7E1412C2E47B017ABB799990C987
:10552500E0E4F0A37403F07F307E2412C2E490C956
:10553500C4E4F0A37406F07B017AC979C490C9E08C
:10554500E4F0A304F07F387E1412C2E47B017AC82C
:1055550079CC90C9E0E4F0A304F07F397E1412C23F
:10556500E47B017AC879F490C9E0E4F0A304F07F04
:105575003A7E1412C2E47B017ABF794D90C9E0E40A
:10558500F0A37404F07F007E2112C2E490C9C4E444
:10559500F0A37408F07B017AC979C490C9E0E4F0FE
:1055A500A304F07F087E1112C2E47B017AC879CC8E
:1055B50090C9E0E4F0A304F07F097E1112C2E47BF8
:1055C500017AC879F490C9E0E4F0A304F07F0A7E7B
:1055D5001112C2E47B017ABD796B90C9E0E4F0A3B6
:1055E5007406F07F607E4012C2E490C9C4E4F0A363
:1055F500740CF07B017AC979C490C9E0E4F0A30486
:10560500F07F687E5012C2E47B017AC879CC90C9DC
:10561500E0E4F0A304F07F697E5012C2E47B017AD6
:10562500C879F490C9E0E4F0A304F07F6A7E5012D3
:10563500C2E47B017ABC795F90C9E0E4F0A374060B
:10564500F07F907E4012C2E490C9C4E4F0A3740CCC
:10565500F07B017AC979C490C9E0E4F0A304F07F36
:10566500987E5012C2E47B017AC879CC90C9E0E4F7
:10567500F0A304F07F997E5012C2E47B017AC879C9
:10568500F490C9E0E4F0A304F07F9A7E5012C2E4DE
:105695007B017ABC793790C9E0E4F0A37408F07F08
:1056A500207E4112C2E490C9C4E4F0A37410F07BDB
:1056B500017AC979C490C9E0E4F0A304F07F287E9B
:1056C5005112C2E47B017AC879CC90C9E0E4F0A319
:1056D50004F07F297E5112C2E47B017AC879F490E7
:1056E500C9E0E4F0A304F07F2A7E5112C2E47B01F5
:1056F5007ABC79B190C9E0E4F0A37405F07F507EDF
:105705004112C2E490C9C4E4F0A3740AF07B017AA3
:10571500C979C490C9E0E4F0A304F07F587E511222
:10572500C2E47B017AC879CC90C9E0E4F0A304F027
:105735007F597E5112C2E47B017AC879F490C9E0A1
:10574500E4F0A304F07F5A7E5112C2E47B017ABDD6
:1057550079CF90C9E0E4F0A37405F07F907E411203
:10576500C2E490C9C4E4F0A3740AF07B017AC97954
:10577500C490C9E0E4F0A304F07F987E5112C2E41E
:105785007B017AC879CC90C9E0E4F0A304F07F9955
:105795007E5112C2E47B017AC879F490C9E0E4F045
:1057A500A304F07F9A7E5112C2E47B017ABA794351
:1057B50090C9E0E4F0A37403F07F007E4212C2E4D6
:1057C50090C9C4E4F0A37406F07B017AC979C4904A
:1057D500C9E0E4F0A304F07F087E5212C2E47B0125
:1057E5007AC879CC90C9E0E4F0A304F07F097E5231
:1057F50012C2E47B017AC879F490C9E0E4F0A3040D
:10580500F07F0A7E5212C2E47B017ABC79A790C967
:10581500E0E4F0A37405F07F107E4212C2E490C963
:10582500C4E4F0A3740AF07B017AC979C490C9E095
:10583500E4F0A304F07F187E5212C2E47B017AC81B
:1058450079CC90C9E0E4F0A304F07F197E5212C22E
:10585500E47B017AC879F490C9E0E4F0A304F07F11
:105865001A7E5212C2E47B017ABA794390C9E0E408
:10587500F0A37403F07F207E4212C2E490C9C4E411
:10588500F0A37406F07B017AC979C490C9E0E4F00D
:10589500A304F07F287E5212C2E47B017AC879CC3A
:1058A50090C9E0E4F0A304F07F297E5212C2E47BA4
:1058B500017AC879F490C9E0E4F0A304F07F2A7E68
:1058C5005212C2E47B017ABF791190C9E0E4F0A3DA
:1058D5007405F07F307E4212C2E490C9C4E4F0A39F
:1058E500740AF07B017AC979C490C9E0E4F0A30495
:1058F500F07F387E5212C2E47B017AC879CC90C918
:10590500E0E4F0A304F07F397E5212C2E47B017A11
:10591500C879F490C9E0E4F0A304F07F3A7E52120E
:10592500C2E47B017ABA794390C9E0E4F0A3740339
:10593500F07F407E4212C2E490C9C4E4F0A374062D
:10594500F07B017AC979C490C9E0E4F0A304F07F43
:10595500487E5212C2E47B017AC879CC90C9E0E452
:10596500F0A304F07F497E5212C2E47B017AC87924
:10597500F490C9E0E4F0A304F07F4A7E5212C2E439
:105985007B017ABE796390C9E0E4F0A37405F07FEA
:10599500507E4212C2E490C9C4E4F0A3740AF07BBD
:1059A500017AC979C490C9E0E4F0A304F07F587E78
:1059B5005212C2E47B017AC879CC90C9E0E4F0A325
:1059C50004F07F597E5212C2E47B017AC879F490C3
:1059D500C9E0E4F0A304F07F5A7E5212C2E47B01D1
:1059E5007ABA794390C9E0E4F0A37403F07F607E4E
:1059F5004212C2E490C9C4E4F0A37406F07B017AB4
:105A0500C979C490C9E0E4F0A304F07F687E52121E
:105A1500C2E47B017AC879CC90C9E0E4F0A304F034
:105A25007F697E5212C2E47B017AC879F490C9E09D
:105A3500E4F0A304F07F6A7E5212C2E47B017ABAD5
:105A4500792990C9E0E4F0A37404F07F707E4212D6
:105A5500C2E490C9C4E4F0A37408F07B017AC97963
:105A6500C490C9E0E4F0A304F07F787E5212C2E44A
:105A75007B017AC879CC90C9E0E4F0A304F07F7982
:105A85007E5212C2E47B017AC879F490C9E0E4F051
:105A9500A304F07F7A7E5212C2E47B017ABA79437D
:105AA50090C9E0E4F0A37403F07F807E4212C2E463
:105AB50090C9C4E4F0A37406F07B017AC979C49057
:105AC500C9E0E4F0A304F07F887E5212C2E47B01B2
:105AD5007AC879CC90C9E0E4F0A304F07F897E52BE
:105AE50012C2E47B017AC879F490C9E0E4F0A3041A
:105AF500F07F8A7E5212C2E47B017ABB793790C966
:105B0500E0E4F0A37403F07F907E4212C2E490C9F2
:105B1500C4E4F0A37406F07B017AC979C490C9E0A6
:105B2500E4F0A304F07F987E5212C2E47B017AC8A8
:105B350079CC90C9E0E4F0A304F07F997E5212C2BB
:105B4500E47B017AC879F490C9E0E4F0A304F07F1E
:105B55009A7E5212C2E47B017ABA794390C9E0E495
:105B6500F0A37403F07F007E4312C2E490C9C4E43D
:105B7500F0A37406F07B017AC979C490C9E0E4F01A
:105B8500A304F07F087E5312C2E47B017AC879CC66
:105B950090C9E0E4F0A304F07F097E5312C2E47BD0
:105BA500017AC879F490C9E0E4F0A304F07F0A7E95
:105BB5005312C2E47B017ABE793790C9E0E4F0A3C1
:105BC5007404F07F207E4312C2E490C9C4E4F0A3BC
:105BD5007408F07B017AC979C490C9E0E4F0A304A4
:105BE500F07F287E5312C2E47B017AC879CC90C934
:105BF500E0E4F0A304F07F297E5312C2E47B017A2E
:105C0500C879F490C9E0E4F0A304F07F2A7E53122A
:105C1500C2E47B017ABD79E990C9E0E4F0A3740B95
:105C2500F07F307E4312C2E490C9C4E4F0A3741639
:105C3500F07B017AC979C490C9E0E4F0A304F07F50
:105C4500387E5312C2E47B017AC879CC90C9E0E46E
:105C5500F0A304F07F397E5312C2E47B017AC87940
:105C6500F490C9E0E4F0A304F07F3A7E5312C2E455
:105C75007B017ABE796D90C9E0E4F0A37402F07FF0
:105C8500407E4312C2E490C9C4E4F0A37404F07BDF
:105C9500017AC979C490C9E0E4F0A304F07F487E95
:105CA5005312C2E47B017AC879CC90C9E0E4F0A331
:105CB50004F07F497E5312C2E47B017AC879F490DF
:105CC500C9E0E4F0A304F07F4A7E5312C2E47B01ED
:105CD5007ABB79F990C9E0E4F0A37403F07F507EB4
:105CE5004312C2E490C9C4E4F0A37406F07B017AC0
:105CF500C979C490C9E0E4F0A304F07F587E53123B
:105D0500C2E47B017AC879CC90C9E0E4F0A304F041
:105D15007F597E5312C2E47B017AC879F490C9E0B9
:105D2500E4F0A304F07F5A7E5312C2E47B017ABCEF
:105D3500799B90C9E0E4F0A37406F07F707E43126E
:105D4500C2E490C9C4E4F0A3740CF07B017AC9796C
:105D5500C490C9E0E4F0A304F07F787E5312C2E456
:105D65007B017AC879CC90C9E0E4F0A304F07F798F
:105D75007E5312C2E47B017AC879F490C9E0E4F05D
:105D8500A304F07F7A7E5312C2E47B017ABA799B31
:105D950090C9E0E4F0A37405F07F807E4312C2E46D
:105DA50090C9C4E4F0A3740AF07B017AC979C49060
:105DB500C9E0E4F0A304F07F887E5312C2E47B01BE
:105DC5007AC879CC90C9E0E4F0A304F07F897E53CA
:105DD50012C2E47B017AC879F490C9E0E4F0A30427
:105DE500F07F8A7E5312C2E47B017ABC79ED90C9BB
:105DF500E0E4F0A37408F07F107E4412C2E490C979
:105E0500C4E4F0A37410F07B017AC979C490C9E0A9
:105E1500E4F0A304F07F187E5412C2E47B017AC833
:105E250079CC90C9E0E4F0A304F07F197E5412C246
:105E3500E47B017AC879F490C9E0E4F0A304F07F2B
:105E45001A7E5412C2E47B017ABC79CF90C9E0E492
:105E5500F0A37404F07F207E4412C2E490C9C4E428
:105E6500F0A37408F07B017AC979C490C9E0E4F025
:105E7500A304F07F287E5412C2E47B017AC879CC52
:105E850090C9E0E4F0A304F07F297E5412C2E47BBC
:105E9500017AC879F490C9E0E4F0A304F07F2A7E82
:105EA5005412C2E47B017ABA792990C9E0E4F0A3DF
:105EB5007404F07F607E4412C2E490C9C4E4F0A388
:105EC5007408F07B017AC979C490C9E0E4F0A304B1
:105ED500F07F687E5412C2E47B017AC879CC90C900
:105EE500E0E4F0A304F07F697E5412C2E47B017AFA
:105EF500C879F490C9E0E4F0A304F07F6A7E5412F7
:105F0500C2E47B017ABA79F590C9E0E4F0A37403A1
:105F1500F07F007E4512C2E490C9C4E4F0A3740684
:105F2500F07B017AC979C490C9E0E4F0A304F07F5D
:105F3500087E5512C2E47B017AC879CC90C9E0E4A9
:105F4500F0A304F07F097E5512C2E47B017AC8797B
:105F5500F490C9E0E4F0A304F07F0A7E5512C2E490
:105F65007B017ABD798990C9E0E4F0A37407F07FDD
:105F7500507E4512C2E490C9C4E4F0A3740EF07BD0
:105F8500017AC979C490C9E0E4F0A304F07F587E92
:105F95005512C2E47B017AC879CC90C9E0E4F0A33C
:105FA50004F07F597E5512C2E47B017AC879F490DA
:105FB500C9E0E4F0A304F07F5A7E5512C2E47B01E8
:105FC5007ABF79B190C9E0E4F0A37406F07F607EF2
:105FD5004512C2E490C9C4E4F0A3740CF07B017AC5
:105FE500C979C490C9E0E4F0A304F07F687E551236
:105FF500C2E47B017AC879CC90C9E0E4F0A304F04F
:106005007F697E5512C2E47B017AC879F490C9E0B4
:10601500E4F0A304F07F6A7E5512C2E47B017ABEE8
:1060250079E190C9E0E4F0A3740CF07F507E46124C
:10603500C2E490C9C4E4F0A37418F07B017AC9796D
:10604500C490C9E0E4F0A304F07F587E5612C2E480
:106055007B017AC879CC90C9E0E4F0A304F07F59BC
:106065007E5612C2E47B017AC879F490C9E0E4F067
:10607500A304F07F5A7E5612C2E47B017ABA79CF27
:1060850090C9E0E4F0A3740BF07F607E4612C2E491
:1060950090C9C4E4F0A37416F07B017AC979C49061
:1060A500C9E0E4F0A304F07F687E5612C2E47B01E8
:1060B5007AC879CC90C9E0E4F0A304F07F697E56F4
:1060C50012C2E47B017AC879F490C9E0E4F0A30434
:1060D500F07F6A7E5612C2E47B017ABA794990C98B
:1060E500E0E4F0A37411F07F707E4612C2E490C91B
:1060F500C4E4F0A37422F07B017AC979C490C9E0A5
:10610500E4F0A304F07F787E5612C2E47B017AC8DE
:1061150079CC90C9E0E4F0A304F07F797E5612C2F1
:10612500E47B017AC879F490C9E0E4F0A304F07F38
:106135007A7E5612C2E47B017ABB797790C9E0E496
:10614500F0A3740EF07F807E4612C2E490C9C4E4C9
:10615500F0A3741CF07B017AC979C490C9E0E4F01E
:10616500A304F07F887E5612C2E47B017AC879CCFD
:1061750090C9E0E4F0A304F07F897E5612C2E47B67
:10618500017AC879F490C9E0E4F0A304F07F8A7E2F
:106195005612C2E47B017ABC798990C9E0E4F0A388
:1061A5007402F07F107E4012C2E490C9C4E4F0A3EB
:1061B5007404F07B017AC979C490C9E0E4F0A304C2
:1061C500F07F187E5012C2E47B017AC879CC90C961
:1061D500E0E4F0A304F07F197E5012C2E47B017A5B
:1061E500C879F490C9E0E4F0A304F07F1A7E501258
:1061F500C2E47B017ABE79F990C9E0E4F0A3740C9E
:10620500F07F107E4312C2E490C9C4E4F0A3741871
:10621500F07B017AC979C490C9E0E4F0A304F07F6A
:10622500187E5312C2E47B017AC879CC90C9E0E4A8
:10623500F0A304F07F197E5312C2E47B017AC8797A
:10624500F490C9E0E4F0A304F07F1A7E5312C2E48F
:106255007B017ABD799790C9E0E4F0A37409F07FDA
:10626500907E4612C2E490C9C4E4F0A37412F07B98
:10627500017AC979C490C9E0E4F0A304F07F987E5F
:106285005612C2E47B017AC879CC90C9E0E4F0A348
:1062950004F07F997E5612C2E47B017AC879F490A6
:1062A500C9E0E4F0A304F07F9A7E5612C2E47B01B4
:1062B5007ABF792F90C9E0E4F0A37409F07F107ECE
:1062C5004712C2E490C9C4E4F0A37412F07B017ACA
:1062D500C979C490C9E0E4F0A304F07F187E571291
:1062E500C2E47B017AC879CC90C9E0E4F0A304F05C
:1062F5007F197E5712C2E47B017AC879F490C9E010
:0C630500E4F0A304F07F1A7E5702C2E40B
:10709300E490C9C4F0A3F01243B57B017ABC79E94B
:1070A30090C9E0E4F0A37402F07F207E2412C2E4CE
:1070B30090C9C4E4F0A37404F07B017AC979C49045
:1070C300C9E0E4F0A304F07F287E1412C2E47B013C
:1070D3007AC879D190C9E0E4F0A304F07F297E1443
:1070E30012C2E47B017AC9790090C9E0E4F0A304F9
:1070F300F07F2A7E1412C2E47B017ABC792F90C9F7
:10710300E0E4F0A37402F07F307E2412C2E490C95D
:10711300C4E4F0A37404F07B017AC979C490C9E094
:10712300E4F0A304F07F387E1412C2E47B017AC832
:1071330079D190C9E0E4F0A304F07F397E1412C240
:10714300E47B017AC9790090C9E0E4F0A304F07FFD
:107153003A7E1412C2E47B017ABF79CD90C9E0E490
:10716300F0A37404F07F007E2112C2E490C9C4E44A
:10717300F0A37408F07B017AC979C490C9E0E4F004
:10718300A304F07F087E1112C2E47B017AC879D18F
:1071930090C9E0E4F0A304F07F097E1112C2E47BFE
:1071A300017AC9790090C9E0E4F0A304F07F0A7E74
:1071B3001112C2E47B017ABE797190C9E0E4F0A3B5
:1071C3007405F07F607E4012C2E490C9C4E4F0A36A
:1071D300740AF07B017AC979C490C9E0E4F0A3048E
:1071E300F07F687E5012C2E47B017AC879D190C9DE
:1071F300E0E4F0A304F07F697E5012C2E47B017ADD
:10720300C9790090C9E0E4F0A304F07F6A7E5012CC
:10721300C2E47B017ABC79BB90C9E0E4F0A37405B6
:10722300F07F907E4012C2E490C9C4E4F0A3740AD4
:10723300F07B017AC979C490C9E0E4F0A304F07F3C
:10724300987E5012C2E47B017AC879D190C9E0E4F8
:10725300F0A304F07F997E5012C2E47B017AC979CE
:107263000090C9E0E4F0A304F07F9A7E5012C2E4D8
:107273007B017ABD79C590C9E0E4F0A37402F07F85
:10728300207E4112C2E490C9C4E4F0A37404F07BED
:10729300017AC979C490C9E0E4F0A304F07F287EA1
:1072A3005112C2E47B017AC879D190C9E0E4F0A31A
:1072B30004F07F297E5112C2E47B017AC9790090E0
:1072C300C9E0E4F0A304F07F2A7E5112C2E47B01FB
:1072D3007ABE792990C9E0E4F0A37405F07F507E6B
:1072E3004112C2E490C9C4E4F0A3740AF07B017AAA
:1072F300C979C490C9E0E4F0A304F07F587E511229
:10730300C2E47B017AC879D190C9E0E4F0A304F028
:107313007F597E5112C2E47B017AC9790090C9E09A
:10732300E4F0A304F07F5A7E5112C2E47B017ABEDB
:10733300799B90C9E0E4F0A37405F07F907E41123D
:10734300C2E490C9C4E4F0A3740AF07B017AC9795A
:10735300C490C9E0E4F0A304F07F987E5112C2E424
:107363007B017AC879D190C9E0E4F0A304F07F9956
:107373007E5112C2E47B017AC9790090C9E0E4F03E
:10738300A304F07F9A7E5112C2E47B017ABC79DFB9
:1073930090C9E0E4F0A37405F07F107E4212C2E4CA
:1073A30090C9C4E4F0A3740AF07B017AC979C4904C
:1073B300C9E0E4F0A304F07F187E5212C2E47B011B
:1073C3007AC879D190C9E0E4F0A304F07F197E5222
:1073D30012C2E47B017AC9790090C9E0E4F0A30406
:1073E300F07F1A7E5212C2E47B017ABF799390C96F
:1073F300E0E4F0A37404F07F307E4212C2E490C94B
:10740300C4E4F0A37408F07B017AC979C490C9E09D
:10741300E4F0A304F07F387E5212C2E47B017AC801
:1074230079D190C9E0E4F0A304F07F397E5212C20F
:10743300E47B017AC9790090C9E0E4F0A304F07F0A
:107443003A7E5212C2E47B017ABE798990C9E0E4A4
:10745300F0A37404F07F507E4212C2E490C9C4E4E6
:10746300F0A37408F07B017AC979C490C9E0E4F011
:10747300A304F07F587E5212C2E47B017AC879D10B
:1074830090C9E0E4F0A304F07F597E5212C2E47B7A
:10749300017AC9790090C9E0E4F0A304F07F5A7E31
:1074A3005212C2E47B017ABE79A590C9E0E4F0A34D
:1074B3007404F07F707E4212C2E490C9C4E4F0A366
:1074C3007408F07B017AC979C490C9E0E4F0A3049D
:1074D300F07F787E5212C2E47B017AC879D190C9D9
:1074E300E0E4F0A304F07F797E5212C2E47B017AD8
:1074F300C9790090C9E0E4F0A304F07F7A7E5212C8
:10750300C2E47B017ABC790990C9E0E4F0A3740575
:10751300F07F907E4212C2E490C9C4E4F0A3740ADF
:10752300F07B017AC979C490C9E0E4F0A304F07F49
:10753300987E5212C2E47B017AC879D190C9E0E403
:10754300F0A304F07F997E5212C2E47B017AC979D9
:107553000090C9E0E4F0A304F07F9A7E5212C2E4E3
:107563007B017ABD790B90C9E0E4F0A37404F07F4A
:10757300207E4312C2E490C9C4E4F0A37408F07BF4
:10758300017AC979C490C9E0E4F0A304F07F287EAE
:107593005312C2E47B017AC879D190C9E0E4F0A325
:1075A30004F07F297E5312C2E47B017AC9790090EB
:1075B300C9E0E4F0A304F07F2A7E5312C2E47B0106
:1075C3007ABD793990C9E0E4F0A37409F07F307E85
:1075D3004312C2E490C9C4E4F0A37412F07B017AAD
:1075E300C979C490C9E0E4F0A304F07F387E531254
:1075F300C2E47B017AC879D190C9E0E4F0A304F036
:107603007F397E5312C2E47B017AC9790090C9E0C5
:10761300E4F0A304F07F3A7E5312C2E47B017ABF05
:10762300797D90C9E0E4F0A37402F07F407E4312B9
:10763300C2E490C9C4E4F0A37404F07B017AC9796D
:10764300C490C9E0E4F0A304F07F487E5312C2E47F
:107653007B017AC879D190C9E0E4F0A304F07F49B3
:107663007E5312C2E47B017AC9790090C9E0E4F049
:10767300A304F07F4A7E5312C2E47B017ABF791BD5
:1076830090C9E0E4F0A37402F07F507E4312C2E499
:1076930090C9C4E4F0A37404F07B017AC979C4905F
:1076A300C9E0E4F0A304F07F587E5312C2E47B01E7
:1076B3007AC879D190C9E0E4F0A304F07F597E53EE
:1076C30012C2E47B017AC9790090C9E0E4F0A30413
:1076D300F07F5A7E5312C2E47B017ABE791F90C9B0
:1076E300E0E4F0A37405F07F707E4312C2E490C916
:1076F300C4E4F0A3740AF07B017AC979C490C9E0A9
:10770300E4F0A304F07F787E5312C2E47B017AC8CD
:1077130079D190C9E0E4F0A304F07F797E5312C2DB
:10772300E47B017AC9790090C9E0E4F0A304F07F17
:107733007A7E5312C2E47B017ABB793D90C9E0E4BF
:10774300F0A37405F07F807E4312C2E490C9C4E4C1
:10775300F0A3740AF07B017AC979C490C9E0E4F01C
:10776300A304F07F887E5312C2E47B017AC879D1E7
:1077730090C9E0E4F0A304F07F897E5312C2E47B56
:10778300017AC9790090C9E0E4F0A304F07F8A7E0E
:107793005312C2E47B017ABB79A190C9E0E4F0A360
:1077A3007405F07F107E4412C2E490C9C4E4F0A3D0
:1077B300740AF07B017AC979C490C9E0E4F0A304A8
:1077C300F07F187E5412C2E47B017AC879D190C944
:1077D300E0E4F0A304F07F197E5412C2E47B017A43
:1077E300C9790090C9E0E4F0A304F07F1A7E541233
:1077F300C2E47B017ABE79BB90C9E0E4F0A37402D2
:10780300F07F207E4412C2E490C9C4E4F0A3740460
:10781300F07B017AC979C490C9E0E4F0A304F07F56
:10782300287E5412C2E47B017AC879D190C9E0E47E
:10783300F0A304F07F297E5412C2E47B017AC97954
:107843000090C9E0E4F0A304F07F2A7E5412C2E45E
:107853007B017ABA79FB90C9E0E4F0A37402F07F6C
:10786300607E4412C2E490C9C4E4F0A37404F07BC4
:10787300017AC979C490C9E0E4F0A304F07F687E7B
:107883005412C2E47B017AC879D190C9E0E4F0A331
:1078930004F07F697E5412C2E47B017AC9790090B7
:1078A300C9E0E4F0A304F07F6A7E5412C2E47B01D2
:1078B3007ABB799F90C9E0E4F0A304F07F007E4592
:1078C30012C2E490C9C4E4F0A37402F07B017AC944
:1078D30079C490C9E0E4F0A304F07F087E5512C296
:1078E300E47B017AC879D190C9E0E4F0A304F07F86
:1078F300097E5512C2E47B017AC9790090C9E0E49C
:10790300F0A304F07F0A7E5512C2E47B017ABE79AC
:107913007B90C9E0E4F0A37402F07F507E4512C26D
:10792300E490C9C4E4F0A37404F07B017AC979C478
:1079330090C9E0E4F0A304F07F587E5512C2E47BC3
:10794300017AC879D190C9E0E4F0A304F07F597EAD
:107953005512C2E47B017AC9790090C9E0E4F0A32F
:1079630004F07F5A7E5512C2E47B017ABA79E5901E
:10797300C9E0E4F0A37403F07F607E4512C2E49093
:10798300C9C4E4F0A37406F07B017AC979C490C931
:10799300E0E4F0A304F07F687E5512C2E47B017A31
:1079A300C879D190C9E0E4F0A304F07F697E551251
:1079B300C2E47B017AC9790090C9E0E4F0A304F042
:1079C3007F6A7E5512C2E47B017ABF798990C9E050
:1079D300E4F0A37405F07F507E4612C2E490C9C45C
:1079E300E4F0A3740AF07B017AC979C490C9E0E496
:1079F300F0A304F07F587E5612C2E47B017AC87963
:107A0300D190C9E0E4F0A304F07F597E5612C2E49A
:107A13007B017AC9790090C9E0E4F0A304F07F5AAE
:107A23007E5612C2E47B017ABB799390C9E0E4F0FD
:107A3300A37403F07F607E4612C2E490C9C4E4F0ED
:107A4300A37406F07B017AC979C490C9E0E4F0A37A
:107A530004F07F687E5612C2E47B017AC879D19024
:107A6300C9E0E4F0A304F07F697E5612C2E47B010F
:107A73007AC9790090C9E0E4F0A304F07F6A7E56E6
:107A830012C2E47B017ABE79AD90C9E0E4F0A3743D
:107A930007F07F707E4612C2E490C9C4E4F0A37479
:107AA3000EF07B017AC979C490C9E0E4F0A304F035
:107AB3007F787E5612C2E47B017AC879D190C9E0FF
:107AC300E4F0A304F07F797E5612C2E47B017AC905
:107AD300790090C9E0E4F0A304F07F7A7E5612C2E5
:107AE300E47B017ABC792790C9E0E4F0A37404F045
:107AF3007F807E4612C2E490C9C4E4F0A37408F008
:107B03007B017AC979C490C9E0E4F0A304F07F88CB
:107B13007E5612C2E47B017AC879D190C9E0E4F0C1
:107B2300A304F07F897E5612C2E47B017AC97900EF
:107B330090C9E0E4F0A304F07F8A7E5612C2E47B8E
:107B4300017ABC798990C9E0E4F0A37402F07F1054
:107B53007E4012C2E490C9C4E4F0A37404F07B0134
:107B63007AC979C490C9E0E4F0A304F07F187E5089
:107B730012C2E47B017AC879CC90C9E0E4F0A30493
:107B8300F07F197E5012C2E47B017AC879F490C960
:107B9300E0E4F0A304F07F1A7E5012C2E47B017A82
:107BA300BC792790C9E0E4F0A37404F07F807E469B
:107BB30012C2E490C9C4E4F0A37408F07B017AC94B
:107BC30079C490C9E0E4F0A304F07F887E5612C222
:107BD300E47B017AC879D190C9E0E4F0A304F07F93
:107BE300897E5612C2E47B017AC9790090C9E0E428
:107BF300F0A304F07F8A7E5612C2E47B017ABE7939
:107C0300F990C9E0E4F0A3740CF07F107E4312C234
:107C1300E490C9C4E4F0A37418F07B017AC979C471
:107C230090C9E0E4F0A304F07F187E5312C2E47B12
:107C3300017AC879CC90C9E0E4F0A304F07F197EFF
:107C43005312C2E47B017AC879F490C9E0E4F0A34B
:107C530004F07F1A7E5312C2E47B017ABE797F90CF
:107C6300C9E0E4F0A37405F07F907E4612C2E4906D
:107C7300C9C4E4F0A3740AF07B017AC979C490C93A
:107C8300E0E4F0A304F07F987E5612C2E47B017A0D
:107C9300C879D190C9E0E4F0A304F07F997E56122D
:107CA300C2E47B017AC9790090C9E0E4F0A304F04F
:107CB3007F9A7E5612C2E47B017ABF799B90C9E01A
:107CC300E4F0A37405F07F107E4712C2E490C9C4A8
:107CD300E4F0A3740AF07B017AC979C490C9E0E4A3
:107CE300F0A304F07F187E5712C2E47B017AC879AF
:107CF300D190C9E0E4F0A304F07F197E5712C2E4E7
:107D03007B017AC9790090C9E0E4F0A304F07F1AFB
:057D13007E5702C2E4EE
:10D4150090C90BE070107F937E5512F1A37F037EB8
:10D425005612F292801590C90BE0B401177F937ED6
:10D435005512F2927F037E5612F1A37F137E561288
:10D44500F292801C90C90BE0B4021E7F937E5512A8
:10D45500F2927F037E5612F2927F137E5612F1A34B
:10D465007F237E5612F292802390C90BE0B40325E8
:10D475007F937E5512F2927F037E5612F2927F13AE
:10D485007E5612F2927F237E5612F1A37F337E568B
:10D4950012F292802A90C90BE0B4042A7F937E553C
:10D4A50012F2927F037E5612F2927F137E5612F28B
:10D4B500927F237E5612F2927F337E5612F1A37F1E
:10D4C500437E5602F29290C90BE0B4052A7F937E03
:10D4D5005512F2927F037E5612F2927F137E5612F8
:10D4E500F2927F237E5612F2927F337E5612F2928B
:08D4F5007F437E5612F1A322D1
:10998100EE6003029F38EF24FE7003029B0D1470FA
:1099910003029C7D24026003029F3890C90BE014EE
:1099A1006056147003029A30147003029A6714709F
:1099B10003029A9D147003029AD324056003029C4A
:1099C1009C90C8E4E07002A3E0700A90C8E4F0A3A0
:1099D1007409F0800E90C8E5E024FFF090C8E4E03F
:1099E10034FFF07B017AC879E490C9E0E4F0A30484
:1099F100F07F907E45029B0790C8E6E07002A3E0ED
:109A0100700A90C8E6F0A37409F0800E90C8E7E0F0
:109A110024FFF090C8E6E034FFF07B017AC879E6D4
:109A210090C9E0E4F0A304F07F007E46029B07901A
:109A3100C8E8E07002A3E0700A90C8E8F0A37409D6
:109A4100F0800E90C8E9E024FFF090C8E8E034FF10
:109A5100F07B017AC879E890C9E0E4F0A304F07FD3
:109A6100107E46029B0790C8EAE07002A3E0700AEC
:109A710090C8EAF0A37409F0800E90C8EBE024FFCF
:109A8100F090C8EAE034FFF07B017AC879EA90C926
:109A9100E0E4F0A304F07F207E46806A90C8ECE009
:109AA1007002A3E0700A90C8ECF0A37409F0800E74
:109AB10090C8EDE024FFF090C8ECE034FFF07B01AA
:109AC1007AC879EC90C9E0E4F0A304F07F307E46D7
:109AD100803490C8F0E07002A3E0700A90C8F0F002
:109AE100A37409F0800E90C8F1E024FFF090C8F053
:109AF100E034FFF07B017AC879F090C9E0E4F0A38B
:109B010004F07F407E4612C2E4029C9C90C90BE0A7
:109B1100146056147003029BA1147003029BD814A5
:109B21007003029C0E147003029C4424056003021E
:109B31009C7B90C8E4E07004A3E06409700890C8BD
:109B4100E4F0A3F0800E90C8E5E004F0700690C840
:109B5100E4E004F07B017AC879E490C9E0E4F0A381
:109B610004F07F907E45029C7890C8E6E07004A3E3
:109B7100E06409700890C8E6F0A3F0800E90C8E791
:109B8100E004F0700690C8E6E004F07B017AC87941
:109B9100E690C9E0E4F0A304F07F007E46029C78E1
:109BA10090C8E8E07004A3E06409700890C8E8F088
:109BB100A3F0800E90C8E9E004F0700690C8E8E0D8
:109BC10004F07B017AC879E890C9E0E4F0A304F0DD
:109BD1007F107E46029C7890C8EAE07004A3E0649E
:109BE10009700890C8EAF0A3F0800E90C8EBE00479
:109BF100F0700690C8EAE004F07B017AC879EA9037
:109C0100C9E0E4F0A304F07F207E46806A90C8ECAE
:109C1100E07004A3E06409700890C8ECF0A3F08040
:109C21000E90C8EDE004F0700690C8ECE004F07B03
:109C3100017AC879EC90C9E0E4F0A304F07F307EAA
:109C410046803490C8F0E07004A3E0640970089085
:109C5100C8F0F0A3F0800E90C8F1E004F070069017
:109C6100C8F0E004F07B017AC879F090C9E0E4F033
:109C7100A304F07F407E4612C2E4801F90C90BE02E
:109C8100FF60126401600EEF64026009EF6403601B
:109C910004EFB4040990C90BE004F002D41590C993
:099CA1000BE064056003029F382A
:109CAA0090C9C4F0A3F090C8E4E0FEA3E0FFE4FC8E
:109CBA00FD7BA07A867901F812ACF490C8E4EEF044
:109CCA00A3EFF0A3E0FEA3E0FF7C277D1012ABA771
:109CDA0090C8E6EEF0A3EFF0A3E0FEA3E0FF7C035A
:109CEA007DE812ABA790C8E8EEF0A3EFF0A3E0FE80
:109CFA00A3E0FF7C007D6412ABA790C8EAEEF0A354
:109D0A00EFF0A3E0FEA3E0FF7D0A12ABA790C8EC38
:109D1A00EEF0A3EFF090C8F0E0FFA3E090C8F0CF18
:109D2A00F0A3EFF090C8E6E0FEA3E0FF90C8E5E0FC
:109D3A002FFF90C8E4E03EFE90C8E9E02FFF90C8EC
:109D4A00E8E03EFE90C8EBE02FFF90C8EAE03EFE56
:109D5A0090C8EDE02FFF90C8ECE03EFE90C8F1E01D
:109D6A002FFF90C8F0E03EFE90C9C4F0A3EFF09038
:109D7A00C91CE06E7003A3E06F6003029E6F90C877
:109D8A00E4F0A3F0A3F0A3F0A3F0A3F0A3F0A3F0F0
:109D9A00A3F0A3F090C8F0F0A3F07B017AC879E4AD
:109DAA0090C9E0F0A304F07F907E4512C2E47B01E3
:109DBA007AC879E690C9E0E4F0A304F07F007E4611
:109DCA0012C2E47B017AC879E890C9E0E4F0A304FE
:109DDA00F07F107E4612C2E47B017AC879EA90C904
:109DEA00E0E4F0A304F07F207E4612C2E47B017A0D
:109DFA00C879EC90C9E0E4F0A304F07F307E461203
:109E0A00C2E47B017AC879F090C9E0E4F0A304F0D7
:109E1A007F407E4612C2E490C8F8E07002A3E09048
:109E2A00C81270057426F080037444F090C812E0DA
:109E3A00FF12EE777F937E5612F1A37B017AC879DF
:109E4A00DF90C9E0E4F0A304F07F007E4712C2E489
:109E5A007B017AC879F290C9E0E4F0A304F07F208C
:109E6A007E4702C2E4E490C8E4F0A3F0A3F0A3F0B2
:109E7A00A3F0A3F0A3F0A3F0A3F0A3F090C8F0F02E
:109E8A00A3F07B017AC879E490C9E0F0A304F07FDB
:109E9A00907E4512C2E47B017AC879E690C9E0E473
:109EAA00F0A304F07F007E4612C2E47B017AC879EF
:109EBA00E890C9E0E4F0A304F07F107E4612C2E401
:109ECA007B017AC879EA90C9E0E4F0A304F07F2024
:109EDA007E4612C2E47B017AC879EC90C9E0E4F0CC
:109EEA00A304F07F307E4612C2E47B017AC879F07F
:109EFA0090C9E0E4F0A304F07F407E4612C2E4E495
:109F0A0090C90BF07F937E5512F1A37F037E561200
:109F1A00F16D7F137E5612F16D7F237E5612F16D1D
:0E9F2A007F337E5612F16D7F437E5612F16D2D
:019F38002206
:10E2430090C8FCE07002A3E0702D90C8CEE070028D
:10E25300A3E07F937E56700C12F1A37F037E5712C7
:10E26300F292800A12F1A37F037E5712F1A37F1368
:10E273007E5712F292801F90C8CEE07002A3E07F17
:10E28300937E56701812F2927F037E5712F2927F9A
:10E29300137E5712F1A37F237E5702F29212F2925A
:10E2A3007F037E5712F2927F137E5712F1A37F23CF
:06E2B3007E5712F1A322C8
:10CA9400EE600302CBFEEF24FE700302CB3514706C
:10CAA4000302CBDE2402600302CBFE90C8CEE0FE7C
:10CAB400A3E0FF4E701A90C8FCE0FCA3E0FD4C70AC
:10CAC4000302CB4BED64014C600302CBFE02CB5A54
:10CAD400EF64014E600302CBFE90C8FCE07002A339
:10CAE400E0701ED390C8E0E0940090C8DFE09400AA
:10CAF400400FA3E024FFF090C8DFE034FFF002CB46
:10CB04008E90C8FCE07004A3E06401600302CBFED5
:10CB1400D390C8F3E0940090C8F2E094005003026C
:10CB2400CBFEA3E024FFF090C8F2E034FFF002CB88
:10CB3400C790C8CEE0FEA3E0FF4E702090C8FCE092
:10CB4400FCA3E0FD4C700690C8FC02CBECED640144
:10CB54004C600302CBFE90C8FC02CBFBEF64014E99
:10CB6400600302CBFE90C8FCE07002A3E0702DC30A
:10CB740090C8E0E0947890C8DFE09400501EA3E0F1
:10CB840004F0700690C8DFE004F07B017AC879DF16
:10CB940090C9E0E4F0A304F07F00803790C8FCE083
:10CBA4007004A3E064017052C390C8F3E0947890D9
:10CBB400C8F2E094005043A3E004F0700690C8F279
:10CBC400E004F07B017AC879F290C9E0E4F0A304B0
:10CBD400F07F207E4712C2E4802090C8CEE0FEA3FE
:10CBE400E0FF4E700990C8CEF0A304F0800CEF640F
:0DCBF400014E700690C8CEF0A3F002E2439F
:10F02100E490C8EEF090C91EF090C8EFF090C93B93
:10F03100F090C8CBF090C8D0F090C8E1F090C9082A
:0AF04100F090C905F090C90BF02211
:10F16D0090C9C674C0F0A37464F07B017AC979C6E6
:0BF17D0090C9E0E4F0A304F002C2E43B
:10F1880090C9C67418F0A374E3F07B017AC979C6F4
:0BF1980090C9E0E4F0A304F002C2E420
:10F1A30090C9C874FFF0A37460F07B017AC979C871
:0BF1B30090C9E0E4F0A304F002C2E405
:10F1BE0090C9C67405F0A3741DF07B017AC979C697
:0BF1CE0090C9E0E4F0A304F002C2E4EA
:10F1D90090CB0F74CEF0A37459F07B017ACB790FE1
:0BF1E90090C9E0E4F0A304F002C2E4CF
:10F2920074FF90C9C8F0A3F07B017AC979C890C9FC
:09F2A200E0E4F0A304F002C2E470
:1080A80046BC130054004F005046BB990042004F95
:1080B800005448BF4D00540049004D004544BCE9F8
:1080C80014C1271044BC2F2958271048BFCD1B20A6
:1080D8001DC016DC00044ABAEB1B201C000020154A
:1080E8003827054EBE3F1B85219C0C250020254CBA
:1080F80016A426B84CBE1300F51BA50020210802C3
:10810800302A544EBB470C5C01F80020100F0020A9
:1081180019D00BEC4ABBA11B9107D9002016DC0033
:108128000444BB2D19B819B448BF1F2A8C14AC15C8
:108138008C001C4EBBAB19D41DC006C819B4002056
:108148000EA808DC4ABE7114C1271000201A28079F
:10815800C44ABCBB2958271000201A2807C444BDAC
:10816800C519550C254ABE291DC019F0002016DC7A
:1081780000044ABE9B14C1271000202B8825304AD2
:10818800BCDF2958271000202B88253048BF9314BE
:10819800C127100020272C48BE8929582710002005
:1081A800272C48BEA5236429040C0815544ABC0989
:1081B80015940C0805781B7408DC48BD0B07701B68
:1081C8007425300D7C52BD39210802302A542958B3
:1081D80016DC00A016B506C8024C44BF1B2A551B66
:1081E8007844BF7D21E8158C4ABE1F1B9107D90032
:1081F800200C5C01F84ABB3D19D00BEC00200C5C4C
:1082080001F844BEBB2B88253042BB9F272C44BABB
:10821800FB278C290444BE7B1A0119B446BAE52908
:108228005C016D19B44ABF891AA90DAC23540DAC71
:10823800194446BB9300BD023007C44EBEAD270C9F
:108248001CFC16DC00201C700DAC1B4D48BC27061E
:10825800F91BAC11090C5C44BC89003200394ABED8
:108268007F153C151C002010F41C154ABF9B19559E
:108278000C25002010F41C154EBC5114C100201A06
:108288002807C4002010C000BD4EBC1914C100202E
:1082980004C90001002010C000BD4EBBB929580018
:1082A800201A2807C4002010C000BD4EBB5529580D
:1082B800002004C90001002010C000BD4ABCC51D33
:1082C800C019F0002010C000BD4ABE9119550C25F8
:1082D800002010C000BD4CBF4100410044004D00CB
:1082E80049004E000050BFBD0055005300450052E4
:1082F80000200053004500544EBF6F0049004F0056
:1083080020005400450053005452BF550046004118
:10831800004300200052004500530045005456BA5F
:10832800A5004C004F004700200026002000450013
:10833800520052004F005250BCED00520055004E02
:10834800002000540049004D004550BA6B004C0015
:1083580041004E0047005500410047004552BEC746
:108368000043004F004D00500020004400410054DD
:10837800004150BB090045004E00470020004D0059
:108388004F004400454CBD6B00540020005400458C
:10839800004D00504CBC5F004200200054004500D6
:1083A8004D005050BC370050005200450053005358
:1083B8000055005200454ABCB100440045004C003D
:1083C8004100594ABDCF00540020004800540052D3
:1083D8004ABCA7004200200048005400524ABF117E
:1083E8000054002000460041004E4ABE630042008F
:1083F8002000460041004E54BDFF0043004F004D91
:1084080000500052004500530053004F005246BB35
:10841800370053004F004C48BE3700440041005419
:10842800004156BDE90049004E004900540049008A
:1084380041004C0049005A0045003F46BBF900592D
:108448000045005344BE6D004E004F4CBC9B00419C
:10845800004300540049005600454ABA9B004500B5
:10846800520052004F005248BCCF0048004500411E
:10847800005448BA2900500055004D005046BAF53E
:1084880000460041004E4EBD890045004E004700A1
:108498004C0049005300484EBC8D00430048004939
:1084A800004E0045005300454CBFB1004B004F0043
:1084B8005200450041004E58BEE10059004F004EA1
:1084C8000047004C00490020004B004F0052004577
:1084D800004156BACF004700590045004F004E00F2
:1084E8004700470049002D0044004F6022BA490068
:1084F800500041004A0055002D00530049002C004F
:1085080020004A004F00520049002D004500550048
:10851800505CBB7700440061006E0067006A006130
:1085280000650062006F006E0067002D0072006F2A
:108538006022BD1700440041004E0047004A004138
:1085480000450042004F004E0047002D0052004FEA
:1085580000200032003952BD9700530065006E00BC
:1085680073002E00430061006C002E52BF2F005094
:10857800005200450053002E00430061006C002E9D
:1085880048BFA9752862378BBE7F6E48BF67004910
:10859800004F6D4B8BD54ABC6B5DE55382521D591C
:1085A800CB53164EBA8765E55FD70020002600201A
:1085B80095198BEF48BCD78FD0884C65F695F44455
:1085C800BA3F8BED8A0048BEBF516C53F87B804E92
:1085D800CB4ABAFF5DE57A0B5E086A215F0F4ABD98
:1085E800BB9876677F52A070ED56684ABBFF5E95D0
:1085F800677F52A070ED566848BED99876677F9815
:10860800CE624748BD815E95677F98CE624746BD7A
:10861800E3538B7F29673A46BB31753578C196009D
:1086280048BD5F9876677F6E295EA648BBDB5E957E
:10863800677F6E295EA644BC33538B529B48BC812E
:108648005EF68FDF65F695F444BE336570636E4A57
:10865800BDD9521D59CB53165417003F44BBF5786A
:108668006E8BA444BE5F53D66D8848BC798FD08882
:108678004C65E55FD748BA7F95198BEF65E55FD7FD
:1086880044BD6782F18BED44BC754E2D658744BFB0
:10869800A597E98BED46BA954EAC757F90534EBAC7
:1086A8003157615DDE5E020020676191CC90914E8A
:1086B800BCFD5802624D5CF08DEF0020003200399D
:1086C80058BEF9003000330031002D003900350064
:1086D80033002D003400300036003344BD13004F02
:1086E800004E46BA43004F004600464ABD774F2029
:1086F800611F5668682151C648BF27538B529B6833
:108708002151C648BF81004500580049005444BA69
:108718007B1C850CCC54BBC700540020005400457A
:10872800004D0050002000430048004754BB630040
:108738005400200043004F004F004C00200043002D
:1087480048004754BB190042002000540045004D22
:108758000050002000430048004754BABB004200C4
:10876800200043004F004F004C0020004300480009
:108778004752BBE300440045004C0041005900202B
:1087880000430048004752BDA90050005200450070
:10879800530053002000430048004746BDC9101C41
:1087A80000AC081C52BE4D19D00BEC00000020197B
:1087B800C616B506C806E4002E4ABC470046006F38
:1087C8000075006E006454BD4B004E006F00200021
:0D87D8006500720072006F00720073002EC9
:10E2B90090C9A112AE5400009600E4FF12E8F39051
:10E2C900C9A112AE54000096007F0212E8F390C370
:10E2D900D57401F0A37484F0A37400F0A37401F061
:10E2E900A37488F0A37404F0A37401F0A37488F0F4
:10E2F900A37406F0A37404F0A3E4F07B01A304F073
:10E30900A37494F0A37412F0A3EBF0A37498F0A390
:10E319007416F0A3EBF0A37498F0A37418F0A37427
:06E3290004F0A3E4F02261
:0BA4DE0090C9A0EBF0A3EAF0A3E9F0A6
:10A4E900C2AF90000312AEB112AC3AFFAEF090C900
:10A4F900ABEEF0A3EFF0D2AF90C9A0E0FBA3E0FA76
:10A50900A3E0F990000612AEB112AC3AFDACF06FBF
:10A519007002EC6E700302AA34C390C9ACE09D903E
:10A52900C9ABE09C90C9A0E0FBA3E0FAA3E0F95015
:10A539002190000912AC65FF90C9ACE02FFF90C9CA
:10A54900ABE035F0CFC39DCF9C90C9A3F0A3EFF04A
:10A55900801E90000612AEB112AC3AFFC390C9AC8E
:10A56900E09FFE90C9ABE095F090C9A3F0A3CEF0AF
:10A57900C390C9A4E0940690C9A3E0940050037F56
:10A58900002290C9A0E0FBA3E0FAA3E0F99000063D
:10A5990012AEB112AC3AFDACF090C9A0E0FBA3E059
:10A5A900FAA3E0F912AE918D828C8312AB46FF902B
:10A5B900C9A9E4F0A3EFF0E0F8E4F0E890C9A9F044
:10A5C900ED2401FFE43CFE90C9ADF0A3EFF090C982
:10A5D900A0E0FBA3E0FAA3E0F990000912AC65FD45
:10A5E900C3EF9DEE95F04007E490C9ADF0A3F012DA
:10A5F900AE9190C9ADE0FEA3E0F5828E8312AB4621
:10A60900FF90C9A9E0FEA3E04FFF90C9A9EEF0FEB3
:10A61900A3EFF064A57003EE645A600302A9DF900A
:10A62900C9A0E0FBA3E0FAA3E0F990000612AEB1DD
:10A6390012AC3A2403FFE435F0FE90C9ADF0A3EF64
:10A64900F090C9A0E0FBA3E0FAA3E0F99000091299
:10A65900AC65FDACF0C3EF9DEE9C400C90C9AEE03B
:10A669009DF090C9ADE09CF090C9A0E0FBA3E0FA91
:10A67900A3E0F912AE9190C9ADE0FEA3E0F5828E98
:10A689008312AB466482600302A80790C9A0E0FB6D
:10A69900A3E0FAA3E0F990000612AEB112AC3A2495
:10A6A90002FFE435F0FE90C9ADF0A3EFF090C9A028
:10A6B900E0FBA3E0FAA3E0F990000912AC65FDAC58
:10A6C900F0C3EF9DEE9C400C90C9AEE09DF090C99F
:10A6D900ADE09CF090C9A0E0FBA3E0FAA3E0F91279
:10A6E900AE9190C9ADE0FEA3E0F5828E8312AB4630
:10A6F9002403FFE433FE90C9A5F0A3EFF0C390C98A
:10A70900A4E09F90C9A3E09E500302AA34E490C933
:10A71900A7F0A3F090C9A5E0FEA3E0FFA3E0FCA386
:10A72900E0FDC39FEC9E400302A7D390C9A0E0FBC4
:10A73900A3E0FAA3E0F990000612AEB112AC3AFF19
:10A74900AEF090C9A0E0FBA3E0FAA3E0F912AE9144
:10A759008F828E8312AB46FF74EB2DF58274C33C56
:10A76900F583EFF090C9A0E0FBA3E0FAA3E0F9902C
:10A77900000612AEB1E475F00112AC9D90C9A0E0DB
:10A78900FBA3E0FAA3E0F990000612AEB112AC3ACD
:10A79900FFAEF090C9A0E0FBA3E0FAA3E0F99000B6
:10A7A9000912AC65FDC3EF9DEE95F0400C900006D3
:10A7B90012AEB1E4F5F012ACD590C9A8E004F0707E
:10A7C9000690C9A7E004F002A71D90C3EFE0FEA31D
:10A7D900E0FF7B017AC379F190C3EDE024FDC31357
:10A7E900FD90C9E0E4F0A3EDF012C2E490C3ED746A
:10A7F90003F090C3EF744FF0A3744B02A99090C972
:10A80900A0E0FBA3E0FAA3E0F912AE9190C9ADE094
:10A81900FEA3E0F5828E8312AB466483600302A92E
:10A829009490C9A0E0FBA3E0FAA3E0F99000061216
:10A83900AEB112AC3A2402FFE435F0FE90C9ADF096
:10A84900A3EFF090C9A0E0FBA3E0FAA3E0F9900020
:10A859000912AC65FDACF0C3EF9DEE9C400C90C9AC
:10A86900AEE09DF090C9ADE09CF090C9A0E0FBA3DB
:10A87900E0FAA3E0F912AE9190C9ADE0FEA3E0F5CC
:10A88900828E8312AB462403FFE433FE90C9A5F000
:10A89900A3EFF0C390C9A4E09F90C9A3E09E500321
:10A8A90002AA34E490C9A7F0A3F090C9A5E0FEA3D9
:10A8B900E0FFA3E0FCA3E0FDC39FEC9E400302A9D7
:10A8C9006990C9A0E0FBA3E0FAA3E0F990000612A1
:10A8D900AEB112AC3AFFAEF090C9A0E0FBA3E0FA2A
:10A8E900A3E0F912AE918F828E8312AB46FF74EB0F
:10A8F9002DF58274C33CF583EFF090C9A0E0FBA36A
:10A90900E0FAA3E0F990000612AEB1E475F0011285
:10A91900AC9D90C9A0E0FBA3E0FAA3E0F990000682
:10A9290012AEB112AC3AFFAEF090C9A0E0FBA3E0C1
:10A93900FAA3E0F990000912AC65FDC3EF9DEE950D
:10A94900F0400C90000612AEB1E4F5F012ACD590CF
:10A95900C9A8E004F0700690C9A7E004F002A8B302
:10A9690090C3EFE0FEA3E0FF7B017AC379F2A3E095
:10A97900FD90C9CDE4F0A3EDF012BDBF90C3F1E0A5
:10A9890025E0240490C3EDF07F012290C9A0E0FBEB
:10A99900A3E0FAA3E0F990000612AEB1E475F00164
:10A9A90012AC9D90C9A0E0FBA3E0FAA3E0F99000E6
:10A9B9000612AEB112AC3AFFAEF090C9A0E0FBA30B
:10A9C900E0FAA3E0F990000912AC65FDC3EF9DEE32
:10A9D90095F04057804990C9A0E0FBA3E0FAA3E0B5
:10A9E900F990000612AEB1E475F00112AC9D90C960
:10A9F900A0E0FBA3E0FAA3E0F990000612AEB112C1
:10AA0900AC3AFFAEF090C9A0E0FBA3E0FAA3E0F9ED
:10AA190090000912AC65FDC3EF9DEE95F0400C90D6
:0DAA2900000612AEB1E4F5F012ACD57F00CE
:01AA360022FD
:10ECB1007B017AC379D512A4DEBF011590C3EDE0C3
:10ECC1002403FDE433FC7B017AC379EBE4FF12BF3B
:10ECD1007F7B017AC379E012A4DEBF011590C3EDF9
:10ECE100E02403FDE433FC7B017AC379EB7F02125C
:03ECF100BF7F22C0
:10DF050090CAFFEBF0A3EAF0A3E9F07D02E4FF126B
:10DF1500EB0A7D03E4FF12E9E27B017D02E4FF12D7
:10DF2500DDE043C98075F1FFE4F5F275F36075F442
:10DF35000175F88F30FCFD90CAFFE0FBA3E0FAA362
:10DF4500E0F912AB2DF5FA90000112AB46F5FB9006
:10DF5500000212AB46F5FC90000312AB46F5FDD26C
:10DF6500FE20FEFDE4F5FAF5FBF5FCF5FDD2FE20FD
:10DF7500FEFD75FAFF75FBFF75FCFF75FDFFD2FE13
:10DF850020FEFDE4F5F8758FA0E58F20E5FBD2B9FD
:01DF95002269
:10CC010075F1FFE4F5F275F36475F40175F88F3091
:10CC1100FCFD90BA27E075F00DA42424F582E5F01F
:10CC210034ADF583E0F5FAE4F5FBF5FCF5FDD2FE54
:10CC310020FEFD90BA27E0FB75F00DA42425F582B6
:10CC4100E5F034ADF583E0FCA3E0FDA3E0FEA3E055
:10CC5100FF781812AE228FFA75F00DEBA42425F59A
:10CC610082E5F034ADF583E0FCA3E0FDA3E0FEA393
:10CC7100E0FF781012AE228FFB90BA27E0FB75F02F
:10CC81000DA42425F582E5F034ADF583E0FCA3E0A5
:10CC9100FDA3E0FEA3E0FF780812AE228FFC75F041
:10CCA1000DEBA42425F582E5F034ADF583A3A3A310
:10CCB100E0F5FDD2FE20FEFD90BA27E0FF75F00DF4
:10CCC100A42429F582E5F034ADF583E0F5FA75F099
:10CCD1000DEFA4242AF582E5F034ADF583E0F5FBF0
:10CCE10090BA27E0FF75F00DA4242BF582E5F0340E
:10CCF100ADF583E0F5FC75F00DEFA4242CF582E58C
:10CD0100F034ADF583E0F5FDD2FE20FEFD90BA27AB
:10CD1100E0FF75F00DA4242DF582E5F034ADF58327
:10CD2100E0F5FA75F00DEFA4242EF582E5F034ADAF
:10CD3100F583E0F5FB90BA27E0FF75F00DA4242FF1
:10CD4100F582E5F034ADF583E0F5FC75F00DEFA467
:10CD51002430F582E5F034ADF583E0F5FDD2FE2017
:0CCD6100FEFD90BA27E004F0E4F5F82293
:10F25E00C2B912CC01D2B990BA287401F07D647C87
:0AF26E00007F0712F096438F042280
:10EEAC00E5E830E51053E8DF438F407FE87E03123E
:10EEBC00F2DD538FBF90BA28E0601C7F0712F34439
:10EECC00EF6014E490BA28F090BA27E0FF90BA26CD
:08EEDC00E06F600312F25E22F8
:06B99A0090CA3012AE4815
:10B9A000D390CA36E0940090CA35E0940840030270
:10B9B000BBF790CA34E0FB90CA3030E70FE0FCA33D
:10B9C000E0FDA3E0FEA3E0FF7803800DE0FCA3E030
:10B9D000FDA3E0FEA3E0FF781512AE3590CA3F123A
:10B9E000AE48EB30E63F90CA3FE0FCA3E0FDA3E0A9
:10B9F000FEA3E0FF90BA26E0FB75F00DA42425F528
:10BA000082E5F034ADF58312AE4890CA34E054C0FC
:10BA1000FF75F00DEBA42424F582E5F034ADF58339
:10BA2000EFF002BBE890CA35E0FCA3E0FDAE04787D
:10BA300003CEC313CE13D8F990CA3DF0ED5407A33B
:10BA4000F0E490CA3CF090CA34E054C0FFE4FCFD3E
:10BA5000FE90CA4312AE48E490CA3AF090CA3DE064
:10BA6000FF90CA3AE0C39F400302BB1390CA3FE075
:10BA7000FCA3E0FDA3E0FEA3E0FF90BA26E0FB7587
:10BA8000F00DA42425F582E5F034ADF58312AE481F
:10BA900090CA43E0FCA3E0FDA3E0FEA3E04408FF5E
:10BAA00075F00DEBA42424F582E5F034ADF583EFB9
:10BAB000F0E490CA3BF090CA3BE0FFC394085044C6
:10BAC00090CA37E0FBA3E0FAA3E0F990CA3CE0F5A6
:10BAD0008275830012AB46FE90BA26E075F00DA485
:10BAE0002429F582E5F034ADF583E5822FF582E473
:10BAF0003583F583EEF090CA3CE004F090CA3BE059
:10BB000004F080B290BA26E004F090CA3AE004F063
:10BB100002BA5C90CA3EE0FB700302BBEEA3E0FCFD
:10BB2000A3E0FDA3E0FEA3E0FF90BA26E075F00DD0
:10BB3000A42425F582E5F034ADF58312AE48AF03B9
:10BB400090CA43A3E0F9A3E0FAA3E04FFF90BA261E
:10BB5000E075F00DA42424F582E5F034ADF583EF13
:10BB6000F0E490CA3BF090CA3EE0FF90CA3BE0FE92
:10BB7000C39F504490CA37E0FBA3E0FAA3E0F990DA
:10BB8000CA3CE0F58275830012AB46FF90BA26E00E
:10BB900075F00DA42429F582E5F034ADF583E58236
:10BBA0002EF582E43583F583EFF090CA3CE004F093
:10BBB00090CA3BE004F080AE90CA3BE0FFC394081B
:10BBC000502690BA26E075F00DA42429F582E5F000
:10BBD00034ADF583E5822FF582E43583F583E4F017
:10BBE00090CA3BE004F080D090BA26E004F090BA0E
:07BBF00028E0700312F25E71
:01BBF700222B
:03004B0002B637C3
:10B63700C0E0C0F0C083C082C0D075D000C000C0D9
:0DB6470001C002C003C004C005C006C0075A
:10B65400C2B9E59130E70353913FE59120E6030237
:10B66400B9375391BF75F1FF75F20075F36875F43E
:10B674000175F8AF30FCFDD2FE20FEFD90C9E8E56F
:10B68400FAF0E0FF90BA24E075F00DA42424F582CA
:10B69400E5F034A0F583EFF0D2FE20FEFD90BA244D
:10B6A400E075F00DA42425F582E5F034A0F583C0FF
:10B6B40083C082E0FCA3E0FDA3E0FEA3E0FF7808E2
:10B6C40012AE35D082D08312AE4890BA24E075F021
:10B6D4000DA42425F582E5F034A0F583C083C0824F
:10B6E400E0F8A3E0F9A3E0FAA3E0FBAFFAEB4FFF25
:10B6F400EAFEE9FDE8FCD082D08312AE4890BA2479
:10B70400E075F00DA42425F582E5F034A0F583C09E
:10B7140083C082E0FCA3E0FDA3E0FEA3E0FF780881
:10B7240012AE35D082D08312AE4890BA24E075F0C0
:10B734000DA42425F582E5F034A0F583C083C082EE
:10B74400E0F8A3E0F9A3E0FAA3E0FBAFFBEB4FFFC3
:10B75400EAFEE9FDE8FCD082D08312AE4890BA2418
:10B76400E075F00DA42425F582E5F034A0F583C03E
:10B7740083C082E0FCA3E0FDA3E0FEA3E0FF780821
:10B7840012AE35D082D08312AE4890BA24E075F060
:10B794000DA42425F582E5F034A0F583C083C0828E
:10B7A400E0F8A3E0F9A3E0FAA3E0FBAFFCEB4FFF62
:10B7B400EAFEE9FDE8FCD082D08312AE4890BA24B8
:10B7C400E075F00DA42425F582E5F034A0F583C0DE
:10B7D40083C082E0FCA3E0FDA3E0FEA3E0FF7808C1
:10B7E40012AE35D082D08312AE4890BA24E075F000
:10B7F4000DA42425F582E5F034A0F583C083C0822E
:10B80400E0F8A3E0F9A3E0FAA3E0FBAFFDEB4FFF00
:10B81400EAFEE9FDE8FCD082D08312AE4890BA2457
:10B82400E075F00DA42425F582E5F034A0F583C07D
:10B8340083C082E0FCA3E0FDA3E0FEA3E0FF780365
:10B8440012AE22D082D08312AE4890C9E8E020E73D
:10B854002D90BA24E075F00DA42425F582E5F0348A
:10B86400A0F583C083C082E0FCA3E0FDA3E0FEA3B7
:10B87400E0FF781212AE22D082D08312AE4890C973
:10B88400E8E030E60302B92ED2FE20FEFD90BA2491
:10B89400E0FF75F00DA42429F582E5F034A0F583CA
:10B8A400E5FAF075F00DEFA4242AF582E5F034A052
:10B8B400F583E5FBF075F00DEFA4242BF582E5F09C
:10B8C40034A0F583E5FCF075F00DEFA4242CF5828B
:10B8D400E5F034A0F583E5FDF0D2FE20FEFD90BA3C
:10B8E40024E0FF75F00DA4242DF582E5F034A0F5D5
:10B8F40083E5FAF075F00DEFA4242EF582E5F0341B
:10B90400A0F583E5FBF075F00DEFA4242FF582E597
:10B91400F034A0F583E5FCF075F00DEFA42430F5C8
:10B9240082E5F034A0F583E5FDF075F80090BA24C3
:10B93400E004F0E59130E5235391DF90BA26E0FF6F
:10B94400A3E06F601112CC01438F047DB87C0B7FA0
:10B954000712F096800590BA28E4F0E59130E403EC
:10B964005391EFE59130E3035391F7E59130E2060B
:0BB974005391FB438F0475E800D2B92B
:10B97F00D007D006D005D004D003D002D001D0001C
:0BB98F00D0D0D082D083D0F0D0E032C6
:06DB5B0090CA4712AE481B
:10DB610090CA4F74A5F090CA47E0FCA3E0FDA3E082
:10DB7100FEA3E0FF781012AE2290CA50EFF090CAD7
:10DB810047E0FCA3E0FDA3E0FEA3E0FF780812AEAE
:10DB91002290CA51EFF090CA47A3A3A3E0FF90CA15
:10DBA10052EFF090CA4BE0FCA3E0FDEC90CA53F0B9
:10DBB100EDA3F090CA4DE0FCA3E0FDEC90CA55F056
:10DBC100EDA3F07B017ACA794F90C9E0E4F0A37428
:10DBD10004F07F087E0012C2E47B017ACA794F907B
:10DBE100C9CDE4F0A37402F07F087E0012BDBF909E
:0EDBF100CA4FE060097F017E0012EAC280DBAD
:01DBFF002203
:10EC270090CA8912AE4890CA90E0FFA3E090C9E06D
:10EC3700CFF0A3EFF07F007EC012C2E490CA89E054
:10EC4700FCA3E0FDA3E0FEA3E0FF90CA4B74C0F075
:10EC5700A3E4F090CA90E0FBA3E090CA4DCBF0A3E9
:05EC6700EBF002DB5B95
:06DC000090CA5712AE4865
:10DC060090CA5F745AF090CA57E0FCA3E0FDA3E007
:10DC1600FEA3E0FF781012AE2290CA60EFF090CA21
:10DC260057E0FCA3E0FDA3E0FEA3E0FF780812AEF8
:10DC36002290CA61EFF090CA57A3A3A3E0FF90CA4F
:10DC460062EFF090CA5BE0FCA3E0FDEC90CA63F0E3
:10DC5600EDA3F090CA5DE0FCA3E0FDEC90CA65F090
:10DC6600EDA3F07B017ACA795F90C9E0E4F0A37472
:10DC760004F07F087E0012C2E47B017ACA795F90C5
:10DC8600C9CDE4F0A37402F07F087E0012BDBF90F8
:0EDC9600CA5FE060097F017E0012EAC280DBF7
:01DCA400225D
:10EC6C0090CA96EBF0A3EAF0A3E9F090CA5B74C0EB
:10EC7C00F0A3E4F090CA99E0FBA3E090CA5DCBF05E
:10EC8C00A3EBF012DC0090CA96E0FBA3E0FAA3E041
:10EC9C00F9A3E0FFA3E090C9CDCFF0A3EFF07F0084
:05ECAC007EC002BDBFA7
:10BBF80090CA7C7432F090CA7B04F07B017ACA79CF
:10BC08007B12F3307B017ACA797B12EDF67B017ADD
:10BC1800CA797B7F6412E5587B017ACA797B7F1DDC
:10BC280012E5587B017ACA797B12EDB77B017ACA93
:10BC3800797B12EDF67B017ACA797B7F6512E5582C
:10BC48007B017ACA797B12E89E90C9A0EFF07B014C
:10BC58007ACA797B12EEE47B017ACA797B12E89E74
:10BC68007B017ACA797B12EF1C7B017ACA797B1235
:10BC7800EDB790C9A0E020E10302BDBE7B017ACAFE
:10BC8800797B12EDF67B017ACA797B7F6412E558DD
:10BC98007B017ACA797B7F3012E5587B017ACA79B1
:10BCA8007BE4FF12E5587B017ACA797B12EDB77BFA
:10BCB800017ACA797B12EDF67B017ACA797B7F64B7
:10BCC80012E5587B017ACA797B7F1C12E5587B0103
:10BCD8007ACA797B7F4812E5587B017ACA797BE476
:10BCE800FF12E5587B017ACA797B7F4012E5587BC1
:10BCF800017ACA797B7F1012E5587B017ACA797B71
:10BD080012EDB77B017ACA797B12EDF67B017ACA0C
:10BD1800797B7F6412E5587B017ACA797B7F1012A0
:10BD2800E5587B017ACA797BE4FF12E5587B017AF2
:10BD3800CA797BE4FF12E5587B017ACA797BE4FF74
:10BD480012E5587B017ACA797B7F2012E5587B017E
:10BD58007ACA797B7F0112E5587B017ACA797B7FA1
:10BD68000112E5587B017ACA797B7F2112E5587B5D
:10BD7800017ACA797B12EDB77B017ACA797B12ED19
:10BD8800F67B017ACA797B7F6412E5587B017ACA0F
:10BD9800797B7F1E12E5587B017ACA797BE4FF1212
:10BDA800E5587B017ACA797B7F1012E5587B017AC6
:06BDB800CA797B12EDB711
:01BDBE002262
:10CD6D007B017ACA797B12EDF67B017ACA797B7FDA
:10CD7D006412E5587B017ACA797B7F1012E5587BE6
:10CD8D00017ACA797B12EDB77B017ACA797B12EDF4
:10CD9D00F67B017ACA797B7F6512E55890CB0274D8
:10CDAD0006F07B017ACA797B12E89E90CB02E024D3
:10CDBD0073F582E434CAF583EFF07B017ACA797B8F
:10CDCD0012EEE490CB02E014F0E0D3940050D37B4C
:10CDDD00017ACA797B12E89E90CA73EFF07B017AD3
:10CDED00CA797B12EF1C7B017ACA797B12EDB7E40D
:10CDFD0090CB02F090CB02E0FF2473F582E434CAAD
:10CE0D00F583E0FEC4540FFD90CB03F0EE540FFEFE
:10CE1D00A3F0ED75F00AA42EFE74732FF582E434A1
:10CE2D00CAF583EEF090CB02E004F0E0B403C590B8
:10CE3D00CB027404F090CB02E0FF2473F582E4344E
:10CE4D00CAF583E0FEC4540FFD90CB03F0EE540FF2
:10CE5D00FEA3F0ED75F00AA42EFE74732FF582E497
:10CE6D0034CAF583EEF090CB02E004F0E0B407C5D0
:10CE7D00E490CB03F090CA76E090CB04F0E490CB35
:10CE8D0002F090CB04E0FF20E01590CB03E004F01E
:10CE9D00EFC313A3F090CB02E004F0E0B407E390EE
:10CEAD00CB03E090CA76F0E490CA7AF07B017ACA9F
:10CEBD00797390C9E0F0A37404F07F107E0002C274
:01CECD00E480
:07DF960090CAF5EBF0AB07A8
:10DF9D00ED64016004EDB4021BED240CFEE433903E
:10DFAD00CAF6F0A3CEF0EB24FFFEE434FFA3F0A3FA
:10DFBD00CEF08012AF0590CAF6E4F0A3EFF0AF03F8
:10DFCD00A3E4F0A3EFF090CAF7E02401FF90CAF6A6
:10DFDD00E03400FE7C007D1A12ABA77D0A12ABB9AE
:10DFED00AC06AD0790CAF8E0FAA3E0FBAE027802EA
:10DFFD00CEC313CE13D8F92BFFEA3ECF2DCF3CFE67
:10E00D0090CAF5E07C002FFFEC3ECF24DCCF34FF2F
:08E01D00FE7D0712ABB9AF054F
:01E0250022D8
:10C1320090CB05EBF0A3EAF0A3E9F07B017ACA7990
:10C142007B12EDF67B017ACA797B7F6412E5587B1C
:10C15200017ACA797B7F3012E5587B017ACA797BF2
:10C16200E4FF12E5587B017ACA797B12EDB77B01B5
:10C172007ACA797B12EDF67B017ACA797B7F6412E7
:10C18200E5587B017ACA797B7F1C12E5587B017ADC
:10C19200CA797B7F4812E5587B017ACA797BE4FF32
:10C1A20012E5587B017ACA797B7F4012E5587B0100
:10C1B2007ACA797B7F1012E5587B017ACA797B12A1
:10C1C200EDB77B017ACA797B12EDF67B017ACA79E7
:10C1D2007B7F6412E5587B017ACA797B7F1012E576
:10C1E2005890CB05E0FBA3E0FAA3E0F912AB2DFFD8
:10C1F2007B017ACA797B12E55890CB05E0FBA3E07C
:10C20200FAA3E0F990000112AB46FF7B017ACA79EA
:10C212007B12E55890CB05E0FBA3E0FAA3E0F9908E
:10C22200000212AB46FF7B017ACA797B12E5589075
:10C23200CB05E0FBA3E0FAA3E0F990000312AB46C2
:10C24200FF7B017ACA797B12E55890CB05E0FBA30C
:10C25200E0FAA3E0F990000412AB46FF7B017ACA30
:10C26200797B12E55890CB05E0FBA3E0FAA3E0F955
:10C2720090000512AB46FF7B017ACA797B12E55822
:10C2820090CB05E0FBA3E0FAA3E0F990000612AB25
:10C2920046FF7B017ACA797B12E5587B017ACA791B
:10C2A2007B12EDB77B017ACA797B12EDF67B017ABC
:10C2B200CA797B7F6412E5587B017ACA797B7F1E3B
:10C2C20012E5587B017ACA797BE4FF12E5587B01BB
:10C2D2007ACA797B7F1012E5587B017ACA797B0290
:02C2E200EDB7B6
:0BD5E20090CA67EBF0A3EAF0A3E9F0A9
:10D5ED0012AB2DFF90000112AB46FD90000212AB65
:10D5FD0046FB12DF9690CA72EFF090CA67E0FBA36C
:10D60D00E0FAA3E0F912AB2DFF12F35790CA70EFB9
:10D61D00F090CA67E0FBA3E0FAA3E0F990000112D5
:10D62D00AB46FF12F35790CA6FEFF090CA67E0FB5D
:10D63D00A3E0FAA3E0F990000212AB46FF12F357F4
:10D64D0090CA6EEFF090CA72E0FF7401A8070880CF
:10D65D0002C333D8FC90CA6DF090CA67E0FBA3E01B
:10D66D00FAA3E0F990000312AB46FF12F35790CAEC
:10D67D006CEFF090CA67E0FBA3E0FAA3E0F990002D
:10D68D000412AB46FF12F35790CA6BEFF090CA67C6
:10D69D00E0FBA3E0FAA3E0F990000512AB46FF1200
:10D6AD00F35790CA6AEFF07B017ACA796A02C132E8
:10F3300090000112AB46FE54F0C4540FFFEE540F80
:04F34000FD02EB0AD5
:08F2AB00EBF0A3EAF0A3E9F087
:10F2B30012AB2DFE54F0C4540FFFEE540FFD02E9C0
:01F2C300E268
:08F2C400E0FBA3E0FAA3E0F96E
:10F2CC0012AB2DFE54F0C4540FFFEE540FFD02EBA5
:01F2DC000A27
:08F27800E0FBA3E0FAA3E0F9BA
:10F2800012AB2DFE54F0C4540FFFEE540FFD12E8E4
:02F29000492211
:08F1F400E0FBA3E0FAA3E0F93F
:10F1FC0012AB2DFE54F0C4540FFFEE540FFD7B01E7
:03F20C0002DDE040
:08F20F00E0FBA3E0FAA3E0F923
:10F2170012AB2DFE54F0C4540FFFEE540FFDE4FB68
:03F2270002DDE025
:08F11500E0FBA3E0FAA3E0F91E
:10F11D0090000112AB46FE54F0C4540FFFEE540F95
:06F12D00FD7B0102DDE0A4
:08F13300E0FBA3E0FAA3E0F900
:10F13B0090000112AB46FE54F0C4540FFFEE540F77
:06F14B00FDE4FB02DDE023
:10EDF60090C9A1EBF0A3EAF0A3E9F090C9A112F241
:10EE0600C490C9A112F1F490C9A112F1157F0F7E29
:10EE16000012F2DD90C9A112F20F7F0F7E0012F2EE
:0EEE2600DD90C9A112F1337F0F7E0002F2DDF4
:10EDB70090C9A1EBF0A3EAF0A3E9F090C9A112F280
:10EDC700C490C9A112F20F90C9A112F1157F0F7E4D
:10EDD7000012F2DD90C9A112F1F47F0F7E0012F24A
:0FEDE700DD90C9A1E0FBA3E0FAA3E0F902F2B3CB
:10EEE40090C9A1EBF0A3EAF0A3E9F090C9A112F252
:10EEF400C490C9A112F20F7F057E0012F2DD90C901
:10EF0400A112F1157F057E0012F2DD90C9A112F164
:08EF1400337F057E0002F2DDEF
:10EF1C0090C9A1EBF0A3EAF0A3E9F090C9A112F219
:10EF2C00C490C9A112F1F47F057E0012F2DD90C9E4
:10EF3C00A112F1157F057E0012F2DD90C9A112F12C
:08EF4C00337F057E0002F2DDB7
:03E7410090C9A6D6
:10E7440012F2AB90C9A612F1F47F057E0012F2DD3D
:10E7540090C9A612F1157F057E0012F2DDE490C97E
:10E76400A9F090C9A612F278EF60137F057E00121B
:10E77400F2DD90C9A9E004F0E0C3943240E490C90A
:10E78400A612F1337F057E0012F2DD90C9A6E0FBEC
:09E79400A3E0FAA3E0F902F2CCC3
:0EE5580090C9A1EFF0A3EBF0A3EAF0A3E9F065
:10E5660012F2CCE490C9A5F090C9A1E030E706A369
:10E5760012F1F4800690C9A212F20F90C9A1E0250B
:10E58600E0F07F057E0012F2DD90C9A212F1157F40
:10E59600057E0012F2DD90C9A212F13390C9A5E002
:10E5A60004F0E0C36480948840BE90C9A2E0FBA357
:08E5B600E0FAA3E0F902E741DD
:03E89E0090C9A17D
:10E8A10012F2ABE490C9A4F07F057E0012F2DD9074
:10E8B100C9A112F1157F057E0012F2DD90C9A5E014
:10E8C100FF25E0F090C9A112F278EF90C9A560068A
:10E8D100E04401F08004E054FEF090C9A112F1334C
:10E8E10090C9A4E004F0E0C3940840BC90C9A5E03D
:01E8F100FF27
:01E8F2002203
:10F1510000000000000000000000000000000000AE
:0CF16100414243444546616263646566B8
:0BE5BE0090CAB5EBF0A3EAF0A3E9F06F
:10E5C90090CAB5E0FBA3E0FAA3E04A4B6049A3E097
:10E5D900FBA3E0FAA3E04A4B603DE4FFFED390CAF7
:10E5E900BCE09F90CABBE09E402D90CAB8E0FBA357
:10E5F900E0FAA3E0F98F828E8312AB46FD90CAB58B
:10E60900E0FBA3E0FAA3E0F98F828E83ED12AB85DC
:07E619000FBF00010E80C6D7
:01E6200022D7
:0BE4110090CABDEBF0A3EAF0A3E9F015
:10E41C0090CABDE0FBA3E0FAA3E04A4B600CA3E07A
:10E42C00FBA3E0FAA3E04A4B70037F0022E4FFFE5B
:10E43C00D390CAC4E09F90CAC3E09E403490CAC037
:10E44C00E0FBA3E475F00112AC24A9F0FA12AB2D99
:10E45C00FD90CABDE0FBA3E475F00112AC24A9F059
:10E46C00FA12AB2D6D60037F01220FBF00010E80ED
:03E47C00BF7F005F
:01E47F00227A
:10EA2E0090CAFAEBF0A3EAF0A3E9F0A3ECF0A3EDA1
:01EA3E00F0E7
:10EA3F0090CAFAE0FBA3E0FAA3E04A4B602BE4FF95
:10EA4F00FED390CAFEE09F90CAFDE09E401B90CA85
:10EA5F00FAE0FBA3E475F00112AC24A9F0FAE4127A
:09EA6F00AB730FBF00010E80D84B
:01EA7800227B
:10D4FD0090CA1712AE4890CA1BEBF0A3EAF0A3E94D
:01D50D00F02D
:10D50E0078207CCA7D017BFF7AF179517E007F10F5
:10D51E0012AB07E490CA1FF090CA1EE0C3941040ED
:10D52E00037410F0E47B0AFAF9F890CA17E0FCA332
:10D53E00E0FDA3E0FEA3E0FF12AD7FEB2430FF90F1
:10D54E00CA1FE0FE04F074202EF582E434CAF5837F
:10D55E00EFF090CA17E0FCA3E0FDA3E0FEA3E0FF0E
:10D56E00E47B0AFAF9F812AD7F90CA1712AE48E4BE
:10D57E00FBFAF9F8C312AE1140AA90CA1EE0FFEFF3
:10D58E00D394004043EF24FFFDE434FFFC90CA1B0C
:10D59E00E0FBA3E0FAA3E0F98D828C83E412AB8565
:10D5AE00741F2FF582E434CAF583E0FE6017F46031
:10D5BE001490CA1BE0FBA3E475F00112AC24A9F091
:10D5CE00FAEE12AB731F80B790CA1BE0FBA3E0FA12
:03D5DE00A3E0F9CE
:01D5E1002227
:10EF5400EF54F0C4540FFEEF540FFDEEC3940AEEC9
:10EF6400400790F15793FE80034430FEEDC3940AAA
:10EF7400ED400790F15793FD80034430FDAF06EF59
:03EF8400FEEDFFA0
:01EF87002267
:10EF8800EF54F0C4540FFEEF540FFDEEC3940AEE95
:10EF9800400790F15D93FE80034430FEEDC3940A70
:10EFA800ED400790F15D93FD80034430FDAF06EF1F
:03EFB800FEEDFF6C
:01EFBB002233
:0BD8570090CA9BEBF0A3EAF0A3E9F0FD
:10D86200E490CAA1F090CAA1E0FFC394145027909B
:10D87200CA9BE0FBA3E0FAA3E0F98F827583001252
:10D88200AB46FFC394304006EFD39439400890CAA8
:10D89200A1E004F080CFE490CAA2F0A3F090CAA164
:10D8A200E0FFC39414505D90CA9BE0FBA3E0FAA38F
:10D8B200E0F98F8275830012AB46FFC39430404477
:10D8C200EFD39439503E90CAA2E0FEA3E0FF7C0061
:10D8D2007D0A12ABA790CAA2EEF0A3EFF090CAA104
:10D8E200E0F58275830012AB4624D0FFE434FFFEDC
:10D8F20090CAA3E02FF090CAA2E03EF090CAA1E045
:10D9020004F0809990CAA2E0F9A3E0FF90CA9EE0D9
:0CD91200FBA3E0FAA3E0C98FF002ACD543
:0BE4800090CAE9EBF0A3EAF0A3E9F07A
:10E48B00E4FF90CAE9E0FBA3E0FAA3E0F98F827501
:10E49B00830012AB46FEC394304006EED394394052
:10E4AB00050FEFB414DCEFC39414503690CAE9E0B7
:10E4BB00FBA3E0FAA3E0F98F8275830012AB46FE53
:10E4CB00C39430401DEED39439501790CAECE0FB47
:10E4DB00A3E475F00112AC24A9F0FAEE12AB730FA2
:02E4EB0080C4EB
:01E4ED00220C
:0BE6E10090CAEFEBF0A3EAF0A3E9F011
:10E6EC00E4FF90CAEFE0FBA3E0FAA3E0F98F827598
:10E6FC00830012AB46642260050FEFB432E40FEFD7
:10E70C00C39432502F90CAEFE0FBA3E0FAA3E0F9D8
:10E71C008F8275830012AB46FE6422601790CAF29A
:10E72C00E0FBA3E475F00112AC24A9F0FAEE12ABF5
:04E73C00730F80CB0C
:01E7400022B6
:0BEBE00090CB08EBF0A3EAF0A3E9F0F3
:10EBEB00E4FF90CB08E0FBA3E0FAA3E04A4B7001F3
:10EBFB002290CB08E0FBA3E0FAA3E0F912AB2D6067
:10EC0B001AF4601790CB09E475F00112AC0E0FEFFC
:0BEC1B00D394007480948440D8E4FF80
:01EC260022CB
:0BE3A00090CADCEBF0A3EAF0A3E9F068
:10E3AB0012EBE0AD077C0090CADFE0FBA3E0FAA321
:10E3BB00E0F912EBE0ED6F7001EC60037F0122E4FA
:10E3CB0090CAE2F090CAE2E0C39DE49C503590CA3B
:10E3DB00DFE0FBA3E475F00112AC24A9F0FA12AB59
:10E3EB002DFF90CADCE0FBA3E475F00112AC24A96D
:10E3FB00F0FA12AB2D6F60037F012290CAE2E004AA
:05E40B00F080C17F005C
:01E4100022E9
:0ED9E20090CAC5EBF0A3EAF0A3E9F0A3EDF0C4
:10D9F00074FF90CACAF0A3F0E4A3F090CAC8E0FF95
:10DA000090CACCE0C39F505B90CAC5E0FBA3E4750D
:10DA1000F00112AC24A9F0FA12AB2DFF90CACAE0B3
:10DA2000F0A3E06FF0E4FD90CACAE0FEA3E0FF308F
:10DA3000E019EEC313FEEF13FFEE64A0FEEF6401E6
:10DA4000FF90CACAEEF0A3EFF0800B90CACAE0C301
:10DA500013F0A3E013F00DEDB408CC90CACCE004B1
:10DA6000F0809890CAC9E0B4012CA3A3E0FF90CA4B
:10DA7000C5E0FBA3E475F00112AC24A9F0FAEF12A3
:10DA8000AB7390CACAE0FF90CAC5E0FBA3E0FAA35B
:0EDA9000E0F9EF12AB7390CACAE0FEA3E0FF0C
:01DA9E002265
:10F35700EF75F00A84C454F0FEEF75F00A84E5F007
:03F367004EFF2234
:0FF36A00EFC4540F75F00AA4FEEF540F2EFF22CC
:1087E50041CAA40041CAA50141CAA60141CAA700C0
:0987F50041CAAA0042CAAB00000F
:10C47700E490C9A0F090C9A5F0A3F07FFAFE12F2EC
:10C48700DD7D017F0312E849EF600A90C9A1E4F05E
:10C49700A304F08007E490C9A1F0A3F0E4FD7F03B3
:10C4A70012E849EF600A90C9A3E4F0A304F08007FB
:10C4B700E490C9A3F0A3F0E4FD7F0212E849EF700E
:10C4C70052E4FD7F0212E849EF702A90CAACE004FB
:10C4D700F0700690CAABE004F07F017E0012EAC25A
:10C4E700C390CAACE094D090CAABE0940740D29016
:10C4F700C9A07404F090CAABE0FEA3E0FFD3940A8E
:10C50700EE9400400EEF94D0EE9407500690C9A029
:10C517007403F0E4FD7F0212E849EF6007E490CA74
:10C52700ABF0A3F090C9A1E0FEA3E0FF64014E7059
:10C5370038A3E07004A3E06401702E90CAA7E060FE
:10C547001CE4F090CAA4E0FDB4420890C9A07401AD
:10C55700F0800AEDB4240690C9A07402F0E490CAF2
:10C56700A4F0A304F0A3F0806A90CAA77401F0EFC7
:10C577004E6006A37401F08005E490CAA8F090C944
:10C58700A3E07002A3E0600890CAA97401F08005D7
:10C59700E490CAA9F090CAA5E0FF90CAA8E0B50741
:10C5A7000C90CAA6E0FF90CAA9E06F602690CAA8BF
:10C5B700E0FF90CAA5F090CAA9E0FE90CAA6F09045
:10C5C700CAA4E0FDEF2DF0E025E0FFF0EE2FF0E04C
:10C5D70025E0F090C9A0E0FDB401057E007F0122AF
:10C5E700EDB402057E007F022290C9A0E0FDB403EE
:10C5F700057E007F0322EDB404057E007F0422E45C
:02C60700FEFF34
:01C60900220E
:10DA9F0090CACDEEF0A3EFF0A3ECF0A3EDF0A3EA64
:04DAAF00F0A3EBF005
:10DAB300E4FFFE12C477EF64014E704390CACFE0D7
:10DAC300FCA3E0FD90CAD3E0FAA3E0FBC39DEA9C6C
:10DAD300501690CACDE0FEA3E0FF90CAD4E02FF029
:10DAE30090CAD3E03EF0806790CACFE0FCA3E0FD8C
:10DAF300C3EB9DEA9C4058A3E0FFA3E0A3804BEF58
:10DB030064024E704A90CAD1E0FEA3E0FFA3E0FC9A
:10DB1300A3E0FDD39FEC9E401290CACDE0FEA3E0AC
:10DB2300FFED9FFFEC9E90CAD3802090CAD1E0FE08
:10DB3300A3E0FFD390CAD4E09F90CAD3E09E500FD6
:10DB430090CACFE0FFA3E090CAD3CFF0A3EFF09049
:07DB5300CAD3E0FEA3E0FFCE
:01DB5A0022A8
:10D9620002D6BDE493A3F8E493A34003F68001F248
:10D9720008DFF48029E493A3F85407240CC8C333C6
:10D98200C4540F4420C8834004F456800146F6DF95
:10D99200E4800B0102040810204080907D18E47E90
:10D9A200019360BCA3FF543F30E509541FFEE4938A
:10D9B200A360010ECF54C025E060A840B8E493A351
:10D9C200FAE493A3F8E493A3C8C582C8CAC583CA7C
:10D9D200F0A3C8C582C8CAC583CADFE9DEE780BE34
:0187FE00007A
:10AA3700E709F608DFFA8046E709F208DFFA803E01
:10AA470088828C83E709F0A3DFFA8032E309F608EE
:10AA5700DFFA8078E309F208DFFA807088828C8356
:10AA6700E309F0A3DFFA806489828A83E0A3F6080A
:10AA7700DFFA805889828A83E0A3F208DFFA804CE4
:10AA870080D280FA80C680D4806980F280338010BB
:10AA970080A680EA809A80A880DA80E280CA803324
:10AAA70089828A83ECFAE493A3C8C582C8CCC5839C
:10AAB700CCF0A3C8C582C8CCC583CCDFE9DEE7806C
:10AAC7000D89828A83E493A3F608DFF9ECFAA9F0EB
:10AAD700EDFB2289828A83ECFAE0A3C8C582C8CC41
:10AAE700C583CCF0A3C8C582C8CCC583CCDFEADE5A
:10AAF700E880DB89828A83E493A3F208DFF980CCBC
:10AB070088F0EF60010E4E60C388F0ED2402B404B4
:10AB17000050B9F582EB2402B4040050AF2323455B
:06AB2700822390AA87734F
:10AB2D00BB010689828A83E0225002E722BBFE0226
:09AB3D00E32289828A83E4932259
:10AB4600BB010CE58229F582E5833AF583E02250C4
:10AB560006E92582F8E622BBFE06E92582F8E2220E
:0DAB6600E58229F582E5833AF583E4932228
:10AB7300BB010689828A83F0225002F722BBFE01C1
:02AB8300F322BB
:10AB8500F8BB010DE58229F582E5833AF583E8F006
:10AB9500225006E92582C8F622BBFE05E92582C8B2
:02ABA500F2229A
:10ABA700EF8DF0A4A8F0CF8CF0A428CE8DF0A42EC2
:02ABB700FE227C
:10ABB900BC000BBE0029EF8DF084FFADF022E4CC80
:10ABC900F875F008EF2FFFEE33FEEC33FCEE9DEC49
:10ABD900984005FCEE9DFE0FD5F0E9E4CEFD22ED8F
:10ABE900F8F5F0EE8420D21CFEADF075F008EF2FD9
:10ABF900FFED33FD4007985006D5F0F222C398FDCA
:05AC09000FD5F0EA2266
:10AC0E00C5F0F8A3E028F0C5F0F8E58215827002D1
:06AC1E001583E038F0226E
:10AC2400A3F8E0C5F025F0F0E582158270021583E3
:06AC3400E0C838F0E82240
:10AC3A00BB010A89828A83E0F5F0A3E022500687E5
:10AC4A00F009E71922BBFE07E3F5F009E3192289A7
:0BAC5A00828A83E493F5F074019322DA
:10AC6500BB0110E58229F582E5833AF583E0F5F02D
:10AC7500A3E0225009E92582F886F008E622BBFE0A
:10AC85000AE92582F8E2F5F008E222E5832AF58350
:08AC9500E993F5F0A3E9932215
:10AC9D00BB010789828A8302AC0E500B09C5F027D0
:10ACAD00F7C5F01937F722BBFE0D09F8E325F0F3D0
:10ACBD00C5F019E338F322F889828A83740193254C
:08ACCD00F0C5F0F8E493382211
:10ACD500BB010A89828A83F0E5F0A3F0225006F7CA
:0FACE50009A7F01922BBFE06F3E5F009F31922C7
:10ACF400E88FF0A4CC8BF0A42CFCE98EF0A42CFCFF
:10AD04008AF0EDA42CFCEA8EF0A4CDA8F08BF0A47C
:10AD14002DCC3825F0FDE98FF0A42CCD35F0FCEBDB
:10AD24008EF0A4FEA9F0EB8FF0A4CFC5F02ECD39A0
:0FAD3400FEE43CFCEAA42DCE35F0FDE43CFC220D
:10AD430075F008758200EF2FFFEE33FECD33CDCCC7
:10AD530033CCC58233C5829BED9AEC99E58298404A
:10AD63000CF582EE9BFEED9AFDEC99FC0FD5F0D627
:10AD7300E4CEFBE4CDFAE4CCF9A88222B800C1B951
:10AD83000059BA002DEC8BF084CFCECDFCE5F0CB8F
:10AD9300F97818EF2FFFEE33FEED33FDEC33FCEBC8
:10ADA30033FB10D703994004EB99FB0FD8E5E4F983
:10ADB300FA227818EF2FFFEE33FEED33FDEC33FC70
:10ADC300C933C910D7059BE99A4007EC9BFCE99A64
:10ADD300F90FD8E0E4C9FAE4CCFB2275F010EF2FA9
:10ADE300FFEE33FEED33FDCC33CCC833C810D707A9
:10ADF3009BEC9AE899400AED9BFDEC9AFCE899F8E4
:0EAE03000FD5F0DAE4CDFBE4CCFAE4C8F92276
:10AE1100EB9FF5F0EA9E42F0E99D42F0E89C45F097
:01AE2100220E
:10AE2200E8600FECC313FCED13FDEE13FEEF13FF0E
:03AE3200D8F12232
:10AE3500E8600FEFC333FFEE33FEED33FDEC33FC7B
:03AE4500D8F1221F
:0CAE4800ECF0A3EDF0A3EEF0A3EFF0227D
:10AE5400A8828583F0D083D08212AE6B12AE6B12BF
:10AE6400AE6B12AE6BE473E493A3C583C5F0C583E4
:10AE7400C8C582C8F0A3C583C5F0C583C8C582C848
:01AE840022AB
:0CAE8500A42582F582E5F03583F58322D8
:10AE9100BB010789828A8302AF3D5005E9F802AF01
:10AEA10034BBFE05E9F802AF4689828A8302AF4FBF
:10AEB100BB010DE58229F582E5833AF58302AF3DB9
:10AEC1005007E92582F802AF34BBFE07E92582F875
:10AED10002AF46E58229F582E5833AF58302AF4F59
:10AEE100D083D082F8E4937012740193700DA3A300
:10AEF10093F8740193F5828883E473740293686014
:06AF0100EFA3A3A380DF13
:10AF0700D083D082F8E4937012740193700DA3A3D9
:10AF170093F8740193F5828883E473740293B5F010
:0DAF2700067403936860E9A3A3A3A380D878
:09AF3400E6FB08E6FA08E6F92242
:09AF3D00E0FBA3E0FAA3E0F92215
:09AF4600E2FB08E2FA08E2F9223C
:0CAF4F00E493FB740193FA740293F9225E
:00000001FF
