C51 COMPILER V9.56.0.0   ADMIN                                                             09/30/2026 19:37:46 PAGE 1   


C51 COMPILER V9.56.0.0, COMPILATION OF MODULE ADMIN
OBJECT MODULE PLACED IN .\Objects\admin.obj
COMPILER INVOKED BY: C:\Keil_v5\C51\BIN\C51.EXE source\admin.c LARGE OPTIMIZE(8,SPEED) BROWSE INCDIR(.\driver;.\source;.
                    -\lib) DEBUG OBJECTEXTEND PRINT(.\Listings\admin.lst) TABS(2) OBJECT(.\Objects\admin.obj)

line level    source

   1          #include "sys.h"
   2          #include "language.h"
   3          #include "admin.h"
   4          #include "ui.h"
   5          #include "color.h"
   6          
   7          #define VP_SET_TT         0x8100  // 상 히터 온도 설정
   8          #define VP_SET_TB         0x8102  // 하 히터 온도 설정
   9          #define VP_SET_P          0x8104  // 목표압력 설정
  10          #define VP_SET_H          0x8106  // 유지시간 설정
  11          #define VP_SET_CHTT       0x8108  // 상 냉각온도 설정
  12          #define VP_SET_CHTB       0x810A  // 하 냉각온도 설정
  13          #define VP_SET_NTC_BASE_T 0x810C  // 상 프레임 기준 온도 설정
  14          #define VP_SET_NTC_BASE_B 0x8110  // 하 프레임 기준 온도 설정
  15          
  16          #define VP_USERSETTING_TOP_TEMP_MAX 0x8130 // 유저세팅 8개
  17          #define VP_USERSETTING_TOP_TEMP_MIN 0x8132 // 유저세팅 8개
  18          #define VP_USERSETTING_BOT_TEMP_MAX 0x8134 // 유저세팅 8개
  19          #define VP_USERSETTING_BOT_TEMP_MIN 0x8136 // 유저세팅 8개f
  20          #define VP_USERSETTING_PRES_MAX 0x8138 // 유저세팅 8개
  21          #define VP_USERSETTING_PRES_MIN 0x813A // 유저세팅 8개
  22          #define VP_USERSETTING_DELAY_MAX 0x813C // 유저세팅 8개
  23          #define VP_USERSETTING_DELAY_MIN 0x8140 // 유저세팅 8개
  24          #define VP_ENGINEERMODE_SENSER 0x8142 // 엔지니어모드 센서 보정
  25          #define VP_ENGINEERMODE_PRES 0x8144 // 엔지니어모드 최대 압력
  26          
  27          #define VP_IO_TEST     0x8300
  28          
  29          #define ACT_BIT(n)       (1u << (n))
  30          
  31          #define ACT_TOP           (1 << 0)   // Bit 0
  32          #define ACT_BOTTOM        (1 << 1)   // Bit 1
  33          #define ACT_TOP_FAN       (1 << 2)   // Bit 2
  34          #define ACT_BOTTOM_FAN    (1 << 3)   // Bit 3
  35          #define ACT_PUMP          (1 << 4)   // Bit 4
  36          #define ACT_SOLENOID      (1 << 5)   // Bit 5
  37          
  38          
  39          
  40          u16 act_flag = 0;
  41          
  42          u16 SP_ENG_FONTID = 0x000F;
  43          u16 SP_ENG_FONTSIZE = 0x1A19;
  44          u16 SP_KOR_FONTID = 0x0010;
  45          u16 SP_KOR_FONTSIZE = 0x1F1F;
  46          
  47          u16 admin_language = 0;
  48          
  49          u8 adminSP = 0;
  50          
  51          u8 LogErrorSP = 0;
  52          
  53          u8 EngineerSP = 0;
  54          u16 EngineerPw1 = 0,EngineerPw2 = 0,EngineerPw3 = 0,EngineerPw4 = 0,EngineerPw5 = 0,EngineerPw6 = 0;
C51 COMPILER V9.56.0.0   ADMIN                                                             09/30/2026 19:37:46 PAGE 2   

  55          
  56          static u16 pw = 123456;
  57          
  58          u16 topTempDefault = 160;
  59          u16 botTempDefault = 160;
  60          u16 pressuDefault = 15;
  61          u16 topCoolingDefault = 60;
  62          u16 botCoolingDefault = 60;
  63          u16 delayDefault = 90;
  64          
  65          u16 toptempmin = 1;
  66          u16 toptempmax = 200;
  67          u16 bottempmin = 1;
  68          u16 bottempmax = 200;
  69          u16 pressmin = 0;
  70          u16 pressmax = 20;
  71          u16 delaymin = 0;
  72          u16 delaymax = 3600;
  73          u16 sensor_result = 100;
  74          u16 press_result = 100;
  75          
  76          u16 temp_H = 0;
  77          u16 temp_M = 0;
  78          u16 temp_S = 0;
  79          
  80          u16 pump_H = 0;
  81          u16 pump_M = 0;
  82          u16 pump_S = 0;
  83          
  84          u16 fan_H = 0;
  85          u16 fan_M = 0;
  86          u16 fan_S = 0;
  87          
  88          u8 usersettingSP = 0;// 유저 리스트 선택 포인트 4개
  89          u8 usersettingSelect_plag = 0; //유저 리스트 선택 플래그
  90          u8 usersettingEditSP = 0; // 유저세팅 선택 포인트 min max
  91          
  92          u8 factoryReset_plag = 0;
  93          u8 factoryResetSP = 0;
  94          
  95          u8 LanguageSP = 0;
  96          
  97          u8 IOtestSP = 0;
  98          u8 IOtestSelect_plag = 0;
  99          
 100          u16 EngineermodS_flag = 0;
 101          u16 EngineermodS_Select_flag = 0;
 102          
 103          u16 userSet[] = {0,0,0,0,0,0,0,0};
 104          u16 IO[] = {0,0,0,0,0,0};
 105          
 106          //어드민 리스트
 107          void admin_List_text_change(){
 108   1          u16 len = 0;
 109   1           switch(adminSP){
 110   2              case 0:{
 111   3                  if(admin_language == 0){
 112   4                      write_dgus_vp(0x4020, (u8*)&EXIT_ENG, 4);
 113   4                      len = 8;
 114   4                      write_dgus_vp(0x5028, (u8*)&len, 1);
 115   4                      write_dgus_vp(0x5029, (u8*)&SP_ENG_FONTID, 1);
 116   4                      write_dgus_vp(0x502A, (u8*)&SP_ENG_FONTSIZE, 1);
C51 COMPILER V9.56.0.0   ADMIN                                                             09/30/2026 19:37:46 PAGE 3   

 117   4      
 118   4                      write_dgus_vp(0x4030, (u8*)&USER_SETTING_ENG, 8);
 119   4                      len = 16;
 120   4                      write_dgus_vp(0x5038, (u8*)&len, 1);
 121   4                      write_dgus_vp(0x5039, (u8*)&SP_ENG_FONTID, 1);
 122   4                      write_dgus_vp(0x503A, (u8*)&SP_ENG_FONTSIZE, 1);
 123   4      
 124   4                      write_dgus_vp(0x4040, (u8*)&IO_TEST_ENG, 12);
 125   4                      len = 14;
 126   4                      write_dgus_vp(0x5048, (u8*)&len, 1);
 127   4                      write_dgus_vp(0x5049, (u8*)&SP_ENG_FONTID, 1);
 128   4                      write_dgus_vp(0x504A, (u8*)&SP_ENG_FONTSIZE, 1);
 129   4                  }else if(admin_language == 1){
 130   4                      write_dgus_vp(0x4020, (u8*)&EXIT_KOR, 2);
 131   4                      len = 4;
 132   4                      write_dgus_vp(0x5028, (u8*)&len, 1);
 133   4                      write_dgus_vp(0x5029, (u8*)&SP_KOR_FONTID, 1);
 134   4                      write_dgus_vp(0x502A, (u8*)&SP_KOR_FONTSIZE, 1);
 135   4                      
 136   4                      write_dgus_vp(0x4030, (u8*)&USER_SETTING_KOR, 5);
 137   4                      len = 10;
 138   4                      write_dgus_vp(0x5038, (u8*)&len, 1);
 139   4                      write_dgus_vp(0x5039, (u8*)&SP_KOR_FONTID, 1);
 140   4                      write_dgus_vp(0x503A, (u8*)&SP_KOR_FONTSIZE, 1);
 141   4      
 142   4                      write_dgus_vp(0x4040, (u8*)&INPUT_OUTPUT_TEST_KOR, 7);
 143   4                      len = 14;
 144   4                      write_dgus_vp(0x5048, (u8*)&len, 1);
 145   4                      write_dgus_vp(0x5049, (u8*)&SP_KOR_FONTID, 1);
 146   4                      write_dgus_vp(0x504A, (u8*)&SP_KOR_FONTSIZE, 1);
 147   4                  }
 148   3              }break;
 149   2              case 1:{
 150   3                  if(admin_language == 0){
 151   4                      write_dgus_vp(0x4020, (u8*)&USER_SETTING_ENG, 8);
 152   4                      len = 16;
 153   4                      write_dgus_vp(0x5028, (u8*)&len, 1);
 154   4                      write_dgus_vp(0x5029, (u8*)&SP_ENG_FONTID, 1);
 155   4                      write_dgus_vp(0x502A, (u8*)&SP_ENG_FONTSIZE, 1);
 156   4      
 157   4                      write_dgus_vp(0x4030, (u8*)&IO_TEST_ENG, 7);
 158   4                      len = 14;
 159   4                      write_dgus_vp(0x5038, (u8*)&len, 1);
 160   4                      write_dgus_vp(0x5039, (u8*)&SP_ENG_FONTID, 1);
 161   4                      write_dgus_vp(0x503A, (u8*)&SP_ENG_FONTSIZE, 1);
 162   4      
 163   4                      write_dgus_vp(0x4040, (u8*)&DATA_INIT_ENG, 9);
 164   4                      len = 18;
 165   4                      write_dgus_vp(0x5048, (u8*)&len, 1);
 166   4                      write_dgus_vp(0x5049, (u8*)&SP_ENG_FONTID, 1);
 167   4                      write_dgus_vp(0x504A, (u8*)&SP_ENG_FONTSIZE, 1);
 168   4                  }else if(admin_language == 1){
 169   4                      write_dgus_vp(0x4020, (u8*)&USER_SETTING_KOR, 5);
 170   4                      len = 10;
 171   4                      write_dgus_vp(0x5028, (u8*)&len, 1);
 172   4                      write_dgus_vp(0x5029, (u8*)&SP_KOR_FONTID, 1);
 173   4                      write_dgus_vp(0x502A, (u8*)&SP_KOR_FONTSIZE, 1);
 174   4      
 175   4                      write_dgus_vp(0x4030, (u8*)&INPUT_OUTPUT_TEST_KOR, 7);
 176   4                      len = 14;
 177   4                      write_dgus_vp(0x5038, (u8*)&len, 1);
 178   4                      write_dgus_vp(0x5029, (u8*)&SP_KOR_FONTID, 1);
C51 COMPILER V9.56.0.0   ADMIN                                                             09/30/2026 19:37:46 PAGE 4   

 179   4                      write_dgus_vp(0x502A, (u8*)&SP_KOR_FONTSIZE, 1);
 180   4      
 181   4                      write_dgus_vp(0x4040, (u8*)&FACTORY_RESET_KOR, 6);
 182   4                      len = 12;
 183   4                      write_dgus_vp(0x5048, (u8*)&len, 1);
 184   4                      write_dgus_vp(0x5049, (u8*)&SP_KOR_FONTID, 1);
 185   4                      write_dgus_vp(0x504A, (u8*)&SP_KOR_FONTSIZE, 1);
 186   4                  }
 187   3              }break;
 188   2              case 2:{
 189   3                  if(admin_language == 0){
 190   4                     write_dgus_vp(0x4020, (u8*)&IO_TEST_ENG, 7);
 191   4                      len = 14;
 192   4                      write_dgus_vp(0x5028, (u8*)&len, 1);
 193   4                      write_dgus_vp(0x5029, (u8*)&SP_ENG_FONTID, 1);
 194   4                      write_dgus_vp(0x502A, (u8*)&SP_ENG_FONTSIZE, 1);
 195   4      
 196   4                      write_dgus_vp(0x4030, (u8*)&DATA_INIT_ENG, 9);
 197   4                      len = 18;
 198   4                      write_dgus_vp(0x5038, (u8*)&len, 1);
 199   4                      write_dgus_vp(0x5039, (u8*)&SP_ENG_FONTID, 1);
 200   4                      write_dgus_vp(0x503A, (u8*)&SP_ENG_FONTSIZE, 1);
 201   4      
 202   4                      write_dgus_vp(0x4040, (u8*)&LOG_ERROR_ENG, 11);
 203   4                      len = 22;
 204   4                      write_dgus_vp(0x5048, (u8*)&len, 1);
 205   4                      write_dgus_vp(0x5049, (u8*)&SP_ENG_FONTID, 1);
 206   4                      write_dgus_vp(0x504A, (u8*)&SP_ENG_FONTSIZE, 1);
 207   4                  }else if(admin_language == 1){
 208   4                      write_dgus_vp(0x4020, (u8*)&INPUT_OUTPUT_TEST_KOR, 7);
 209   4                      len = 14;
 210   4                      write_dgus_vp(0x5028, (u8*)&len, 1);
 211   4                      write_dgus_vp(0x5029, (u8*)&SP_KOR_FONTID, 1);
 212   4                      write_dgus_vp(0x502A, (u8*)&SP_KOR_FONTSIZE, 1);
 213   4      
 214   4                      write_dgus_vp(0x4030, (u8*)&FACTORY_RESET_KOR, 6);
 215   4                      len = 12;
 216   4                      write_dgus_vp(0x5038, (u8*)&len, 1);
 217   4                      write_dgus_vp(0x5039, (u8*)&SP_KOR_FONTID, 1);
 218   4                      write_dgus_vp(0x503A, (u8*)&SP_KOR_FONTSIZE, 1);
 219   4      
 220   4                      write_dgus_vp(0x4040, (u8*)&LOG_ERROR_KOR, 7);
 221   4                      len = 14;
 222   4                      write_dgus_vp(0x5048, (u8*)&len, 1);
 223   4                      write_dgus_vp(0x5049, (u8*)&SP_KOR_FONTID, 1);
 224   4                      write_dgus_vp(0x504A, (u8*)&SP_KOR_FONTSIZE, 1);
 225   4                  }
 226   3              }break;
 227   2              case 3:{
 228   3                  if(admin_language == 0){
 229   4                     write_dgus_vp(0x4020, (u8*)&DATA_INIT_ENG, 9);
 230   4                      len = 18;
 231   4                      write_dgus_vp(0x5028, (u8*)&len, 1);
 232   4                      write_dgus_vp(0x5029, (u8*)&SP_ENG_FONTID, 1);
 233   4                      write_dgus_vp(0x502A, (u8*)&SP_ENG_FONTSIZE, 1);
 234   4      
 235   4                      write_dgus_vp(0x4030, (u8*)&LOG_ERROR_ENG, 11);
 236   4                      len = 22;
 237   4                      write_dgus_vp(0x5038, (u8*)&len, 1);
 238   4                      write_dgus_vp(0x5039, (u8*)&SP_ENG_FONTID, 1);
 239   4                      write_dgus_vp(0x503A, (u8*)&SP_ENG_FONTSIZE, 1);
 240   4      
C51 COMPILER V9.56.0.0   ADMIN                                                             09/30/2026 19:37:46 PAGE 5   

 241   4                      write_dgus_vp(0x4040, (u8*)&RUN_TIME_ENG, 8);
 242   4                      len = 16;
 243   4                      write_dgus_vp(0x5048, (u8*)&len, 1);
 244   4                      write_dgus_vp(0x5049, (u8*)&SP_ENG_FONTID, 1);
 245   4                      write_dgus_vp(0x504A, (u8*)&SP_ENG_FONTSIZE, 1);
 246   4                  }else if(admin_language == 1){
 247   4                         write_dgus_vp(0x4020, (u8*)&FACTORY_RESET_KOR, 6);
 248   4                      len = 12;
 249   4                      write_dgus_vp(0x5028, (u8*)&len, 1);
 250   4                      write_dgus_vp(0x5029, (u8*)&SP_KOR_FONTID, 1);
 251   4                      write_dgus_vp(0x502A, (u8*)&SP_KOR_FONTSIZE, 1);
 252   4      
 253   4                      write_dgus_vp(0x4030, (u8*)&LOG_ERROR_KOR, 7);
 254   4                      len = 14;
 255   4                      write_dgus_vp(0x5038, (u8*)&len, 1);
 256   4                      write_dgus_vp(0x5039, (u8*)&SP_KOR_FONTID, 1);
 257   4                      write_dgus_vp(0x503A, (u8*)&SP_KOR_FONTSIZE, 1);
 258   4      
 259   4                      write_dgus_vp(0x4040, (u8*)&WORK_TIME_KOR, 5);
 260   4                      len = 10;
 261   4                      write_dgus_vp(0x5048, (u8*)&len, 1);
 262   4                      write_dgus_vp(0x5049, (u8*)&SP_KOR_FONTID, 1);
 263   4                      write_dgus_vp(0x504A, (u8*)&SP_KOR_FONTSIZE, 1);
 264   4                  }
 265   3              }break;
 266   2              case 4:{
 267   3                  if(admin_language == 0){
 268   4                     write_dgus_vp(0x4020, (u8*)&LOG_ERROR_ENG, 11);
 269   4                      len = 22;
 270   4                      write_dgus_vp(0x5028, (u8*)&len, 1);
 271   4                      write_dgus_vp(0x5029, (u8*)&SP_ENG_FONTID, 1);
 272   4                      write_dgus_vp(0x502A, (u8*)&SP_ENG_FONTSIZE, 1);
 273   4      
 274   4                      write_dgus_vp(0x4030, (u8*)&RUN_TIME_ENG, 8);
 275   4                      len = 16;
 276   4                      write_dgus_vp(0x5038, (u8*)&len, 1);
 277   4                      write_dgus_vp(0x5039, (u8*)&SP_ENG_FONTID, 1);
 278   4                      write_dgus_vp(0x503A, (u8*)&SP_ENG_FONTSIZE, 1);
 279   4      
 280   4                      write_dgus_vp(0x4040, (u8*)&LANGUAGE_ENG, 8);
 281   4                      len = 16;
 282   4                      write_dgus_vp(0x5048, (u8*)&len, 1);
 283   4                      write_dgus_vp(0x5049, (u8*)&SP_ENG_FONTID, 1);
 284   4                      write_dgus_vp(0x504A, (u8*)&SP_ENG_FONTSIZE, 1);
 285   4                  }else if(admin_language == 1){
 286   4                      write_dgus_vp(0x4020, (u8*)&LOG_ERROR_KOR, 7);
 287   4                      len = 14;
 288   4                      write_dgus_vp(0x5028, (u8*)&len, 1);
 289   4                      write_dgus_vp(0x5029, (u8*)&SP_KOR_FONTID, 1);
 290   4                      write_dgus_vp(0x502A, (u8*)&SP_KOR_FONTSIZE, 1);
 291   4      
 292   4                      write_dgus_vp(0x4030, (u8*)&WORK_TIME_KOR, 5);
 293   4                      len = 10;
 294   4                      write_dgus_vp(0x5038, (u8*)&len, 1);
 295   4                      write_dgus_vp(0x5039, (u8*)&SP_KOR_FONTID, 1);
 296   4                      write_dgus_vp(0x503A, (u8*)&SP_KOR_FONTSIZE, 1);
 297   4      
 298   4                      write_dgus_vp(0x4040, (u8*)&LANGUAGE_KOR, 2);
 299   4                      len = 4;
 300   4                      write_dgus_vp(0x5048, (u8*)&len, 1);
 301   4                      write_dgus_vp(0x5049, (u8*)&SP_KOR_FONTID, 1);
 302   4                      write_dgus_vp(0x504A, (u8*)&SP_KOR_FONTSIZE, 1);
C51 COMPILER V9.56.0.0   ADMIN                                                             09/30/2026 19:37:46 PAGE 6   

 303   4                  }
 304   3              }break;
 305   2              case 5:{
 306   3                if(admin_language == 0){
 307   4                     write_dgus_vp(0x4020, (u8*)&RUN_TIME_ENG, 8);
 308   4                      len = 16;
 309   4                      write_dgus_vp(0x5028, (u8*)&len, 1);
 310   4                      write_dgus_vp(0x5029, (u8*)&SP_ENG_FONTID, 1);
 311   4                      write_dgus_vp(0x502A, (u8*)&SP_ENG_FONTSIZE, 1);
 312   4      
 313   4                      write_dgus_vp(0x4030, (u8*)&LANGUAGE_ENG, 8);
 314   4                      len = 16;
 315   4                      write_dgus_vp(0x5038, (u8*)&len, 1);
 316   4                      write_dgus_vp(0x5039, (u8*)&SP_ENG_FONTID, 1);
 317   4                      write_dgus_vp(0x503A, (u8*)&SP_ENG_FONTSIZE, 1);
 318   4      
 319   4                      write_dgus_vp(0x4040, (u8*)&COMPANY_INFO_ENG, 9);
 320   4                      len = 18;
 321   4                      write_dgus_vp(0x5048, (u8*)&len, 1);
 322   4                      write_dgus_vp(0x5049, (u8*)&SP_ENG_FONTID, 1);
 323   4                      write_dgus_vp(0x504A, (u8*)&SP_ENG_FONTSIZE, 1);
 324   4                  }else if(admin_language == 1){
 325   4                       write_dgus_vp(0x4020, (u8*)&WORK_TIME_KOR, 5);
 326   4                      len = 10;
 327   4                      write_dgus_vp(0x5028, (u8*)&len, 1);
 328   4                      write_dgus_vp(0x5029, (u8*)&SP_KOR_FONTID, 1);
 329   4                      write_dgus_vp(0x502A, (u8*)&SP_KOR_FONTSIZE, 1);
 330   4      
 331   4                      write_dgus_vp(0x4030, (u8*)&LANGUAGE_KOR, 2);
 332   4                      len = 4;
 333   4                      write_dgus_vp(0x5038, (u8*)&len, 1);
 334   4                      write_dgus_vp(0x5039, (u8*)&SP_KOR_FONTID, 1);
 335   4                      write_dgus_vp(0x503A, (u8*)&SP_KOR_FONTSIZE, 1);
 336   4      
 337   4                      write_dgus_vp(0x4040, (u8*)&COMPANY_KOR, 4);
 338   4                      len = 8;
 339   4                      write_dgus_vp(0x5048, (u8*)&len, 1);
 340   4                      write_dgus_vp(0x5049, (u8*)&SP_KOR_FONTID, 1);
 341   4                      write_dgus_vp(0x504A, (u8*)&SP_KOR_FONTSIZE, 1);
 342   4                  }
 343   3              }break;
 344   2              case 6:{
 345   3                  if(admin_language == 0){
 346   4                     write_dgus_vp(0x4020, (u8*)&LANGUAGE_ENG, 8);
 347   4                      len = 16;
 348   4                      write_dgus_vp(0x5028, (u8*)&len, 1);
 349   4                      write_dgus_vp(0x5029, (u8*)&SP_ENG_FONTID, 1);
 350   4                      write_dgus_vp(0x502A, (u8*)&SP_ENG_FONTSIZE, 1);
 351   4      
 352   4                      write_dgus_vp(0x4030, (u8*)&COMPANY_INFO_ENG, 9);
 353   4                      len = 18;
 354   4                      write_dgus_vp(0x5038, (u8*)&len, 1);
 355   4                      write_dgus_vp(0x5039, (u8*)&SP_ENG_FONTID, 1);
 356   4                      write_dgus_vp(0x503A, (u8*)&SP_ENG_FONTSIZE, 1);
 357   4      
 358   4                      write_dgus_vp(0x4040, (u8*)&ENGINEER_MODE_ENG, 8);
 359   4                      len = 16;
 360   4                      write_dgus_vp(0x5048, (u8*)&len, 1);
 361   4                      write_dgus_vp(0x5049, (u8*)&SP_ENG_FONTID, 1);
 362   4                      write_dgus_vp(0x504A, (u8*)&SP_ENG_FONTSIZE, 1);
 363   4                  }else if(admin_language == 1){
 364   4                      write_dgus_vp(0x4020, (u8*)&LANGUAGE_KOR, 2);
C51 COMPILER V9.56.0.0   ADMIN                                                             09/30/2026 19:37:46 PAGE 7   

 365   4                      len = 4;
 366   4                      write_dgus_vp(0x5028, (u8*)&len, 1);
 367   4                      write_dgus_vp(0x5029, (u8*)&SP_KOR_FONTID, 1);
 368   4                      write_dgus_vp(0x502A, (u8*)&SP_KOR_FONTSIZE, 1);
 369   4      
 370   4                      write_dgus_vp(0x4030, (u8*)&COMPANY_KOR, 4);
 371   4                      len = 8;
 372   4                      write_dgus_vp(0x5038, (u8*)&len, 1);
 373   4                      write_dgus_vp(0x5039, (u8*)&SP_KOR_FONTID, 1);
 374   4                      write_dgus_vp(0x503A, (u8*)&SP_KOR_FONTSIZE, 1);
 375   4      
 376   4                      write_dgus_vp(0x4040, (u8*)&ENGINEER_MODE_KOR, 7);
 377   4                      len = 14;
 378   4                      write_dgus_vp(0x5048, (u8*)&len, 1);
 379   4                      write_dgus_vp(0x5049, (u8*)&SP_KOR_FONTID, 1);
 380   4                      write_dgus_vp(0x504A, (u8*)&SP_KOR_FONTSIZE, 1);
 381   4                  }
 382   3              }break;
 383   2              case 7:{
 384   3                  if(admin_language == 0){
 385   4                     write_dgus_vp(0x4020, (u8*)&COMPANY_INFO_ENG, 9);
 386   4                      len = 18;
 387   4                      write_dgus_vp(0x5028, (u8*)&len, 1);
 388   4                      write_dgus_vp(0x5029, (u8*)&SP_ENG_FONTID, 1);
 389   4                      write_dgus_vp(0x502A, (u8*)&SP_ENG_FONTSIZE, 1);
 390   4      
 391   4                      write_dgus_vp(0x4030, (u8*)&ENGINEER_MODE_ENG, 8);
 392   4                      len = 16;
 393   4                      write_dgus_vp(0x5038, (u8*)&len, 1);
 394   4                      write_dgus_vp(0x5039, (u8*)&SP_ENG_FONTID, 1);
 395   4                      write_dgus_vp(0x503A, (u8*)&SP_ENG_FONTSIZE, 1);
 396   4      
 397   4                      write_dgus_vp(0x4040, (u8*)&EXIT_ENG, 4);
 398   4                      len = 8;
 399   4                      write_dgus_vp(0x5048, (u8*)&len, 1);
 400   4                      write_dgus_vp(0x5049, (u8*)&SP_ENG_FONTID, 1);
 401   4                      write_dgus_vp(0x504A, (u8*)&SP_ENG_FONTSIZE, 1);
 402   4                  }else if(admin_language == 1){
 403   4                      write_dgus_vp(0x4020, (u8*)&COMPANY_KOR, 4);
 404   4                      len = 8;
 405   4                      write_dgus_vp(0x5028, (u8*)&len, 1);
 406   4                      write_dgus_vp(0x5029, (u8*)&SP_KOR_FONTID, 1);
 407   4                      write_dgus_vp(0x502A, (u8*)&SP_KOR_FONTSIZE, 1);
 408   4      
 409   4                      write_dgus_vp(0x4030, (u8*)&ENGINEER_MODE_KOR, 7);
 410   4                      len = 14;
 411   4                      write_dgus_vp(0x5038, (u8*)&len, 1);
 412   4                      write_dgus_vp(0x5039, (u8*)&SP_KOR_FONTID, 1);
 413   4                      write_dgus_vp(0x503A, (u8*)&SP_KOR_FONTSIZE, 1);
 414   4      
 415   4                      write_dgus_vp(0x4040, (u8*)&EXIT_KOR, 2);
 416   4                      len = 4;
 417   4                      write_dgus_vp(0x5048, (u8*)&len, 1);
 418   4                      write_dgus_vp(0x5049, (u8*)&SP_KOR_FONTID, 1);
 419   4                      write_dgus_vp(0x504A, (u8*)&SP_KOR_FONTSIZE, 1);
 420   4                  }
 421   3              }break;
 422   2      
 423   2               case 8:{
 424   3                  if(admin_language == 0){
 425   4                     write_dgus_vp(0x4020, (u8*)&ENGINEER_MODE_ENG, 8);
 426   4                      len = 16;
C51 COMPILER V9.56.0.0   ADMIN                                                             09/30/2026 19:37:46 PAGE 8   

 427   4                      write_dgus_vp(0x5028, (u8*)&len, 1);
 428   4                      write_dgus_vp(0x5029, (u8*)&SP_ENG_FONTID, 1);
 429   4                      write_dgus_vp(0x502A, (u8*)&SP_ENG_FONTSIZE, 1);
 430   4      
 431   4                      write_dgus_vp(0x4030, (u8*)&EXIT_ENG, 4);
 432   4                      len = 8;
 433   4                      write_dgus_vp(0x5038, (u8*)&len, 1);
 434   4                      write_dgus_vp(0x5039, (u8*)&SP_ENG_FONTID, 1);
 435   4                      write_dgus_vp(0x503A, (u8*)&SP_ENG_FONTSIZE, 1);
 436   4      
 437   4                      write_dgus_vp(0x4040, (u8*)&USER_SETTING_ENG, 8);
 438   4                      len = 16;
 439   4                      write_dgus_vp(0x5048, (u8*)&len, 1);
 440   4                      write_dgus_vp(0x5049, (u8*)&SP_ENG_FONTID, 1);
 441   4                      write_dgus_vp(0x504A, (u8*)&SP_ENG_FONTSIZE, 1);
 442   4                  }else if(admin_language == 1){
 443   4                      write_dgus_vp(0x4020, (u8*)&ENGINEER_MODE_KOR, 7);
 444   4                      len = 14;
 445   4                      write_dgus_vp(0x5028, (u8*)&len, 1);
 446   4                      write_dgus_vp(0x5029, (u8*)&SP_KOR_FONTID, 1);
 447   4                      write_dgus_vp(0x502A, (u8*)&SP_KOR_FONTSIZE, 1);
 448   4      
 449   4                      write_dgus_vp(0x4030, (u8*)&EXIT_KOR, 2);
 450   4                      len = 4;
 451   4                      write_dgus_vp(0x5038, (u8*)&len, 1);
 452   4                      write_dgus_vp(0x5039, (u8*)&SP_KOR_FONTID, 1);
 453   4                      write_dgus_vp(0x503A, (u8*)&SP_KOR_FONTSIZE, 1);
 454   4      
 455   4                      write_dgus_vp(0x4040, (u8*)&USER_SETTING_KOR, 5);
 456   4                      len = 10;
 457   4                      write_dgus_vp(0x5048, (u8*)&len, 1);
 458   4                      write_dgus_vp(0x5049, (u8*)&SP_KOR_FONTID, 1);
 459   4                      write_dgus_vp(0x504A, (u8*)&SP_KOR_FONTSIZE, 1);
 460   4                  }
 461   3              }break;
 462   2          }
 463   1      }
 464          
 465          void admin_List(u16 i){
 466   1          if (i == 1)
 467   1          {
 468   2              if(adminSP==0){
 469   3                  adminSP = 8;
 470   3              }else{
 471   3                  adminSP--;
 472   3              }
 473   2          }else if(i == 2){
 474   2              if(adminSP == 8){
 475   3                  adminSP = 0;
 476   3              }else{
 477   3                  adminSP++;
 478   3              }
 479   2          }
 480   1          admin_List_text_change(); 
 481   1      }
 482          //어드민 유저 세팅
 483          void admin_User_Setting_text_color(){
 484   1          if(usersettingSP == 0){
 485   2              SetTextColorYellow(0x5063);
 486   2              SetTextColorWhite(0x5093);
 487   2              SetTextColorWhite(0x5123);
 488   2              SetTextColorWhite(0x5153);
C51 COMPILER V9.56.0.0   ADMIN                                                             09/30/2026 19:37:46 PAGE 9   

 489   2              if(usersettingSelect_plag == 1){
 490   3                  if(usersettingEditSP == 0){
 491   4                      SetTextColorYellow(0x5073);
 492   4                      SetTextColorWhite(0x5083);
 493   4                  }else if(usersettingEditSP == 1){
 494   4                      SetTextColorWhite(0x5073);
 495   4                      SetTextColorYellow(0x5083);
 496   4                  }
 497   3              }else{
 498   3                  
 499   3                  SetTextColorWhite(0x5073);
 500   3                  SetTextColorWhite(0x5083);
 501   3              }
 502   2          }else if(usersettingSP == 1){
 503   2              SetTextColorWhite(0x5063);
 504   2              SetTextColorYellow(0x5093);
 505   2              SetTextColorWhite(0x5123);
 506   2              SetTextColorWhite(0x5153);
 507   2              if(usersettingSelect_plag == 1){
 508   3                  if(usersettingEditSP == 0){
 509   4                      SetTextColorYellow(0x5103);
 510   4                      SetTextColorWhite(0x5113);
 511   4                  }else if(usersettingEditSP == 1){
 512   4                      SetTextColorWhite(0x5103);
 513   4                      SetTextColorYellow(0x5113);
 514   4                  }
 515   3              }else{
 516   3                  
 517   3                  SetTextColorWhite(0x5103);
 518   3                  SetTextColorWhite(0x5113);
 519   3              }
 520   2          }else if(usersettingSP == 2){
 521   2              SetTextColorWhite(0x5063);
 522   2              SetTextColorWhite(0x5093);
 523   2              SetTextColorYellow(0x5123);
 524   2              SetTextColorWhite(0x5153);
 525   2              if(usersettingSelect_plag == 1){
 526   3                  if(usersettingEditSP == 0){
 527   4                      SetTextColorYellow(0x5133);
 528   4                      SetTextColorWhite(0x5143);
 529   4                  }else if(usersettingEditSP == 1){
 530   4                      SetTextColorWhite(0x5133);
 531   4                      SetTextColorYellow(0x5143);
 532   4                  }
 533   3              }else{
 534   3                  
 535   3                  SetTextColorWhite(0x5133);
 536   3                  SetTextColorWhite(0x5143);
 537   3              }
 538   2          }else if(usersettingSP == 3){
 539   2              SetTextColorWhite(0x5063);
 540   2              SetTextColorWhite(0x5093);
 541   2              SetTextColorWhite(0x5123);
 542   2              SetTextColorYellow(0x5153);
 543   2              if(usersettingSelect_plag == 1){
 544   3                  if(usersettingEditSP == 0){
 545   4                      SetTextColorYellow(0x5163);
 546   4                      SetTextColorWhite(0x5173);
 547   4                  }else if(usersettingEditSP == 1){
 548   4                      SetTextColorWhite(0x5163);
 549   4                      SetTextColorYellow(0x5173);
 550   4                  }
C51 COMPILER V9.56.0.0   ADMIN                                                             09/30/2026 19:37:46 PAGE 10  

 551   3              }else{
 552   3                  
 553   3                  SetTextColorWhite(0x5163);
 554   3                  SetTextColorWhite(0x5173);
 555   3              }
 556   2          }
 557   1      }
 558          
 559          void admin_User_Setting_Function(u16 i){
 560   1          u16 result;
 561   1          if(i == 0){
 562   2              usersettingSP = 0;
 563   2              usersettingSelect_plag = 0;
 564   2          }else if(i == 1){
 565   2              if(usersettingSelect_plag == 0){
 566   3                  if(usersettingSP == 0){
 567   4                      usersettingSP = 3;
 568   4                  }else{
 569   4                      usersettingSP--;
 570   4                  }
 571   3              }else{
 572   3                  if(usersettingEditSP==0){ 
 573   4                      if(usersettingSP == 0){
 574   5                          read_dgus_vp(VP_SET_TT, (u8*)&result,1);
 575   5                          if(toptempmin>1 && toptempmax > toptempmin && result>toptempmin){
 576   6                              toptempmin--;
 577   6                          }
 578   5                          write_dgus_vp(0x4070, (u8*)&toptempmin, 1);
 579   5                      }else if(usersettingSP == 1){
 580   5                          read_dgus_vp(VP_SET_TB, (u8*)&result,1);
 581   5                          if(bottempmin>1 && bottempmax > bottempmin && VP_SET_TB>bottempmin){
 582   6                              bottempmin--;
 583   6                          }
 584   5                          write_dgus_vp(0x4100, (u8*)&bottempmin, 1);
 585   5                      }else if(usersettingSP == 2){
 586   5                          read_dgus_vp(VP_SET_P, (u8*)&result,1);
 587   5                          if(pressmin>0 && pressmax > pressmin &&VP_SET_P>pressmin){
 588   6                              pressmin--;
 589   6                          }
 590   5                          write_dgus_vp(0x4130, (u8*)&pressmin, 1);
 591   5                      }else if(usersettingSP == 3){
 592   5                          read_dgus_vp(VP_SET_H, (u8*)&result,1);
 593   5                          if(delaymin>1 && delaymax > delaymin&&result>delaymin){
 594   6                              delaymin--;
 595   6                          }
 596   5                          write_dgus_vp(0x4160, (u8*)&delaymin, 1);
 597   5                      }
 598   4                  }else if(usersettingEditSP == 1){
 599   4                      if(usersettingSP == 0){
 600   5                          read_dgus_vp(VP_SET_TT, (u8*)&result,1);
 601   5                          if(toptempmax > toptempmin&& result<toptempmax){
 602   6                              toptempmax--;
 603   6                          }
 604   5                          write_dgus_vp(0x4080, (u8*)&toptempmax, 1);
 605   5                      }else if(usersettingSP == 1){
 606   5                          read_dgus_vp(VP_SET_TB, (u8*)&result,1);
 607   5                          if(bottempmax > bottempmin && result<bottempmax){
 608   6                              bottempmax--;
 609   6                          }
 610   5                          write_dgus_vp(0x4110, (u8*)&bottempmax, 1);
 611   5                      }else if(usersettingSP == 2){
 612   5                          read_dgus_vp(VP_SET_P, (u8*)&result,1);
C51 COMPILER V9.56.0.0   ADMIN                                                             09/30/2026 19:37:46 PAGE 11  

 613   5                          if(pressmax > pressmin && result < pressmax){
 614   6                              pressmax--;
 615   6                          }
 616   5                          write_dgus_vp(0x4140, (u8*)&pressmax, 1);
 617   5                      }else if(usersettingSP == 3){
 618   5                          read_dgus_vp(VP_SET_H, (u8*)&result,1);
 619   5                          if(delaymax > delaymin && result<delaymax){
 620   6                              delaymax--;
 621   6                          }
 622   5                          write_dgus_vp(0x4170, (u8*)&delaymax, 1);
 623   5                      }
 624   4                  }
 625   3              }
 626   2              admin_User_Setting_text_color();
 627   2          }else if(i == 2){
 628   2              if(usersettingSelect_plag == 0){
 629   3                  if(usersettingSP == 3){
 630   4                      usersettingSP = 0;
 631   4                  }else{
 632   4                      usersettingSP++;
 633   4                  }
 634   3              }else {
 635   3                  if(usersettingEditSP==0){
 636   4                      if(usersettingSP == 0){
 637   5                          read_dgus_vp(VP_SET_TT, (u8*)&result,1);
 638   5                          if(toptempmax > toptempmin && result>toptempmin){
 639   6                              toptempmin++;
 640   6                          }
 641   5                          write_dgus_vp(0x4070, (u8*)&toptempmin, 1);
 642   5                      }else if(usersettingSP == 1){
 643   5                          read_dgus_vp(VP_SET_TB, (u8*)&result,1);
 644   5                          if(bottempmax > bottempmin && result>bottempmin){
 645   6                              bottempmin++;
 646   6                          }
 647   5                          write_dgus_vp(0x4100, (u8*)&bottempmin, 1);
 648   5                      }else if(usersettingSP == 2){
 649   5                          read_dgus_vp(VP_SET_P, (u8*)&result,1);
 650   5                          if(pressmax > pressmin && result>pressmin){
 651   6                              pressmin++;
 652   6                          }
 653   5                          write_dgus_vp(0x4130, (u8*)&pressmin, 1);
 654   5                      }else if(usersettingSP == 3){
 655   5                          read_dgus_vp(VP_SET_H, (u8*)&result,1);
 656   5                          if(delaymax > delaymin && result>delaymin){
 657   6                              delaymin++;
 658   6                          }
 659   5                          write_dgus_vp(0x4160, (u8*)&delaymin, 1);
 660   5                      }
 661   4                  }else if(usersettingEditSP == 1){
 662   4                      if(usersettingSP == 0){
 663   5                          read_dgus_vp(VP_SET_TT, (u8*)&result,1);
 664   5                          if(toptempmax < 220 && toptempmax > toptempmin && result<toptempmax){
 665   6                              toptempmax++;
 666   6                          }
 667   5                          write_dgus_vp(0x4080, (u8*)&toptempmax, 1);
 668   5                      }else if(usersettingSP == 1){
 669   5                          read_dgus_vp(VP_SET_TB, (u8*)&result,1);
 670   5                          if(bottempmax < 220 && bottempmax > bottempmin && result<bottempmax){
 671   6                              bottempmax++;
 672   6                          }
 673   5                          write_dgus_vp(0x4110, (u8*)&bottempmax, 1);
 674   5                      }else if(usersettingSP == 2){
C51 COMPILER V9.56.0.0   ADMIN                                                             09/30/2026 19:37:46 PAGE 12  

 675   5                          read_dgus_vp(VP_SET_P, (u8*)&result,1);
 676   5                          if(pressmax < 20 && pressmax > pressmin&& result<pressmax){
 677   6                              pressmax++;
 678   6                          }
 679   5                          write_dgus_vp(0x4140, (u8*)&pressmax, 1);
 680   5                      }else if(usersettingSP == 3){
 681   5                          read_dgus_vp(VP_SET_H, (u8*)&result,1);
 682   5                          if(delaymax < 180 &&delaymax > delaymin && result<delaymax){
 683   6                              delaymax++;
 684   6                          }
 685   5                          write_dgus_vp(0x4170, (u8*)&delaymax, 1);
 686   5                      }
 687   4                  }
 688   3              }
 689   2              admin_User_Setting_text_color();
 690   2          }else if(i == 3){
 691   2              if(usersettingSelect_plag == 0){
 692   3                  usersettingSelect_plag = 1;
 693   3              }else {
 694   3                  if(usersettingEditSP == 0){
 695   4                      usersettingEditSP = 1;
 696   4                  }else if(usersettingEditSP == 1){
 697   4                      usersettingSelect_plag = 0;
 698   4                      usersettingEditSP = 0;
 699   4                  }
 700   3              }
 701   2              admin_User_Setting_text_color();
 702   2          }           
 703   1      }
 704          
 705          void adminUserSettingEdit(){
 706   1          switch(usersettingSP){
 707   2              case 0:{
 708   3                  if(usersettingSelect_plag == 0){
 709   4                      SetTextColorWhite(0x5103);
 710   4                      SetTextColorWhite(0x5113);
 711   4                  }else{
 712   4                      if(usersettingEditSP == 0){
 713   5                          SetTextColorYellow(0x5103);
 714   5                          SetTextColorWhite(0x5113);
 715   5                      }else if(usersettingEditSP == 1){
 716   5                          SetTextColorWhite(0x5103);
 717   5                          SetTextColorYellow(0x5113);
 718   5                      }
 719   4                  }
 720   3              }break;
 721   2              case 1:{
 722   3                  if(usersettingSelect_plag == 0){
 723   4                      SetTextColorWhite(0x5133);
 724   4                      SetTextColorWhite(0x5143);
 725   4                  }else{
 726   4                      if(usersettingEditSP == 0){
 727   5                          SetTextColorYellow(0x5133);
 728   5                          SetTextColorWhite(0x5143);
 729   5                      }else if(usersettingEditSP == 1){
 730   5                          SetTextColorWhite(0x5133);
 731   5                          SetTextColorYellow(0x5143);
 732   5                      }
 733   4                  }
 734   3              }break;
 735   2              case 2:{
 736   3                  if(usersettingSelect_plag == 0){
C51 COMPILER V9.56.0.0   ADMIN                                                             09/30/2026 19:37:46 PAGE 13  

 737   4                      SetTextColorWhite(0x5163);
 738   4                      SetTextColorWhite(0x5173);
 739   4                  }else{
 740   4                      if(usersettingEditSP == 0){
 741   5                          SetTextColorYellow(0x5163);
 742   5                          SetTextColorWhite(0x5173);
 743   5                      }else if(usersettingEditSP == 1){
 744   5                          SetTextColorWhite(0x5163);
 745   5                          SetTextColorYellow(0x5173);
 746   5                      }
 747   4                  }
 748   3              }break;
 749   2              case 3:{
 750   3                  if(usersettingSelect_plag == 0){
 751   4                      SetTextColorWhite(0x5193);
 752   4                      SetTextColorWhite(0x5203);
 753   4                  }else{
 754   4                      if(usersettingEditSP == 0){
 755   5                          SetTextColorYellow(0x5193);
 756   5                          SetTextColorWhite(0x5203);
 757   5                      }else if(usersettingEditSP == 1){
 758   5                          SetTextColorWhite(0x5193);
 759   5                          SetTextColorYellow(0x5203);
 760   5                      }
 761   4                  }
 762   3              }break;
 763   2          }
 764   1      }
 765          
 766          void adminUserSettingText(u16 state){
 767   1          switch(state){
 768   2              case 1:{
 769   3                  if(usersettingSP==0){
 770   4                      usersettingSP = 3;
 771   4                  }else{
 772   4                      usersettingSP--;
 773   4                  }
 774   3              }break;
 775   2              case 2:{
 776   3                  if(usersettingSP==3){
 777   4                      usersettingSP = 0;
 778   4                  }else{
 779   4                      usersettingSP++;
 780   4                  }
 781   3              }break;
 782   2          }
 783   1          switch(usersettingSP){
 784   2              case 0:{
 785   3                  SetTextColorYellow(0x5093);
 786   3                  SetTextColorWhite(0x5123);
 787   3                  SetTextColorWhite(0x5153);
 788   3                  SetTextColorWhite(0x5183);
 789   3              }break;
 790   2              case 1:{
 791   3                  SetTextColorWhite(0x5093);
 792   3                  SetTextColorYellow(0x5123);
 793   3                  SetTextColorWhite(0x5153);
 794   3                  SetTextColorWhite(0x5183);
 795   3              }break;
 796   2              case 2:{
 797   3                  SetTextColorWhite(0x5093);
 798   3                  SetTextColorWhite(0x5123);
C51 COMPILER V9.56.0.0   ADMIN                                                             09/30/2026 19:37:46 PAGE 14  

 799   3                  SetTextColorYellow(0x5153);
 800   3                  SetTextColorWhite(0x5183);
 801   3              }break;
 802   2              case 3:{
 803   3                  SetTextColorWhite(0x5093);
 804   3                  SetTextColorWhite(0x5123);
 805   3                  SetTextColorWhite(0x5153);
 806   3                  SetTextColorYellow(0x5183);
 807   3              }break;
 808   2          }
 809   1      }
 810          
 811          //어드민 io테스트
 812          void adminIoTestText(u16 state){
 813   1          if(IOtestSelect_plag ==0){
 814   2              switch(state){
 815   3              case 1:{
 816   4                  if(IOtestSP ==0){
 817   5                      IOtestSP = 5;
 818   5                  }else{
 819   5                      IOtestSP--;
 820   5                  }
 821   4              }break;
 822   3              case 2:{
 823   4                  if(IOtestSP==5){
 824   5                      IOtestSP = 0;
 825   5                  }else{
 826   5                      IOtestSP++;
 827   5                  }
 828   4              }break;
 829   3          }
 830   2          }
 831   1          
 832   1      
 833   1           switch(IOtestSP){
 834   2              case 0:{
 835   3                  SetTextColorYellow(0x5193);
 836   3                  SetTextColorWhite(0x5213);
 837   3                  SetTextColorWhite(0x5233);
 838   3                  SetTextColorWhite(0x5253);
 839   3                  SetTextColorWhite(0x5273);
 840   3                  SetTextColorWhite(0x5293);
 841   3              }break;
 842   2              case 1:{
 843   3                  SetTextColorWhite(0x5193);
 844   3                  SetTextColorYellow(0x5213);
 845   3                  SetTextColorWhite(0x5233);
 846   3                  SetTextColorWhite(0x5253);
 847   3                  SetTextColorWhite(0x5273);
 848   3                  SetTextColorWhite(0x5293);
 849   3              }break;
 850   2              case 2:{
 851   3                  SetTextColorWhite(0x5193);
 852   3                  SetTextColorWhite(0x5213);
 853   3                  SetTextColorYellow(0x5233);
 854   3                  SetTextColorWhite(0x5253);
 855   3                  SetTextColorWhite(0x5273);
 856   3                  SetTextColorWhite(0x5293);
 857   3              }break;
 858   2              case 3:{
 859   3                  SetTextColorWhite(0x5193);
 860   3                  SetTextColorWhite(0x5213);
C51 COMPILER V9.56.0.0   ADMIN                                                             09/30/2026 19:37:46 PAGE 15  

 861   3                  SetTextColorWhite(0x5233);
 862   3                  SetTextColorYellow(0x5253);
 863   3                  SetTextColorWhite(0x5273);
 864   3                  SetTextColorWhite(0x5293);
 865   3              }break;
 866   2              case 4:{
 867   3                  SetTextColorWhite(0x5193);
 868   3                  SetTextColorWhite(0x5213);
 869   3                  SetTextColorWhite(0x5233);
 870   3                  SetTextColorWhite(0x5253);
 871   3                  SetTextColorYellow(0x5273);
 872   3                  SetTextColorWhite(0x5293);
 873   3              }break;
 874   2              case 5:{
 875   3                  SetTextColorWhite(0x5193);
 876   3                  SetTextColorWhite(0x5213);
 877   3                  SetTextColorWhite(0x5233);
 878   3                  SetTextColorWhite(0x5253);
 879   3                  SetTextColorWhite(0x5273);
 880   3                  SetTextColorYellow(0x5293);
 881   3              }break;
 882   2          }
 883   1      }
 884          
 885          void adminIoTestWork(void){
 886   1          u16 default_result = 10;
 887   1          u16 len = 0;
 888   1          u16 on = 1;
 889   1          u16 off = 0;
 890   1          if(IOtestSelect_plag == 0){
 891   2              IOtestSelect_plag = 1;
 892   2              switch (IOtestSP){
 893   3              case 0:{
 894   4                  write_dgus_vp(0x4200, (u8*)&ON_TEXT, 2);
 895   4                  len = 4;
 896   4                  write_dgus_vp(0x5208, (u8*)&len, 1);
 897   4      
 898   4                  write_dgus_vp(0x4220, (u8*)&OFF_TEXT, 3);
 899   4                  len = 6;
 900   4                  write_dgus_vp(0x5228, (u8*)&len, 1);
 901   4      
 902   4                  write_dgus_vp(0x4240, (u8*)&OFF_TEXT, 3);
 903   4                  len = 6;
 904   4                  write_dgus_vp(0x5248, (u8*)&len, 1);
 905   4      
 906   4                  write_dgus_vp(0x4260, (u8*)&OFF_TEXT, 3);
 907   4                  len = 6;
 908   4                  write_dgus_vp(0x5268, (u8*)&len, 1);
 909   4      
 910   4                  write_dgus_vp(0x4280, (u8*)&OFF_TEXT, 3);
 911   4                  len = 6;
 912   4                  write_dgus_vp(0x5288, (u8*)&len, 1);
 913   4      
 914   4                  write_dgus_vp(0x4300, (u8*)&OFF_TEXT, 3);
 915   4                  len = 6;
 916   4                  write_dgus_vp(0x5308, (u8*)&len, 1);
 917   4                  act_flag = ACT_TOP;
 918   4                  write_dgus_vp(VP_IO_TEST, (u8*)&act_flag, 1);
 919   4                  // write_dgus_vp(VP_IO_1, (u8*)&on, 1);
 920   4                  // write_dgus_vp(VP_IO_2, (u8*)&off, 1);
 921   4                  // write_dgus_vp(VP_IO_3, (u8*)&off, 1);
 922   4                  // write_dgus_vp(VP_IO_4, (u8*)&off, 1);
C51 COMPILER V9.56.0.0   ADMIN                                                             09/30/2026 19:37:46 PAGE 16  

 923   4                  // write_dgus_vp(VP_IO_5, (u8*)&off, 1);
 924   4                  // write_dgus_vp(VP_IO_6, (u8*)&off, 1);
 925   4              }break;
 926   3      
 927   3              case 1:{
 928   4                  write_dgus_vp(0x4200, (u8*)&OFF_TEXT, 3);
 929   4                  len = 6;
 930   4                  write_dgus_vp(0x5208, (u8*)&len, 1);
 931   4      
 932   4                  write_dgus_vp(0x4220, (u8*)&ON_TEXT, 2);
 933   4                  len = 4;
 934   4                  write_dgus_vp(0x5228, (u8*)&len, 1);
 935   4      
 936   4                  write_dgus_vp(0x4240, (u8*)&OFF_TEXT, 3);
 937   4                  len = 6;
 938   4                  write_dgus_vp(0x5248, (u8*)&len, 1);
 939   4      
 940   4                  write_dgus_vp(0x4260, (u8*)&OFF_TEXT, 3);
 941   4                  len = 6;
 942   4                  write_dgus_vp(0x5268, (u8*)&len, 1);
 943   4      
 944   4                  write_dgus_vp(0x4280, (u8*)&OFF_TEXT, 3);
 945   4                  len = 6;
 946   4                  write_dgus_vp(0x5288, (u8*)&len, 1);
 947   4      
 948   4                  write_dgus_vp(0x4300, (u8*)&OFF_TEXT, 3);
 949   4                  len = 6;
 950   4                  write_dgus_vp(0x5308, (u8*)&len, 1);
 951   4                  act_flag = ACT_BOTTOM;
 952   4                  write_dgus_vp(VP_IO_TEST, (u8*)&act_flag, 1);
 953   4              }break;
 954   3      
 955   3              case 2:{
 956   4                  write_dgus_vp(0x4200, (u8*)&OFF_TEXT, 3);
 957   4                  len = 6;
 958   4                  write_dgus_vp(0x5208, (u8*)&len, 1);
 959   4      
 960   4                  write_dgus_vp(0x4220, (u8*)&OFF_TEXT, 3);
 961   4                  len = 6;
 962   4                  write_dgus_vp(0x5228, (u8*)&len, 1);
 963   4      
 964   4                  write_dgus_vp(0x4240, (u8*)&ON_TEXT, 2);
 965   4                  len = 4;
 966   4                  write_dgus_vp(0x5248, (u8*)&len, 1);
 967   4      
 968   4                  write_dgus_vp(0x4260, (u8*)&OFF_TEXT, 3);
 969   4                  len = 6;
 970   4                  write_dgus_vp(0x5268, (u8*)&len, 1);
 971   4      
 972   4                  write_dgus_vp(0x4280, (u8*)&OFF_TEXT, 3);
 973   4                  len = 6;
 974   4                  write_dgus_vp(0x5288, (u8*)&len, 1);
 975   4      
 976   4                  write_dgus_vp(0x4300, (u8*)&OFF_TEXT, 3);
 977   4                  len = 6;
 978   4                  write_dgus_vp(0x5308, (u8*)&len, 1);
 979   4                  act_flag = ACT_TOP_FAN;
 980   4                  write_dgus_vp(VP_IO_TEST, (u8*)&act_flag, 1);
 981   4              }break;
 982   3      
 983   3              case 3:{
 984   4                  write_dgus_vp(0x4200, (u8*)&OFF_TEXT, 3);
C51 COMPILER V9.56.0.0   ADMIN                                                             09/30/2026 19:37:46 PAGE 17  

 985   4                  len = 6;
 986   4                  write_dgus_vp(0x5208, (u8*)&len, 1);
 987   4      
 988   4                  write_dgus_vp(0x4220, (u8*)&OFF_TEXT, 3);
 989   4                  len = 6;
 990   4                  write_dgus_vp(0x5228, (u8*)&len, 1);
 991   4      
 992   4                  write_dgus_vp(0x4240, (u8*)&OFF_TEXT, 3);
 993   4                  len = 6;
 994   4                  write_dgus_vp(0x5248, (u8*)&len, 1);
 995   4      
 996   4                  write_dgus_vp(0x4260, (u8*)&ON_TEXT, 2);
 997   4                  len = 4;
 998   4                  write_dgus_vp(0x5268, (u8*)&len, 1);
 999   4      
1000   4                  write_dgus_vp(0x4280, (u8*)&OFF_TEXT, 3);
1001   4                  len = 6;
1002   4                  write_dgus_vp(0x5288, (u8*)&len, 1);
1003   4      
1004   4                  write_dgus_vp(0x4300, (u8*)&OFF_TEXT, 3);
1005   4                  len = 6;
1006   4                  write_dgus_vp(0x5308, (u8*)&len, 1);
1007   4                  act_flag = ACT_BOTTOM_FAN;
1008   4                  write_dgus_vp(VP_IO_TEST, (u8*)&act_flag, 1);
1009   4              }break;
1010   3      
1011   3              case 4:{
1012   4                  write_dgus_vp(0x4200, (u8*)&OFF_TEXT, 3);
1013   4                  len = 6;
1014   4                  write_dgus_vp(0x5208, (u8*)&len, 1);
1015   4      
1016   4                  write_dgus_vp(0x4220, (u8*)&OFF_TEXT, 3);
1017   4                  len = 6;
1018   4                  write_dgus_vp(0x5228, (u8*)&len, 1);
1019   4      
1020   4                  write_dgus_vp(0x4240, (u8*)&OFF_TEXT, 3);
1021   4                  len = 6;
1022   4                  write_dgus_vp(0x5248, (u8*)&len, 1);
1023   4      
1024   4                  write_dgus_vp(0x4260, (u8*)&OFF_TEXT, 3);
1025   4                  len = 6;
1026   4                  write_dgus_vp(0x5268, (u8*)&len, 1);
1027   4      
1028   4                  write_dgus_vp(0x4280, (u8*)&ON_TEXT, 2);
1029   4                  len = 4;
1030   4                  write_dgus_vp(0x5288, (u8*)&len, 1);
1031   4      
1032   4                  write_dgus_vp(0x4300, (u8*)&OFF_TEXT, 3);
1033   4                  len = 6;
1034   4                  write_dgus_vp(0x5308, (u8*)&len, 1);
1035   4                  act_flag = ACT_PUMP;
1036   4                  write_dgus_vp(VP_IO_TEST, (u8*)&act_flag, 1);
1037   4              }break;
1038   3      
1039   3              case 5:{
1040   4                  write_dgus_vp(0x4200, (u8*)&OFF_TEXT, 3);
1041   4                  len = 6;
1042   4                  write_dgus_vp(0x5208, (u8*)&len, 1);
1043   4      
1044   4                  write_dgus_vp(0x4220, (u8*)&OFF_TEXT, 3);
1045   4                  len = 6;
1046   4                  write_dgus_vp(0x5228, (u8*)&len, 1);
C51 COMPILER V9.56.0.0   ADMIN                                                             09/30/2026 19:37:46 PAGE 18  

1047   4      
1048   4                  write_dgus_vp(0x4240, (u8*)&OFF_TEXT, 3);
1049   4                  len = 6;
1050   4                  write_dgus_vp(0x5248, (u8*)&len, 1);
1051   4      
1052   4                  write_dgus_vp(0x4260, (u8*)&OFF_TEXT, 3);
1053   4                  len = 6;
1054   4                  write_dgus_vp(0x5268, (u8*)&len, 1);
1055   4      
1056   4                  write_dgus_vp(0x4280, (u8*)&OFF_TEXT, 3);
1057   4                  len = 6;
1058   4                  write_dgus_vp(0x5288, (u8*)&len, 1);
1059   4      
1060   4                  write_dgus_vp(0x4300, (u8*)&ON_TEXT, 2);
1061   4                  len = 4;
1062   4                  act_flag = ACT_SOLENOID;
1063   4                  write_dgus_vp(VP_IO_TEST, (u8*)&act_flag, 1);
1064   4              }break;
1065   3              
1066   3              default:{
1067   4                  IOtestSelect_plag = 0;
1068   4              write_dgus_vp(0x4200, (u8*)&OFF_TEXT, 3);
1069   4                  len = 6;
1070   4                  write_dgus_vp(0x5208, (u8*)&len, 1);
1071   4      
1072   4                  write_dgus_vp(0x4220, (u8*)&OFF_TEXT, 3);
1073   4                  len = 6;
1074   4                  write_dgus_vp(0x5228, (u8*)&len, 1);
1075   4      
1076   4                  write_dgus_vp(0x4240, (u8*)&OFF_TEXT, 3);
1077   4                  len = 6;
1078   4                  write_dgus_vp(0x5248, (u8*)&len, 1);
1079   4      
1080   4                  write_dgus_vp(0x4260, (u8*)&OFF_TEXT, 3);
1081   4                  len = 6;
1082   4                  write_dgus_vp(0x5268, (u8*)&len, 1);
1083   4      
1084   4                  write_dgus_vp(0x4280, (u8*)&OFF_TEXT, 3);
1085   4                  len = 6;
1086   4                  write_dgus_vp(0x5288, (u8*)&len, 1);
1087   4      
1088   4                  write_dgus_vp(0x4300, (u8*)&OFF_TEXT, 3);
1089   4                  len = 6;
1090   4                  write_dgus_vp(0x5308, (u8*)&len, 1);
1091   4                  act_flag = 0;
1092   4                  write_dgus_vp(VP_IO_TEST, (u8*)&act_flag, 1);
1093   4              }
1094   3                  break;
1095   3              }
1096   2          }else{
1097   2              IOtestSelect_plag = 0;
1098   2              write_dgus_vp(0x4200, (u8*)&OFF_TEXT, 3);
1099   2                  len = 6;
1100   2                  write_dgus_vp(0x5208, (u8*)&len, 1);
1101   2      
1102   2                  write_dgus_vp(0x4220, (u8*)&OFF_TEXT, 3);
1103   2                  len = 6;
1104   2                  write_dgus_vp(0x5228, (u8*)&len, 1);
1105   2      
1106   2                  write_dgus_vp(0x4240, (u8*)&OFF_TEXT, 3);
1107   2                  len = 6;
1108   2                  write_dgus_vp(0x5248, (u8*)&len, 1);
C51 COMPILER V9.56.0.0   ADMIN                                                             09/30/2026 19:37:46 PAGE 19  

1109   2      
1110   2                  write_dgus_vp(0x4260, (u8*)&OFF_TEXT, 3);
1111   2                  len = 6;
1112   2                  write_dgus_vp(0x5268, (u8*)&len, 1);
1113   2      
1114   2                  write_dgus_vp(0x4280, (u8*)&OFF_TEXT, 3);
1115   2                  len = 6;
1116   2                  write_dgus_vp(0x5288, (u8*)&len, 1);
1117   2      
1118   2                  write_dgus_vp(0x4300, (u8*)&OFF_TEXT, 3);
1119   2                  len = 6;
1120   2                  write_dgus_vp(0x5308, (u8*)&len, 1);
1121   2                  act_flag = 0;
1122   2                  write_dgus_vp(VP_IO_TEST, (u8*)&act_flag, 1);
1123   2          }
1124   1      }
1125          
1126          //어드민 초기화
1127          void adminfactoryResetText(u16 state){
1128   1          if(state == 1||state == 2){
1129   2              if(factoryResetSP == 0){
1130   3                  factoryResetSP = 1;
1131   3              }else{
1132   3                  factoryResetSP = 0;
1133   3              }
1134   2              if(factoryResetSP == 0){
1135   3                  SetTextColorYellow(0x5343);
1136   3                  SetTextColorWhite(0x5353);
1137   3              }else{
1138   3                  SetTextColorWhite(0x5343);
1139   3                  SetTextColorYellow(0x5353);
1140   3              }
1141   2          }else if(state == 3){
1142   2              if(factoryResetSP == 0){
1143   3                  if(admin_language == 0){
1144   4                      page_number = 27;
1145   4                  }else{
1146   4                      page_number = 57;
1147   4                  }
1148   3                  Page_Change_Handler(page_number);
1149   3              }else if(factoryResetSP == 1){
1150   3                  write_dgus_vp(VP_SET_TT, (u8*)&topTempDefault, 1);
1151   3                  write_dgus_vp(VP_SET_TB, (u8*)&botTempDefault, 1);
1152   3                  write_dgus_vp(VP_SET_P, (u8*)&pressuDefault, 1);
1153   3                  write_dgus_vp(VP_SET_CHTT, (u8*)&topCoolingDefault, 1);
1154   3                  write_dgus_vp(VP_SET_CHTB, (u8*)&botCoolingDefault, 1);
1155   3                  write_dgus_vp(VP_SET_H, (u8*)&delayDefault, 1);
1156   3                  data_set_Init();
1157   3                  if(admin_language == 0){
1158   4                      page_number = 27;
1159   4                  }else{
1160   4                      page_number = 57;
1161   4                  }
1162   3                  Page_Change_Handler(page_number);
1163   3              }
1164   2          }
1165   1         
1166   1      }
1167          
1168          //어드민 로그 및 에러
1169          void adminLogErrorText(u16 state){
1170   1          if(state == 1 || state == 2){
C51 COMPILER V9.56.0.0   ADMIN                                                             09/30/2026 19:37:46 PAGE 20  

1171   2              if(LogErrorSP == 0){
1172   3                  LogErrorSP = 1;
1173   3              }else if(LogErrorSP == 1){
1174   3                  LogErrorSP = 0;
1175   3              }
1176   2              if(LogErrorSP  == 0){
1177   3                  SetTextColorYellow(0x5373);
1178   3                  SetTextColorWhite(0x5383);
1179   3              }else{
1180   3                  SetTextColorWhite(0x5373);
1181   3                  SetTextColorYellow(0x5383);
1182   3              }
1183   2          }else if(state == 3){
1184   2              if(LogErrorSP  == 0){
1185   3                  if (admin_language == 0){
1186   4                      page_number = 32;
1187   4                  }else{
1188   4                      page_number = 62;
1189   4                  }
1190   3                  Page_Change_Handler(page_number);
1191   3              }else{
1192   3                  if (admin_language == 0){
1193   4                      page_number = 33;
1194   4                  }else{
1195   4                      page_number = 63;
1196   4                  }
1197   3                  Page_Change_Handler(page_number);
1198   3              }
1199   2          }
1200   1          
1201   1      }
1202          //어드민 언어 변경
1203          void adminLanguageText(u16 state){
1204   1          if(state == 1 || state == 2){
1205   2              if(LanguageSP == 0){
1206   3              LanguageSP = 1;
1207   3          }else if(LanguageSP == 1){
1208   3              LanguageSP = 0;
1209   3          }
1210   2          }else if(state == 3){
1211   2              if(LanguageSP == 0){
1212   3                  admin_language = 0;
1213   3                  admin_language_eng();
1214   3                  Page_Change_UI(35);
1215   3              }else if(LanguageSP == 1){
1216   3                  admin_language = 1;
1217   3                  admin_language_kor();
1218   3                  Page_Change_UI(65);
1219   3              }
1220   2          }
1221   1          
1222   1          if(LanguageSP  == 0){
1223   2              SetTextColorYellow(0x5553);
1224   2              SetTextColorWhite(0x5563);
1225   2          }else if(LanguageSP  == 1){
1226   2              SetTextColorWhite(0x5553);
1227   2              SetTextColorYellow(0x5563);
1228   2          }
1229   1      }
1230          
1231          void admin_language_eng(void){
1232   1          u16 len = 0;
C51 COMPILER V9.56.0.0   ADMIN                                                             09/30/2026 19:37:46 PAGE 21  

1233   1          //어드민 메인리스트
1234   1          admin_List_text_change();
1235   1          write_dgus_vp(0x2420, (u8*)&TOP_ENG, 3);
1236   1          len = 6;
1237   1          write_dgus_vp(0x1428, (u8*)&len, 1);
1238   1          write_dgus_vp(0x1429, (u8*)&SP_ENG_FONTID, 1);
1239   1          write_dgus_vp(0x142A, (u8*)&SP_ENG_FONTSIZE, 1);
1240   1      
1241   1          write_dgus_vp(0x2430, (u8*)&BOT_ENG, 3);
1242   1          len = 6;
1243   1          write_dgus_vp(0x1438, (u8*)&len, 1);
1244   1          write_dgus_vp(0x1439, (u8*)&SP_ENG_FONTID, 1);
1245   1          write_dgus_vp(0x143A, (u8*)&SP_ENG_FONTSIZE, 1);
1246   1      
1247   1          write_dgus_vp(0x2100, (u8*)&TIME_ENG, 4);
1248   1          len = 8;
1249   1          write_dgus_vp(0x1108, (u8*)&len, 1);
1250   1          write_dgus_vp(0x1109, (u8*)&SP_ENG_FONTID, 1);
1251   1          write_dgus_vp(0x110A, (u8*)&SP_ENG_FONTSIZE, 1);
1252   1      
1253   1      
1254   1      
1255   1          write_dgus_vp(0x4060, (u8*)&TOP_TEMP_ENG, 6);
1256   1          len = 12;
1257   1          write_dgus_vp(0x5068, (u8*)&len, 1);
1258   1          write_dgus_vp(0x5069, (u8*)&SP_ENG_FONTID, 1);
1259   1          write_dgus_vp(0x506A, (u8*)&SP_ENG_FONTSIZE, 1);
1260   1      
1261   1          write_dgus_vp(0x4090, (u8*)&BOT_TEMP_ENG, 6);
1262   1          len = 12;
1263   1          write_dgus_vp(0x5098, (u8*)&len, 1);
1264   1          write_dgus_vp(0x5099, (u8*)&SP_ENG_FONTID, 1);
1265   1          write_dgus_vp(0x509A, (u8*)&SP_ENG_FONTSIZE, 1);
1266   1      
1267   1          write_dgus_vp(0x4120, (u8*)&PRESSURE_ENG, 8);
1268   1          len = 16;
1269   1          write_dgus_vp(0x5128, (u8*)&len, 1);
1270   1          write_dgus_vp(0x5129, (u8*)&SP_ENG_FONTID, 1);
1271   1          write_dgus_vp(0x512A, (u8*)&SP_ENG_FONTSIZE, 1);
1272   1      
1273   1          write_dgus_vp(0x4150, (u8*)&DELAY_TIME_ENG, 5);
1274   1          len = 10;
1275   1          write_dgus_vp(0x5158, (u8*)&len, 1);
1276   1          write_dgus_vp(0x5159, (u8*)&SP_ENG_FONTID, 1);
1277   1          write_dgus_vp(0x515A, (u8*)&SP_ENG_FONTSIZE, 1);
1278   1      
1279   1          write_dgus_vp(0x4190, (u8*)&TOP_HEATER_ENG, 5);
1280   1          len = 10;
1281   1          write_dgus_vp(0x5198, (u8*)&len, 1);
1282   1          write_dgus_vp(0x5199, (u8*)&SP_ENG_FONTID, 1);
1283   1          write_dgus_vp(0x519A, (u8*)&SP_ENG_FONTSIZE, 1);
1284   1      
1285   1          write_dgus_vp(0x4200, (u8*)&OFF_TEXT, 3);
1286   1          len = 6;
1287   1          write_dgus_vp(0x5208, (u8*)&len, 1);
1288   1          write_dgus_vp(0x5209, (u8*)&SP_ENG_FONTID, 1);
1289   1          write_dgus_vp(0x520A, (u8*)&SP_ENG_FONTSIZE, 1);
1290   1      
1291   1          write_dgus_vp(0x4210, (u8*)&BOT_HEATER_ENG, 5);
1292   1          len = 10;
1293   1          write_dgus_vp(0x5218, (u8*)&len, 1);
1294   1          write_dgus_vp(0x5219, (u8*)&SP_ENG_FONTID, 1);
C51 COMPILER V9.56.0.0   ADMIN                                                             09/30/2026 19:37:46 PAGE 22  

1295   1          write_dgus_vp(0x521A, (u8*)&SP_ENG_FONTSIZE, 1);
1296   1      
1297   1          write_dgus_vp(0x4220, (u8*)&OFF_TEXT, 3);
1298   1          len = 6;
1299   1          write_dgus_vp(0x5228, (u8*)&len, 1);
1300   1          write_dgus_vp(0x5229, (u8*)&SP_ENG_FONTID, 1);
1301   1          write_dgus_vp(0x522A, (u8*)&SP_ENG_FONTSIZE, 1);
1302   1      
1303   1          write_dgus_vp(0x4230, (u8*)&TOP_FAN_ENG, 5);
1304   1          len = 10;
1305   1          write_dgus_vp(0x5238, (u8*)&len, 1);
1306   1          write_dgus_vp(0x5239, (u8*)&SP_ENG_FONTID, 1);
1307   1          write_dgus_vp(0x523A, (u8*)&SP_ENG_FONTSIZE, 1);
1308   1      
1309   1          write_dgus_vp(0x4240, (u8*)&OFF_TEXT, 3);
1310   1          len = 6;
1311   1          write_dgus_vp(0x5248, (u8*)&len, 1);
1312   1          write_dgus_vp(0x5249, (u8*)&SP_ENG_FONTID, 1);
1313   1          write_dgus_vp(0x524A, (u8*)&SP_ENG_FONTSIZE, 1);
1314   1      
1315   1          write_dgus_vp(0x4250, (u8*)&BOT_FAN_ENG, 5);
1316   1          len = 10;
1317   1          write_dgus_vp(0x5258, (u8*)&len, 1);
1318   1          write_dgus_vp(0x5259, (u8*)&SP_ENG_FONTID, 1);
1319   1          write_dgus_vp(0x525A, (u8*)&SP_ENG_FONTSIZE, 1);
1320   1      
1321   1          write_dgus_vp(0x4260, (u8*)&OFF_TEXT, 3);
1322   1          len = 6;
1323   1          write_dgus_vp(0x5268, (u8*)&len, 1);
1324   1          write_dgus_vp(0x5269, (u8*)&SP_ENG_FONTID, 1);
1325   1          write_dgus_vp(0x526A, (u8*)&SP_ENG_FONTSIZE, 1);
1326   1      
1327   1          write_dgus_vp(0x4270, (u8*)&PUMP_ENG, 4);
1328   1          len = 8;
1329   1          write_dgus_vp(0x5278, (u8*)&len, 1);
1330   1          write_dgus_vp(0x5279, (u8*)&SP_ENG_FONTID, 1);
1331   1          write_dgus_vp(0x527A, (u8*)&SP_ENG_FONTSIZE, 1);
1332   1      
1333   1          write_dgus_vp(0x4280, (u8*)&OFF_TEXT, 3);
1334   1          len = 6;
1335   1          write_dgus_vp(0x5288, (u8*)&len, 1);
1336   1          write_dgus_vp(0x5289, (u8*)&SP_ENG_FONTID, 1);
1337   1          write_dgus_vp(0x528A, (u8*)&SP_ENG_FONTSIZE, 1);
1338   1      
1339   1          write_dgus_vp(0x4290, (u8*)&SOLENOID_ENG, 3);
1340   1          len = 6;
1341   1          write_dgus_vp(0x5298, (u8*)&len, 1);
1342   1          write_dgus_vp(0x5299, (u8*)&SP_ENG_FONTID, 1);
1343   1          write_dgus_vp(0x529A, (u8*)&SP_ENG_FONTSIZE, 1);
1344   1      
1345   1          write_dgus_vp(0x4300, (u8*)&OFF_TEXT, 3);
1346   1          len = 6;
1347   1          write_dgus_vp(0x5308, (u8*)&len, 1);
1348   1          write_dgus_vp(0x5309, (u8*)&SP_ENG_FONTID, 1);
1349   1          write_dgus_vp(0x530A, (u8*)&SP_ENG_FONTSIZE, 1);
1350   1      
1351   1          write_dgus_vp(0x4320, (u8*)&DATA_ENG, 4);
1352   1          len = 8;
1353   1          write_dgus_vp(0x5328, (u8*)&len, 1);
1354   1          write_dgus_vp(0x5329, (u8*)&SP_ENG_FONTID, 1);
1355   1          write_dgus_vp(0x532A, (u8*)&SP_ENG_FONTSIZE, 1);
1356   1      
C51 COMPILER V9.56.0.0   ADMIN                                                             09/30/2026 19:37:46 PAGE 23  

1357   1          write_dgus_vp(0x4330, (u8*)&INIT_QUESTION_ENG, 11);
1358   1          len = 22;
1359   1          write_dgus_vp(0x5338, (u8*)&len, 1);
1360   1          write_dgus_vp(0x5339, (u8*)&SP_ENG_FONTID, 1);
1361   1          write_dgus_vp(0x533A, (u8*)&SP_ENG_FONTSIZE, 1);
1362   1      
1363   1          write_dgus_vp(0x4340, (u8*)&NO_ENG, 2);
1364   1          len = 4;
1365   1          write_dgus_vp(0x5348, (u8*)&len, 1);
1366   1          write_dgus_vp(0x5349, (u8*)&SP_ENG_FONTID, 1);
1367   1          write_dgus_vp(0x534A, (u8*)&SP_ENG_FONTSIZE, 1);
1368   1      
1369   1          write_dgus_vp(0x4350, (u8*)&YES_ENG, 3);
1370   1          len = 6;
1371   1          write_dgus_vp(0x5358, (u8*)&len, 1);
1372   1          write_dgus_vp(0x5359, (u8*)&SP_ENG_FONTID, 1);
1373   1          write_dgus_vp(0x535A, (u8*)&SP_ENG_FONTSIZE, 1);
1374   1      
1375   1          write_dgus_vp(0x4370, (u8*)&ACTIVE_LOG_ENG, 6);
1376   1          len = 12;
1377   1          write_dgus_vp(0x5378, (u8*)&len, 1);
1378   1          write_dgus_vp(0x5379, (u8*)&SP_ENG_FONTID, 1);
1379   1          write_dgus_vp(0x537A, (u8*)&SP_ENG_FONTSIZE, 1);
1380   1      
1381   1          write_dgus_vp(0x4380, (u8*)&ERROR_LOG_ENG, 5);
1382   1          len = 10;
1383   1          write_dgus_vp(0x5388, (u8*)&len, 1);
1384   1          write_dgus_vp(0x5389, (u8*)&SP_ENG_FONTID, 1);
1385   1          write_dgus_vp(0x538A, (u8*)&SP_ENG_FONTSIZE, 1);
1386   1      
1387   1          //작업 시간
1388   1          write_dgus_vp(0x4410, (u8*)&RUN_TIME_ENG, 8);
1389   1          len = 16;
1390   1          write_dgus_vp(0x5418, (u8*)&len, 1);
1391   1          write_dgus_vp(0x5419, (u8*)&SP_ENG_FONTID, 1);
1392   1          write_dgus_vp(0x541A, (u8*)&SP_ENG_FONTSIZE, 1);
1393   1      
1394   1          write_dgus_vp(0x4420, (u8*)&HEATING_ENG, 4);
1395   1          len = 8;
1396   1          write_dgus_vp(0x5428, (u8*)&len, 1);
1397   1          write_dgus_vp(0x5429, (u8*)&SP_ENG_FONTID, 1);
1398   1          write_dgus_vp(0x542A, (u8*)&SP_ENG_FONTSIZE, 1);
1399   1      
1400   1          write_dgus_vp(0x4460, (u8*)&PUMP_ENG, 4);
1401   1          len = 8;
1402   1          write_dgus_vp(0x5468, (u8*)&len, 1);
1403   1          write_dgus_vp(0x5469, (u8*)&SP_ENG_FONTID, 1);
1404   1          write_dgus_vp(0x546A, (u8*)&SP_ENG_FONTSIZE, 1);
1405   1      
1406   1          write_dgus_vp(0x4500, (u8*)&FAN_ENG, 3);
1407   1          len = 6;
1408   1          write_dgus_vp(0x5508, (u8*)&len, 1);
1409   1          write_dgus_vp(0x5509, (u8*)&SP_ENG_FONTID, 1);
1410   1          write_dgus_vp(0x550A, (u8*)&SP_ENG_FONTSIZE, 1);
1411   1      
1412   1          write_dgus_vp(0x4550, (u8*)&ENGLISH_ENG, 7);
1413   1          len = 14;
1414   1          write_dgus_vp(0x5558, (u8*)&len, 1);
1415   1          write_dgus_vp(0x5559, (u8*)&SP_ENG_FONTID, 1);
1416   1          write_dgus_vp(0x555A, (u8*)&SP_ENG_FONTSIZE, 1);
1417   1       
1418   1          write_dgus_vp(0x4560, (u8*)&KOREAN_ENG, 6);
C51 COMPILER V9.56.0.0   ADMIN                                                             09/30/2026 19:37:46 PAGE 24  

1419   1          len = 12;
1420   1          write_dgus_vp(0x5568, (u8*)&len, 1);
1421   1          write_dgus_vp(0x5569, (u8*)&SP_ENG_FONTID, 1);
1422   1          write_dgus_vp(0x556A, (u8*)&SP_ENG_FONTSIZE, 1);
1423   1      
1424   1          //회사 소개
1425   1          write_dgus_vp(0x4650, (u8*)&YONGLI_KOREA_ENG, 12);
1426   1          len = 24;
1427   1          write_dgus_vp(0x5658, (u8*)&len, 1);
1428   1          write_dgus_vp(0x5659, (u8*)&SP_ENG_FONTID, 1);
1429   1          write_dgus_vp(0x565A, (u8*)&SP_ENG_FONTSIZE, 1);
1430   1      
1431   1          write_dgus_vp(0x4660, (u8*)&GYEONGGI_DO_ENG, 11);
1432   1          len = 22;
1433   1          write_dgus_vp(0x5668, (u8*)&len, 1);
1434   1          write_dgus_vp(0x5669, (u8*)&SP_ENG_FONTID, 1);
1435   1          write_dgus_vp(0x566A, (u8*)&SP_ENG_FONTSIZE, 1);
1436   1      
1437   1          write_dgus_vp(0x4670, (u8*)&PAJU_JORI_ENG, 17);
1438   1          len = 34;
1439   1          write_dgus_vp(0x5678, (u8*)&len, 1);
1440   1          write_dgus_vp(0x5679, (u8*)&SP_ENG_FONTID, 1);
1441   1          write_dgus_vp(0x567A, (u8*)&SP_ENG_FONTSIZE, 1);
1442   1      
1443   1          write_dgus_vp(0x4680, (u8*)&DANGJAEBONG_RO_29_ENG, 14);
1444   1          len = 28;
1445   1          write_dgus_vp(0x5688, (u8*)&len, 1);
1446   1          write_dgus_vp(0x5689, (u8*)&SP_ENG_FONTID, 1);
1447   1          write_dgus_vp(0x568A, (u8*)&SP_ENG_FONTSIZE, 1);
1448   1      
1449   1          write_dgus_vp(0x4010, (u8*)&NUM_29, 2);
1450   1          len = 4;
1451   1          write_dgus_vp(0x5018, (u8*)&len, 1);
1452   1          write_dgus_vp(0x5019, (u8*)&SP_ENG_FONTID, 1);
1453   1          write_dgus_vp(0x501A, (u8*)&SP_ENG_FONTSIZE, 1);
1454   1      
1455   1          write_dgus_vp(0x4310, (u8*)&TEL, 12);
1456   1          len = 24;
1457   1          write_dgus_vp(0x5318, (u8*)&len, 1);
1458   1          write_dgus_vp(0x5319, (u8*)&SP_ENG_FONTID, 1);
1459   1          write_dgus_vp(0x531A, (u8*)&SP_ENG_FONTSIZE, 1);
1460   1      
1461   1          write_dgus_vp(0x4690, (u8*)&SENSOR_CAL_ENG, 9);
1462   1          len = 18;
1463   1          write_dgus_vp(0x5698, (u8*)&len, 1);
1464   1          write_dgus_vp(0x5699, (u8*)&SP_ENG_FONTID, 1);
1465   1          write_dgus_vp(0x569A, (u8*)&SP_ENG_FONTSIZE, 1);
1466   1      
1467   1          write_dgus_vp(0x4710, (u8*)&PRESSURE_CAL_ENG, 9);
1468   1          len = 18;
1469   1          write_dgus_vp(0x5718, (u8*)&len, 1);
1470   1          write_dgus_vp(0x5719, (u8*)&SP_ENG_FONTID, 1);
1471   1          write_dgus_vp(0x571A, (u8*)&SP_ENG_FONTSIZE, 1);
1472   1      
1473   1          write_dgus_vp(0x4820, (u8*)&FOUND_ENG, 5);
1474   1          len = 10;
1475   1          write_dgus_vp(0x5828, (u8*)&len, 1);
1476   1          write_dgus_vp(0x5829, (u8*)&SP_ENG_FONTID, 1);
1477   1          write_dgus_vp(0x582A, (u8*)&SP_ENG_FONTSIZE, 1);
1478   1      
1479   1          write_dgus_vp(0x4830, (u8*)&NO_ERROR_ENG, 9);
1480   1          len = 18;
C51 COMPILER V9.56.0.0   ADMIN                                                             09/30/2026 19:37:46 PAGE 25  

1481   1          write_dgus_vp(0x5838, (u8*)&len, 1);
1482   1          write_dgus_vp(0x5839, (u8*)&SP_ENG_FONTID, 1);
1483   1          write_dgus_vp(0x583A, (u8*)&SP_ENG_FONTSIZE, 1);
1484   1      
1485   1          write_dgus_vp(0x4840, (u8*)&CLOSE_ENG, 5);
1486   1          len = 10;
1487   1          write_dgus_vp(0x5848, (u8*)&len, 1);
1488   1          write_dgus_vp(0x5849, (u8*)&SP_ENG_FONTID, 1);
1489   1          write_dgus_vp(0x584A, (u8*)&SP_ENG_FONTSIZE, 1);
1490   1      
1491   1      }
1492          
1493          void admin_language_kor(void){
1494   1          u16 len = 0;
1495   1          admin_List_text_change();
1496   1      
1497   1          write_dgus_vp(0x2420, (u8*)&TOP_KOR, 2);
1498   1          len = 4;
1499   1          write_dgus_vp(0x1428, (u8*)&len, 1);
1500   1          write_dgus_vp(0x1429, (u8*)&SP_KOR_FONTID, 1);
1501   1          write_dgus_vp(0x142A, (u8*)&SP_KOR_FONTSIZE, 1);
1502   1      
1503   1          write_dgus_vp(0x2430, (u8*)&BOT_KOR, 2);
1504   1          len = 4;
1505   1          write_dgus_vp(0x1438, (u8*)&len, 1);
1506   1          write_dgus_vp(0x1439, (u8*)&SP_KOR_FONTID, 1);
1507   1          write_dgus_vp(0x143A, (u8*)&SP_KOR_FONTSIZE, 1);
1508   1      
1509   1          write_dgus_vp(0x2100, (u8*)&TIME_KOR, 4);
1510   1          len = 8;
1511   1          write_dgus_vp(0x1108, (u8*)&len, 1);
1512   1          write_dgus_vp(0x1109, (u8*)&SP_KOR_FONTID, 1);
1513   1          write_dgus_vp(0x110A, (u8*)&SP_KOR_FONTSIZE, 1);
1514   1      
1515   1          //유저 세팅
1516   1          write_dgus_vp(0x4060, (u8*)&TOP_TEMP_KOR, 5);
1517   1          len = 10;
1518   1          write_dgus_vp(0x5068, (u8*)&len, 1);
1519   1          write_dgus_vp(0x5069, (u8*)&SP_KOR_FONTID, 1);
1520   1          write_dgus_vp(0x506A, (u8*)&SP_KOR_FONTSIZE, 1);
1521   1      
1522   1          write_dgus_vp(0x4090, (u8*)&BOTTOM_TEMP_KOR, 5);
1523   1          len = 10;
1524   1          write_dgus_vp(0x5098, (u8*)&len, 1);
1525   1          write_dgus_vp(0x5099, (u8*)&SP_KOR_FONTID, 1);
1526   1          write_dgus_vp(0x509A, (u8*)&SP_KOR_FONTSIZE, 1);
1527   1      
1528   1          write_dgus_vp(0x4120, (u8*)&PRESSURE_KOR, 2);
1529   1          len = 4;
1530   1          write_dgus_vp(0x5128, (u8*)&len, 1);
1531   1          write_dgus_vp(0x5129, (u8*)&SP_KOR_FONTID, 1);
1532   1          write_dgus_vp(0x512A, (u8*)&SP_KOR_FONTSIZE, 1);
1533   1      
1534   1          write_dgus_vp(0x4150, (u8*)&DELAY_TIME_KOR, 5);
1535   1          len = 10;
1536   1          write_dgus_vp(0x5158, (u8*)&len, 1);
1537   1          write_dgus_vp(0x5159, (u8*)&SP_KOR_FONTID, 1);
1538   1          write_dgus_vp(0x515A, (u8*)&SP_KOR_FONTSIZE, 1);
1539   1      
1540   1          //IO 테스트
1541   1          write_dgus_vp(0x4190, (u8*)&TOP_HEATER_KOR, 5);
1542   1          len = 10;
C51 COMPILER V9.56.0.0   ADMIN                                                             09/30/2026 19:37:46 PAGE 26  

1543   1          write_dgus_vp(0x5198, (u8*)&len, 1);
1544   1          write_dgus_vp(0x5199, (u8*)&SP_KOR_FONTID, 1);
1545   1          write_dgus_vp(0x519A, (u8*)&SP_KOR_FONTSIZE, 1);
1546   1      
1547   1          write_dgus_vp(0x4210, (u8*)&BOTTOM_HEATER_KOR, 5);
1548   1          len = 10;
1549   1          write_dgus_vp(0x5218, (u8*)&len, 1);
1550   1          write_dgus_vp(0x5219, (u8*)&SP_KOR_FONTID, 1);
1551   1          write_dgus_vp(0x521A, (u8*)&SP_KOR_FONTSIZE, 1);
1552   1      
1553   1          write_dgus_vp(0x4230, (u8*)&TOP_FAN_KOR, 4);
1554   1          len = 8;
1555   1          write_dgus_vp(0x5238, (u8*)&len, 1);
1556   1          write_dgus_vp(0x5239, (u8*)&SP_KOR_FONTID, 1);
1557   1          write_dgus_vp(0x523A, (u8*)&SP_KOR_FONTSIZE, 1);
1558   1      
1559   1          write_dgus_vp(0x4250, (u8*)&BOTTOM_FAN_KOR, 4);
1560   1          len = 8;
1561   1          write_dgus_vp(0x5258, (u8*)&len, 1);
1562   1          write_dgus_vp(0x5259, (u8*)&SP_KOR_FONTID, 1);
1563   1          write_dgus_vp(0x525A, (u8*)&SP_KOR_FONTSIZE, 1);
1564   1      
1565   1          write_dgus_vp(0x4270, (u8*)&COMPRESSOR_KOR, 4);
1566   1          len = 8;
1567   1          write_dgus_vp(0x5278, (u8*)&len, 1);
1568   1          write_dgus_vp(0x5279, (u8*)&SP_KOR_FONTID, 1);
1569   1          write_dgus_vp(0x527A, (u8*)&SP_KOR_FONTSIZE, 1);
1570   1      
1571   1          write_dgus_vp(0x4290, (u8*)&SOLENOID_KOR, 5);
1572   1          len = 10;
1573   1          write_dgus_vp(0x5298, (u8*)&len, 1);
1574   1          write_dgus_vp(0x5299, (u8*)&SP_KOR_FONTID, 1);
1575   1          write_dgus_vp(0x529A, (u8*)&SP_KOR_FONTSIZE, 1);
1576   1          
1577   1          //공장 초기화
1578   1          write_dgus_vp(0x4320, (u8*)&INIT_QUESTION1, 4);
1579   1          len = 8;
1580   1          write_dgus_vp(0x5328, (u8*)&len, 1);
1581   1          write_dgus_vp(0x5329, (u8*)&SP_KOR_FONTID, 1);
1582   1          write_dgus_vp(0x532A, (u8*)&SP_KOR_FONTSIZE, 1);
1583   1      
1584   1          write_dgus_vp(0x4330, (u8*)&INIT_QUESTION2, 9);
1585   1          len = 18;
1586   1          write_dgus_vp(0x5338, (u8*)&len, 1);
1587   1          write_dgus_vp(0x5339, (u8*)&SP_KOR_FONTID, 1);
1588   1          write_dgus_vp(0x533A, (u8*)&SP_KOR_FONTSIZE, 1);
1589   1      
1590   1          write_dgus_vp(0x4340, (u8*)&CANCEL_KOR, 2);
1591   1          len = 4;
1592   1          write_dgus_vp(0x5348, (u8*)&len, 1);
1593   1          write_dgus_vp(0x5349, (u8*)&SP_KOR_FONTID, 1);
1594   1          write_dgus_vp(0x534A, (u8*)&SP_KOR_FONTSIZE, 1);
1595   1      
1596   1          write_dgus_vp(0x4350, (u8*)&OK_KOR, 2);
1597   1          len = 4;
1598   1          write_dgus_vp(0x5358, (u8*)&len, 1);
1599   1          write_dgus_vp(0x5359, (u8*)&SP_KOR_FONTID, 1);
1600   1          write_dgus_vp(0x535A, (u8*)&SP_KOR_FONTSIZE, 1);
1601   1      
1602   1          write_dgus_vp(0x4370, (u8*)&ACTIVE_LOG_KOR, 5);
1603   1          len = 10;
1604   1          write_dgus_vp(0x5378, (u8*)&len, 1);
C51 COMPILER V9.56.0.0   ADMIN                                                             09/30/2026 19:37:46 PAGE 27  

1605   1          write_dgus_vp(0x5379, (u8*)&SP_KOR_FONTID, 1);
1606   1          write_dgus_vp(0x537A, (u8*)&SP_KOR_FONTSIZE, 1);
1607   1      
1608   1          write_dgus_vp(0x4380, (u8*)&ERROR_LOG_KOR, 5);
1609   1          len = 10;
1610   1          write_dgus_vp(0x5388, (u8*)&len, 1);
1611   1          write_dgus_vp(0x5389, (u8*)&SP_KOR_FONTID, 1);
1612   1          write_dgus_vp(0x538A, (u8*)&SP_KOR_FONTSIZE, 1);
1613   1      
1614   1          //작업 시간
1615   1          write_dgus_vp(0x4410, (u8*)&WORK_TIME_KOR, 5);
1616   1          len = 10;
1617   1          write_dgus_vp(0x5418, (u8*)&len, 1);
1618   1          write_dgus_vp(0x5419, (u8*)&SP_KOR_FONTID, 1);
1619   1          write_dgus_vp(0x541A, (u8*)&SP_KOR_FONTSIZE, 1);
1620   1      
1621   1          write_dgus_vp(0x4420, (u8*)&HEATING_TIME_KOR, 2);
1622   1          len = 4;
1623   1          write_dgus_vp(0x5428, (u8*)&len, 1);
1624   1          write_dgus_vp(0x5429, (u8*)&SP_KOR_FONTID, 1);
1625   1          write_dgus_vp(0x542A, (u8*)&SP_KOR_FONTSIZE, 1);
1626   1      
1627   1          write_dgus_vp(0x4460, (u8*)&PUMP_KOR, 2);
1628   1          len = 4;
1629   1          write_dgus_vp(0x5468, (u8*)&len, 1);
1630   1          write_dgus_vp(0x5469, (u8*)&SP_KOR_FONTID, 1);
1631   1          write_dgus_vp(0x546A, (u8*)&SP_KOR_FONTSIZE, 1);
1632   1      
1633   1          write_dgus_vp(0x4500, (u8*)&FAN_KOR, 1);
1634   1          len = 2;
1635   1          write_dgus_vp(0x5508, (u8*)&len, 1);
1636   1          write_dgus_vp(0x5509, (u8*)&SP_KOR_FONTID, 1);
1637   1          write_dgus_vp(0x550A, (u8*)&SP_KOR_FONTSIZE, 1);
1638   1          
1639   1          // 언어 변경
1640   1          write_dgus_vp(0x4550, (u8*)&ENGLISH_KOR, 2);
1641   1          len = 4;
1642   1          write_dgus_vp(0x5558, (u8*)&len, 1);
1643   1          write_dgus_vp(0x5559, (u8*)&SP_KOR_FONTID, 1);
1644   1          write_dgus_vp(0x555A, (u8*)&SP_KOR_FONTSIZE, 1);
1645   1      
1646   1          write_dgus_vp(0x4560, (u8*)&KOREAN_KOR, 3);
1647   1          len = 6;
1648   1          write_dgus_vp(0x5568, (u8*)&len, 1);
1649   1          write_dgus_vp(0x5569, (u8*)&SP_KOR_FONTID, 1);
1650   1          write_dgus_vp(0x556A, (u8*)&SP_KOR_FONTSIZE, 1);
1651   1      
1652   1           //회사 소개
1653   1          write_dgus_vp(0x4650, (u8*)&YONGLI_KOREA_KOR, 5);
1654   1          len = 10;
1655   1          write_dgus_vp(0x5658, (u8*)&len, 1);
1656   1          write_dgus_vp(0x5659, (u8*)&SP_KOR_FONTID, 1);
1657   1          write_dgus_vp(0x565A, (u8*)&SP_KOR_FONTSIZE, 1);
1658   1      
1659   1          write_dgus_vp(0x4660, (u8*)&GYEONGGI_DO_KOR, 3);
1660   1          len = 6;
1661   1          write_dgus_vp(0x5668, (u8*)&len, 1);
1662   1          write_dgus_vp(0x5669, (u8*)&SP_KOR_FONTID, 1);
1663   1          write_dgus_vp(0x566A, (u8*)&SP_KOR_FONTSIZE, 1);
1664   1      
1665   1          write_dgus_vp(0x4670, (u8*)&PAJU_JORI_EUP_KOR, 7);
1666   1          len = 14;
C51 COMPILER V9.56.0.0   ADMIN                                                             09/30/2026 19:37:46 PAGE 28  

1667   1          write_dgus_vp(0x5678, (u8*)&len, 1);
1668   1          write_dgus_vp(0x5679, (u8*)&SP_KOR_FONTID, 1);
1669   1          write_dgus_vp(0x567A, (u8*)&SP_KOR_FONTSIZE, 1);
1670   1      
1671   1          write_dgus_vp(0x4680, (u8*)&DANGJAEBONG_RO_29_KOR, 4);
1672   1          len = 8;
1673   1          write_dgus_vp(0x5688, (u8*)&len, 1);
1674   1          write_dgus_vp(0x5689, (u8*)&SP_KOR_FONTID, 1);
1675   1          write_dgus_vp(0x568A, (u8*)&SP_KOR_FONTSIZE, 1);
1676   1      
1677   1          write_dgus_vp(0x4010, (u8*)&NUM_29, 2);
1678   1          len = 4;
1679   1          write_dgus_vp(0x5018, (u8*)&len, 1);
1680   1          write_dgus_vp(0x5019, (u8*)&SP_ENG_FONTID, 1);
1681   1          write_dgus_vp(0x501A, (u8*)&SP_ENG_FONTSIZE, 1);
1682   1      
1683   1          write_dgus_vp(0x4680, (u8*)&DANGJAEBONG_RO_29_KOR, 4);
1684   1          len = 8;
1685   1          write_dgus_vp(0x5688, (u8*)&len, 1);
1686   1          write_dgus_vp(0x5689, (u8*)&SP_KOR_FONTID, 1);
1687   1          write_dgus_vp(0x568A, (u8*)&SP_KOR_FONTSIZE, 1);
1688   1      
1689   1          write_dgus_vp(0x4310, (u8*)&TEL, 12);
1690   1          len = 24;
1691   1          write_dgus_vp(0x5318, (u8*)&len, 1);
1692   1          write_dgus_vp(0x5319, (u8*)&SP_ENG_FONTID, 1);
1693   1          write_dgus_vp(0x531A, (u8*)&SP_ENG_FONTSIZE, 1);
1694   1      
1695   1      
1696   1          //엔지니어 모드 세팅
1697   1          write_dgus_vp(0x4690, (u8*)&SENSOR_CAL_KOR, 5);
1698   1          len = 10;
1699   1          write_dgus_vp(0x5698, (u8*)&len, 1);
1700   1          write_dgus_vp(0x5699, (u8*)&SP_KOR_FONTID, 1);
1701   1          write_dgus_vp(0x569A, (u8*)&SP_KOR_FONTSIZE, 1);
1702   1      
1703   1          write_dgus_vp(0x4710, (u8*)&PRESSURE_CAL_KOR, 5);
1704   1          len = 10;
1705   1          write_dgus_vp(0x5718, (u8*)&len, 1);
1706   1          write_dgus_vp(0x5719, (u8*)&SP_KOR_FONTID, 1);
1707   1          write_dgus_vp(0x571A, (u8*)&SP_KOR_FONTSIZE, 1);
1708   1      
1709   1          write_dgus_vp(0x4820, (u8*)&FOUND_KOR, 3);
1710   1          len = 6;
1711   1          write_dgus_vp(0x5828, (u8*)&len, 1);
1712   1          write_dgus_vp(0x5829, (u8*)&SP_KOR_FONTID, 1);
1713   1          write_dgus_vp(0x582A, (u8*)&SP_KOR_FONTSIZE, 1);
1714   1      
1715   1          write_dgus_vp(0x4830, (u8*)&NO_ERROR_KOR, 9);
1716   1          len = 18;
1717   1          write_dgus_vp(0x5838, (u8*)&len, 1);
1718   1          write_dgus_vp(0x5839, (u8*)&SP_KOR_FONTID, 1);
1719   1          write_dgus_vp(0x583A, (u8*)&SP_KOR_FONTSIZE, 1);
1720   1      
1721   1          write_dgus_vp(0x4840, (u8*)&CLOSE_KOR, 2);
1722   1          len = 4;
1723   1          write_dgus_vp(0x5848, (u8*)&len, 1);
1724   1          write_dgus_vp(0x5849, (u8*)&SP_KOR_FONTID, 1);
1725   1          write_dgus_vp(0x584A, (u8*)&SP_KOR_FONTSIZE, 1);
1726   1      }
1727          
1728          //어드민 엔지니어 모드
C51 COMPILER V9.56.0.0   ADMIN                                                             09/30/2026 19:37:46 PAGE 29  

1729          void EngineermodTextColor(){
1730   1          if(EngineerSP == 0){
1731   2              SetTextColorYellow(0x5593);
1732   2              SetTextColorWhite(0x5603);
1733   2              SetTextColorWhite(0x5613);
1734   2              SetTextColorWhite(0x5623);
1735   2              SetTextColorWhite(0x5633);
1736   2              SetTextColorWhite(0x5643);
1737   2          }else if(EngineerSP == 1){
1738   2              SetTextColorWhite(0x5593);
1739   2              SetTextColorYellow(0x5603);
1740   2              SetTextColorWhite(0x5613);
1741   2              SetTextColorWhite(0x5623);
1742   2              SetTextColorWhite(0x5633);
1743   2              SetTextColorWhite(0x5643);
1744   2          }else if(EngineerSP == 2){
1745   2              SetTextColorWhite(0x5593);
1746   2              SetTextColorWhite(0x5603);
1747   2              SetTextColorYellow(0x5613);
1748   2              SetTextColorWhite(0x5623);
1749   2              SetTextColorWhite(0x5633);
1750   2              SetTextColorWhite(0x5643);
1751   2          }else if(EngineerSP == 3){
1752   2              SetTextColorWhite(0x5593);
1753   2              SetTextColorWhite(0x5603);
1754   2              SetTextColorWhite(0x5613);
1755   2              SetTextColorYellow(0x5623);
1756   2              SetTextColorWhite(0x5633);
1757   2              SetTextColorWhite(0x5643);
1758   2          }else if(EngineerSP == 4){
1759   2              SetTextColorWhite(0x5593);
1760   2              SetTextColorWhite(0x5603);
1761   2              SetTextColorWhite(0x5613);
1762   2              SetTextColorWhite(0x5623);
1763   2              SetTextColorYellow(0x5633);
1764   2              SetTextColorWhite(0x5643);
1765   2          }else if(EngineerSP == 5){
1766   2              SetTextColorWhite(0x5593);
1767   2              SetTextColorWhite(0x5603);
1768   2              SetTextColorWhite(0x5613);
1769   2              SetTextColorWhite(0x5623);
1770   2              SetTextColorWhite(0x5633);
1771   2              SetTextColorYellow(0x5643);
1772   2          }
1773   1      }
1774          
1775          void EngineermodWork(u16 state){
1776   1          switch (state)
1777   1          {
1778   2          case 1:{
1779   3              switch (EngineerSP){
1780   4                          case 0:{
1781   5                              if(EngineerPw1 == 0){
1782   6                                  EngineerPw1 = 9;
1783   6                              }else{
1784   6                                  EngineerPw1--;
1785   6                              }
1786   5                              write_dgus_vp(0x4590, (u8*)&EngineerPw1 , 1);
1787   5                          }break;
1788   4                          case 1:{
1789   5                               if(EngineerPw2 == 0){
1790   6                                  EngineerPw2 = 9;
C51 COMPILER V9.56.0.0   ADMIN                                                             09/30/2026 19:37:46 PAGE 30  

1791   6                              }else{
1792   6                                  EngineerPw2--;
1793   6                              }
1794   5                              write_dgus_vp(0x4600, (u8*)&EngineerPw2 , 1);
1795   5                          }break;
1796   4                          case 2:{
1797   5                               if(EngineerPw3 == 0){
1798   6                                  EngineerPw3 = 9;
1799   6                              }else{
1800   6                                  EngineerPw3--;
1801   6                              }
1802   5                              write_dgus_vp(0x4610, (u8*)&EngineerPw3 , 1);
1803   5                          }break;
1804   4                          case 3:{
1805   5                               if(EngineerPw4 == 0){
1806   6                                  EngineerPw4 = 9;
1807   6                              }else{
1808   6                                  EngineerPw4--;
1809   6                              }
1810   5                              write_dgus_vp(0x4620, (u8*)&EngineerPw4 , 1);
1811   5                          }break;
1812   4                          case 4:{
1813   5                               if(EngineerPw5 == 0){
1814   6                                  EngineerPw5 = 9;
1815   6                              }else{
1816   6                                  EngineerPw5--;
1817   6                              }
1818   5                              write_dgus_vp(0x4630, (u8*)&EngineerPw5 , 1);
1819   5                          }break;
1820   4                          case 5:{
1821   5                              if(EngineerPw6 == 0){
1822   6                                  EngineerPw6 = 9;
1823   6                              }else{
1824   6                                  EngineerPw6--;
1825   6                              }
1826   5                              write_dgus_vp(0x4640, (u8*)&EngineerPw6 , 1);
1827   5                          }break;
1828   4                          }
1829   3              EngineermodTextColor();
1830   3          }break;
1831   2      
1832   2          case 2:{
1833   3              switch (EngineerSP){
1834   4                          case 0:{
1835   5                              if(EngineerPw1==9){
1836   6                                  EngineerPw1 = 0;
1837   6                              }else{
1838   6                                  EngineerPw1++;
1839   6                              }
1840   5                              write_dgus_vp(0x4590, (u8*)&EngineerPw1 , 1);
1841   5                          }break;
1842   4                          case 1:{
1843   5                               if(EngineerPw2==9){
1844   6                                  EngineerPw2 = 0;
1845   6                              }else{
1846   6                                  EngineerPw2++;
1847   6                              }
1848   5                              write_dgus_vp(0x4600, (u8*)&EngineerPw2 , 1);
1849   5                          }break;
1850   4                          case 2:{
1851   5                               if(EngineerPw3==9){
1852   6                                  EngineerPw3 = 0;
C51 COMPILER V9.56.0.0   ADMIN                                                             09/30/2026 19:37:46 PAGE 31  

1853   6                              }else{
1854   6                                  EngineerPw3++;
1855   6                              }
1856   5                              write_dgus_vp(0x4610, (u8*)&EngineerPw3 , 1);
1857   5                          }break;
1858   4                          case 3:{
1859   5                               if(EngineerPw4==9){
1860   6                                  EngineerPw4 = 0;
1861   6                              }else{
1862   6                                  EngineerPw4++;
1863   6                              }
1864   5                              write_dgus_vp(0x4620, (u8*)&EngineerPw4 , 1);
1865   5                          }break;
1866   4                          case 4:{
1867   5                               if(EngineerPw5==9){
1868   6                                  EngineerPw5 = 0;
1869   6                              }else{
1870   6                                  EngineerPw5++;
1871   6                              }
1872   5                              write_dgus_vp(0x4630, (u8*)&EngineerPw5 , 1);
1873   5                          }break;
1874   4                          case 5:{
1875   5                              if(EngineerPw6==9){
1876   6                                  EngineerPw6 = 0;
1877   6                              }else{
1878   6                                  EngineerPw6++;
1879   6                              }
1880   5                              write_dgus_vp(0x4640, (u8*)&EngineerPw6 , 1);
1881   5                          }break;
1882   4                          }
1883   3              EngineermodTextColor();
1884   3          }break;
1885   2      
1886   2          case 3:{
1887   3              if(EngineerSP == 0||
1888   3                 EngineerSP == 1||
1889   3                 EngineerSP == 2||
1890   3                 EngineerSP == 3||
1891   3                 EngineerSP == 4){
1892   4                  EngineerSP ++;
1893   4                  EngineermodTextColor();
1894   4              }else if(EngineerSP == 5){
1895   4                  u16 inputpw = 0;
1896   4                  EngineerPw1 = EngineerPw1*100000;
1897   4                  EngineerPw2 = EngineerPw2*10000;
1898   4                  EngineerPw3 = EngineerPw3*1000;
1899   4                  EngineerPw4 = EngineerPw4*100;
1900   4                  EngineerPw5 = EngineerPw5*10;
1901   4                  EngineerPw6 = EngineerPw6*1;
1902   4                  inputpw = EngineerPw1+EngineerPw2+EngineerPw3+EngineerPw4+EngineerPw5+EngineerPw6;
1903   4                  if(pw == inputpw){
1904   5                      EngineerPw1 = 0;
1905   5                      EngineerPw2 = 0;
1906   5                      EngineerPw3 = 0;
1907   5                      EngineerPw4 = 0;
1908   5                      EngineerPw5 = 0;
1909   5                      EngineerPw6 = 0;
1910   5                      write_dgus_vp(0x4590, (u8*)&EngineerPw1 , 1);
1911   5                      write_dgus_vp(0x4600, (u8*)&EngineerPw2 , 1);
1912   5                      write_dgus_vp(0x4610, (u8*)&EngineerPw3 , 1);
1913   5                      write_dgus_vp(0x4620, (u8*)&EngineerPw4 , 1);
1914   5                      write_dgus_vp(0x4630, (u8*)&EngineerPw5 , 1);
C51 COMPILER V9.56.0.0   ADMIN                                                             09/30/2026 19:37:46 PAGE 32  

1915   5                      write_dgus_vp(0x4640, (u8*)&EngineerPw6 , 1);
1916   5                      if(admin_language == 0){
1917   6                          page_number = 38;
1918   6                      }else{
1919   6                          page_number = 68;
1920   6                      }
1921   5                      
1922   5                      Page_Change_Handler(page_number);
1923   5                      SetTextColorYellow(0x5693);
1924   5                      write_dgus_vp(0x4700, (u8*)&sensor_result, 1); 
1925   5                      write_dgus_vp(0x4720, (u8*)&press_result, 1); 
1926   5                  }else{
1927   5                      EngineerPw1 = 0;
1928   5                      EngineerPw2 = 0;
1929   5                      EngineerPw3 = 0;
1930   5                      EngineerPw4 = 0;
1931   5                      EngineerPw5 = 0;
1932   5                      EngineerPw6 = 0;
1933   5                      write_dgus_vp(0x4590, (u8*)&EngineerPw1 , 1);
1934   5                      write_dgus_vp(0x4600, (u8*)&EngineerPw2 , 1);
1935   5                      write_dgus_vp(0x4610, (u8*)&EngineerPw3 , 1);
1936   5                      write_dgus_vp(0x4620, (u8*)&EngineerPw4 , 1);
1937   5                      write_dgus_vp(0x4630, (u8*)&EngineerPw5 , 1);
1938   5                      write_dgus_vp(0x4640, (u8*)&EngineerPw6 , 1);
1939   5                      EngineerSP = 0;
1940   5                      SetTextColorYellow(0x5593);
1941   5                      SetTextColorRed(0x5603);
1942   5                      SetTextColorRed(0x5613);
1943   5                      SetTextColorRed(0x5623);
1944   5                      SetTextColorRed(0x5633);
1945   5                      SetTextColorRed(0x5643);
1946   5                  }
1947   4              }
1948   3          }break;
1949   2          
1950   2          default:
1951   2              break;
1952   2          }
1953   1      }
1954          
1955          void EngineermodSText(){
1956   1          if(EngineermodS_flag == 0){
1957   2              if(EngineermodS_Select_flag == 0){
1958   3                  SetTextColorYellow(0x5693);
1959   3                  SetTextColorWhite(0x5703);
1960   3                  SetTextColorWhite(0x5713);
1961   3                  SetTextColorWhite(0x5723);
1962   3              }else{
1963   3                  SetTextColorYellow(0x5693);
1964   3                  SetTextColorYellow(0x5703);
1965   3                  SetTextColorWhite(0x5713);
1966   3                  SetTextColorWhite(0x5723);
1967   3              }
1968   2          }else{
1969   2              if(EngineermodS_Select_flag == 0){
1970   3                  SetTextColorWhite(0x5693);
1971   3                  SetTextColorWhite(0x5703);
1972   3                  SetTextColorYellow(0x5713);
1973   3                  SetTextColorWhite(0x5723);
1974   3              }else{
1975   3                  SetTextColorWhite(0x5693);
1976   3                  SetTextColorWhite(0x5703);
C51 COMPILER V9.56.0.0   ADMIN                                                             09/30/2026 19:37:46 PAGE 33  

1977   3                  SetTextColorYellow(0x5713);
1978   3                  SetTextColorYellow(0x5723);
1979   3              }
1980   2          }
1981   1      
1982   1      }
1983          
1984          void EngineermodSWork(u16 state){
1985   1          switch (state){
1986   2          case 1:{
1987   3              if(EngineermodS_Select_flag == 0){
1988   4                  if(EngineermodS_flag == 0){
1989   5                      EngineermodS_flag = 1;
1990   5                  }else if(EngineermodS_flag == 1){
1991   5                      EngineermodS_flag = 0;
1992   5                  }
1993   4              }else if(EngineermodS_Select_flag == 1){
1994   4                  if(EngineermodS_flag == 0 && sensor_result > 0){
1995   5                      sensor_result--;
1996   5                      write_dgus_vp(0x4700, (u8*)&sensor_result, 1);
1997   5                  }else if(EngineermodS_flag == 1 && press_result > 0){
1998   5                      press_result--;
1999   5                      write_dgus_vp(0x4720, (u8*)&press_result, 1);
2000   5                  }
2001   4              }
2002   3          }break;
2003   2      
2004   2          case 2:{
2005   3              if(EngineermodS_Select_flag == 0){
2006   4                  if(EngineermodS_flag == 0){
2007   5                      EngineermodS_flag = 1;
2008   5                      
2009   5                  }else if(EngineermodS_flag == 1){
2010   5                      EngineermodS_flag = 0;
2011   5                      
2012   5                  }
2013   4              }else if(EngineermodS_Select_flag == 1){
2014   4                  if(EngineermodS_flag == 0 && sensor_result < 120){
2015   5                      sensor_result++;
2016   5                      write_dgus_vp(0x4700, (u8*)&sensor_result, 1);
2017   5                  }else if(EngineermodS_flag == 1 && press_result < 120){
2018   5                      press_result++;
2019   5                      write_dgus_vp(0x4720, (u8*)&press_result, 1);
2020   5                  }
2021   4              }
2022   3          }break;
2023   2      
2024   2          case 3:{
2025   3              if(EngineermodS_Select_flag == 0){
2026   4                  EngineermodS_Select_flag = 1;
2027   4              }else if(EngineermodS_Select_flag == 1){
2028   4                  EngineermodS_Select_flag = 0;
2029   4              }
2030   3          }break;
2031   2          
2032   2          default:
2033   2              break;
2034   2          }
2035   1          EngineermodSText();
2036   1      }
2037          
2038          void admininit(){
C51 COMPILER V9.56.0.0   ADMIN                                                             09/30/2026 19:37:46 PAGE 34  

2039   1          adminSP = 0;
2040   1          usersettingSP = 0;
2041   1          usersettingSelect_plag = 0;
2042   1          usersettingEditSP = 0;
2043   1          IOtestSP = 0;
2044   1          factoryReset_plag = 0;
2045   1          factoryResetSP = 0;
2046   1          LogErrorSP = 0;
2047   1          LanguageSP = 0;
2048   1          EngineerSP = 0;
2049   1      }


MODULE INFORMATION:   STATIC OVERLAYABLE
   CODE SIZE        =  20186    ----
   CONSTANT SIZE    =   ----    ----
   XDATA SIZE       =    119      24
   PDATA SIZE       =   ----    ----
   DATA SIZE        =   ----    ----
   IDATA SIZE       =   ----    ----
   BIT SIZE         =   ----    ----
END OF MODULE INFORMATION.


C51 COMPILATION COMPLETE.  0 WARNING(S),  0 ERROR(S)
