C51 COMPILER V9.56.0.0   UI                                                                09/30/2026 19:37:45 PAGE 1   


C51 COMPILER V9.56.0.0, COMPILATION OF MODULE UI
OBJECT MODULE PLACED IN .\Objects\ui.obj
COMPILER INVOKED BY: C:\Keil_v5\C51\BIN\C51.EXE source\ui.c LARGE OPTIMIZE(8,SPEED) BROWSE INCDIR(.\driver;.\source;.\li
                    -b) DEBUG OBJECTEXTEND PRINT(.\Listings\ui.lst) TABS(2) OBJECT(.\Objects\ui.obj)

line level    source

   1          #include "ui.h"
   2          #include "timer.h"
   3          #include <string.h>
   4          #include "hmi.h"
   5          #include "sys.h"
   6          #include "color.h"
   7          #include "language.h"
   8          #include "admin.h"
   9          
  10          // ===== add prototypes (put these after includes) =====
  11          static void DGUS_WriteWord(u16 vp, u16 val);
  12          static void DGUS_WriteWord_BE(u16 vp, u16 val);
  13          static void DGUS_Color_Sweep_All(u16 sp_addr);
  14          static void DGUS_ApplyColor_SP_8803_BE(u16 sp_addr, u16 rgb565);
  15          static void DGUS_ApplyColor_ATTR_VP(u16 attr_vp, u16 rgb565);
  16          void DGUS_Color_Diagnose_And_Apply(u16 sp_addr, u16 attr_vp, u8 do_sweep);
  17          
  18          static void ChangeImage(u16 vp_addr, u16 index);
  19          
  20          #define TMR_ENCODER  0     // 0~7 중 사용 안 하는 채널 하나 선택
  21          #define ENC_DELAY_MS 30
  22          
  23          #define BIT(n)            (1u << (n))
  24          #define FLAG_READY       BIT(0)    
  25          #define FLAG_START        BIT(1)   
  26          #define FLAG_STOP         BIT(2)    
  27          #define FLAG_RUN       BIT(3)   
  28          #define FLAG_PUMP         BIT(4)    
  29          #define FLAG_TOPTEMP        BIT(5)    
  30          #define FLAG_BOTTEMP         BIT(6)   
  31          #define FLAG_TEMPON        BIT(7)   
  32          #define FLAG_DELEAY         BIT(8)    
  33          #define FLAG_TOPFAN        BIT(9)    
  34          #define FLAG_BOTFAN         BIT(10)    
  35          #define FLAG_OUTPUMP        BIT(11)    
  36          #define FLAG_COOLING         BIT(12)    
  37          #define FLAG_SENSOR_ERR       BIT(13)   
  38          #define FLAG_TIME         BIT(14)   
  39          
  40          #define LOG_TOP_TEMP       1
  41          #define LOG_TOP_COOL       2
  42          #define LOG_BOTTOM_TEMP    3
  43          #define LOG_BOTTOM_COOL    4
  44          #define LOG_DELAY          5
  45          #define LOG_PRESSURE       6
  46          
  47          #define VP_PAGE_BIT        0x8400 
  48          #define PAGE_BIT(n)       (1u << (n))
  49          
  50          #define MAIN_PAGE         (1 << 0)   // Bit 0
  51          #define ADMIN_PAGE        (1 << 1)   // Bit 1
  52          
  53          static u8 page_bit = 0;
  54          
C51 COMPILER V9.56.0.0   UI                                                                09/30/2026 19:37:45 PAGE 2   

  55          
  56          #define VP_TT        0x8000  // 상 히터 온도 (℃)
  57          //#define VP_TB        0x8002  // 하 히터 온도 (℃)
  58          #define VP_P         0x8004  // 현재 압력 (0.1bar)
  59          #define VP_NTT       0x8006  // 상 프레임 NTC
  60          #define VP_NTB       0x8008  // 하 프레임 NTC
  61          #define VP_ST        0x800A  // 상태코드
  62          #define VP_FLAGS     0x800C  // 플래그 비트
  63          #define VP_ERR_CODE  0x8010  // 에러 코드
  64          #define VP_ERR_ARG   0x8012  // 에러 인자
  65          
  66          #define VP_SET_TT         0x8100  // 상 히터 온도 설정
  67          #define VP_SET_TB         0x8102  // 하 히터 온도 설정
  68          #define VP_SET_P          0x8104  // 목표압력 설정
  69          #define VP_SET_H          0x8106  // 유지시간 설정
  70          #define VP_SET_CHTT       0x8108  // 상 냉각온도 설정
  71          #define VP_SET_CHTB       0x810A  // 하 냉각온도 설정
  72          #define VP_SET_NTC_BASE_T 0x810C  // 상 프레임 기준 온도 설정
  73          #define VP_SET_NTC_BASE_B 0x8110  // 하 프레임 기준 온도 설정
  74          
  75          
  76          #define VP_ELAPSED_TIME 0x8114 // 유지 경과 시간
  77          
  78          
  79          #define VP_USERSETTING_TOP_TEMP_MAX 0x8130 // 유저세팅 8개
  80          #define VP_USERSETTING_TOP_TEMP_MIN 0x8132 // 유저세팅 8개
  81          #define VP_USERSETTING_BOT_TEMP_MAX 0x8134 // 유저세팅 8개
  82          #define VP_USERSETTING_BOT_TEMP_MIN 0x8136 // 유저세팅 8개
  83          #define VP_USERSETTING_PRES_MAX 0x8138 // 유저세팅 8개
  84          #define VP_USERSETTING_PRES_MIN 0x813A // 유저세팅 8개
  85          #define VP_USERSETTING_DELAY_MAX 0x813C // 유저세팅 8개
  86          #define VP_USERSETTING_DELAY_MIN 0x8140 // 유저세팅 8개
  87          #define VP_ENGINEERMODE_SENSER 0x8142 // 엔지니어모드 센서 보정
  88          #define VP_ENGINEERMODE_PRES 0x8144 // 엔지니어모드 최대 압력
  89          #define VP_LANGUAGE_FLAG 0x8146 // 언어변경
  90          
  91          #define VP_WORK_HEATING 0x8150 // 가열시간
  92          #define VP_WORK_HOLDING 0x8152 // 지연시간
  93          #define VP_WORK_COOLING 0x8154 // 냉각시간
  94          
  95          
  96          #define SP_TXT_TT 0x5000
  97          #define SP_TXT_TB 0x5002
  98          
  99          #define TMR_UI_POLL 1       // 새 타이머 채널
 100          #define UI_POLL_MS  200     // 200ms마다 화면 값 갱신
 101          
 102          #define VP_NOR_FLASH_RW_CMD 0x0008
 103          
 104          static u8  g_cnt_active = 0;
 105          static u16 g_cnt_value  = 0;
 106          
 107          u8 page_number;
 108          
 109          static u8 read500_enable = 0;
 110          u8 xdata page_set[4] = {0};
 111          u8 xdata txt_off[6] = {0};
 112          
 113          u16 Page[] = {
 114              0, 1, 2, 3, 4, 5, 6, 7, 8, 9, 10, 11, 12, 13, 14, 15, 16, 17, 18, 19, 20, 21, 22, 23, 24, 25, 26, 27, 
             -28,29,30,31,32,33,34,35,36,37,38,39,40,41,42,43,44,45,46,47,48,49,50,51,52,53,54,55,56,57,58,59,60,61,62,63,64,65,66,67,
             -68
C51 COMPILER V9.56.0.0   UI                                                                09/30/2026 19:37:45 PAGE 3   

 115          };
 116          
 117          static u16 start_flag = 0;
 118          static u8  deleay_flag = 0;
 119          static u16 page24_flag = 0;
 120          static u16 error_flag = 0;
 121          
 122          static u16 hundreds[8] = { 0, 0, 0, 0, 0, 0, 0, 0 };
 123          static u16 tens[8]     = { 0, 0, 0, 0, 0, 0, 0, 0 };
 124          static u16 ones[8]     = { 0, 0, 0, 0, 0, 0, 0, 0 };
 125          
 126          static u16 IOSet[] = {0,0,0,0,0,0};
 127          
 128          static u16 TT100, TT10 , TT1 ;
 129          static u16 TC10 = 0, TC1 = 0;
 130          static u16 BT100 = 0, BT10 = 0,BT1 = 0;
 131          static u16 BC10 = 0, BC1 = 0;
 132          static u16 min = 0, second = 0;
 133          static u16 press            = 0;  // 0.1 단위 표현용 (ex. 25 -> 2.5 bar)
 134          
 135          static u16 t_rampMs = 0, t_holdMs = 0, t_coolMs = 0;
 136          
 137          static u8 check_active = 0;
 138          #define TMR_6 6
 139          #define CHECK_TIME 700
 140          static u16 legacy_value = 0;
 141          static u16 recoll_value = 0;
 142          static u16 check_addr;
 143          static u16 check_count = 0;
 144          
 145          static u8 loding = 0;
 146          static u8 main1[2] = {1, 40};
 147          static u8 main2[2] = {2, 41};
 148          static u8 main3[2] = {3, 42};
 149          static u8 main4[2] = {4, 43};
 150          static u8 main5[2] = {5, 44};
 151          static u8 main6[2] = {6, 45};
 152          static u8 main7[2] = {7, 46};
 153          static u8 quickSetting = 8 ;
 154          static u8 topHeating[2] = {9, 47};
 155          static u8 topCooling[2] = {10, 48};
 156          static u8 topFrame = 11;
 157          static u8 botHeating[2] = {12, 49};
 158          static u8 botCooling[2] = {13, 50};
 159          static u8 botFrame = 14;
 160          static u8 exit = 15;
 161          static u8 topHeatingS[2] = {16, 51};
 162          static u8 topCoolingS[2] = {17, 52};
 163          static u8 topFrameS = 18;
 164          static u8 botHeatingS[2] = {19, 53};
 165          static u8 botCoolingS[2] = {20, 54};
 166          static u8 botFrameS = 21;
 167          static u8 delayS[2] = {22, 55};
 168          static u8 pressureS[2] = {23, 56};
 169          static u8 workPageN = 24;
 170          static u8 workPageH = 25;
 171          static u8 workPageC = 26;
 172          static u8 adminList[2] = {27,57};
 173          static u8 adminUserSetting[2] = {28,58};
 174          static u8 adminIOTest[2] = {29,59};
 175          static u8 adminFactoryResetNotice[2] = {30,60};
 176          static u8 adminLogError[2] = {31,61};
C51 COMPILER V9.56.0.0   UI                                                                09/30/2026 19:37:45 PAGE 4   

 177          static u8 adminActiveLog[2] = {32,62};
 178          static u8 adminErrorLog[2] = {33,63};
 179          static u8 adminMaintenance[2] = {34,64};
 180          static u8 adminLanguage[2] = {35,65};
 181          static u8 adminCompany[2] = {36,66};
 182          static u8 adminEngineermod[2] = {37,67};
 183          static u8 adminEngineermodS[2] = {38,68};
 184          
 185          static u16 inputpw = 0;
 186          #define LOG_MAX 3
 187          
 188          #define VP_LOG 0x8500
 189          
 190          #define LOG_TOP_TEMP       1
 191          #define LOG_TOP_COOL       2
 192          #define LOG_BOTTOM_TEMP    3
 193          #define LOG_BOTTOM_COOL    4
 194          #define LOG_DELAY          5
 195          #define LOG_PRESSURE       6
 196          
 197          
 198          
 199          u8 logCount = 0;
 200          void addLogtest(u16 type, u16 value);
 201          
 202          typedef struct
 203          {
 204              u16 type;
 205              u16 value;
 206          } LogData;
 207          
 208          LogData logs[LOG_MAX];
 209          
 210          // void addLog(u16 type, u16 value)
 211          // {
 212          //     int i;
 213          
 214          //     if(logCount < LOG_MAX)
 215          //     {
 216          //         logs[logCount].type = type;
 217          //         logs[logCount].value = value;
 218          
 219          //         logCount++;
 220          //     }
 221          //     else
 222          //     {
 223          //         for(i = 0; i < LOG_MAX - 1; i++)
 224          //         {
 225          //             logs[i] = logs[i + 1];
 226          //         }
 227          
 228          //         logs[LOG_MAX - 1].type = type;
 229          //         logs[LOG_MAX - 1].value = value;
 230          //     }
 231          
 232          //     updateLogs();
 233          // }
 234          
 235          void updateLogs(){
 236   1          u16 len = 0;
 237   1          u16 vpType;
 238   1          u16 vpValue;
C51 COMPILER V9.56.0.0   UI                                                                09/30/2026 19:37:45 PAGE 5   

 239   1          u8 i;
 240   1          for(i = 0; i < LOG_MAX; i++){
 241   2              u16 vpType  = VP_LOG + (i * 4);
 242   2              u16 vpValue = VP_LOG + (i * 4) + 2;
 243   2      
 244   2              if(i < logCount)
 245   2              {
 246   3                  write_dgus_vp(vpType,(u8*)&logs[i].type,1);
 247   3                  write_dgus_vp(vpValue,(u8*)&logs[i].value,1);
 248   3                  if(admin_language == 0){
 249   4                      switch(logs[i].type){
 250   5                      case 1:{
 251   6                          if(i == 0){
 252   7                              write_dgus_vp(0x4740, (u8*)&T_TEMP_ENG, 10);
 253   7                              len = 20;
 254   7                              write_dgus_vp(0x5748, (u8*)&len, 1);
 255   7                              write_dgus_vp(0x5749, (u8*)&SP_ENG_FONTID, 1);
 256   7                              write_dgus_vp(0x574A, (u8*)&SP_ENG_FONTSIZE, 1);
 257   7      
 258   7                              write_dgus_vp(0x4750, (u8*)&logs[i].value, 1);
 259   7                          }else if(i == 1){
 260   7                              write_dgus_vp(0x4770, (u8*)&T_TEMP_ENG, 10);
 261   7                              len = 20;
 262   7                              write_dgus_vp(0x5778, (u8*)&len, 1);
 263   7                              write_dgus_vp(0x5779, (u8*)&SP_ENG_FONTID, 1);
 264   7                              write_dgus_vp(0x577A, (u8*)&SP_ENG_FONTSIZE, 1);
 265   7      
 266   7                              write_dgus_vp(0x4780, (u8*)&logs[i].value, 1);
 267   7                          }else if(i == 2){
 268   7                              write_dgus_vp(0x4800, (u8*)&T_TEMP_ENG, 10);
 269   7                              len = 20;
 270   7                              write_dgus_vp(0x5808, (u8*)&len, 1);
 271   7                              write_dgus_vp(0x5809, (u8*)&SP_ENG_FONTID, 1);
 272   7                              write_dgus_vp(0x580A, (u8*)&SP_ENG_FONTSIZE, 1);
 273   7      
 274   7                              write_dgus_vp(0x4810, (u8*)&logs[i].value, 1);
 275   7                          }
 276   6                      }break;
 277   5                      case 2:{
 278   6                          if(i == 0){
 279   7                              write_dgus_vp(0x4740, (u8*)&T_COOL_ENG, 10);
 280   7                              len = 20;
 281   7                              write_dgus_vp(0x5748, (u8*)&len, 1);
 282   7                              write_dgus_vp(0x5749, (u8*)&SP_ENG_FONTID, 1);
 283   7                              write_dgus_vp(0x574A, (u8*)&SP_ENG_FONTSIZE, 1);
 284   7      
 285   7                              write_dgus_vp(0x4750, (u8*)&logs[i].value, 1);
 286   7                          }else if(i == 1){
 287   7                              write_dgus_vp(0x4770, (u8*)&T_COOL_ENG, 10);
 288   7                              len = 20;
 289   7                              write_dgus_vp(0x5778, (u8*)&len, 1);
 290   7                              write_dgus_vp(0x5779, (u8*)&SP_ENG_FONTID, 1);
 291   7                              write_dgus_vp(0x577A, (u8*)&SP_ENG_FONTSIZE, 1);
 292   7      
 293   7                              write_dgus_vp(0x4780, (u8*)&logs[i].value, 1);
 294   7                          }else if(i == 2){
 295   7                              write_dgus_vp(0x4800, (u8*)&T_COOL_ENG, 10);
 296   7                              len = 20;
 297   7                              write_dgus_vp(0x5808, (u8*)&len, 1);
 298   7                              write_dgus_vp(0x5809, (u8*)&SP_ENG_FONTID, 1);
 299   7                              write_dgus_vp(0x580A, (u8*)&SP_ENG_FONTSIZE, 1);
 300   7      
C51 COMPILER V9.56.0.0   UI                                                                09/30/2026 19:37:45 PAGE 6   

 301   7                              write_dgus_vp(0x4810, (u8*)&logs[i].value, 1);
 302   7                          }
 303   6                      }break;
 304   5                      case 3:{
 305   6                           if(i == 0){
 306   7                              write_dgus_vp(0x4740, (u8*)&B_TEMP_ENG, 10);
 307   7                              len = 20;
 308   7                              write_dgus_vp(0x5748, (u8*)&len, 1);
 309   7                              write_dgus_vp(0x5749, (u8*)&SP_ENG_FONTID, 1);
 310   7                              write_dgus_vp(0x574A, (u8*)&SP_ENG_FONTSIZE, 1);
 311   7      
 312   7                              write_dgus_vp(0x4750, (u8*)&logs[i].value, 1);
 313   7                          }else if(i == 1){
 314   7                              write_dgus_vp(0x4770, (u8*)&B_TEMP_ENG, 10);
 315   7                              len = 20;
 316   7                              write_dgus_vp(0x5778, (u8*)&len, 1);
 317   7                              write_dgus_vp(0x5779, (u8*)&SP_ENG_FONTID, 1);
 318   7                              write_dgus_vp(0x577A, (u8*)&SP_ENG_FONTSIZE, 1);
 319   7      
 320   7                              write_dgus_vp(0x4780, (u8*)&logs[i].value, 1);
 321   7                          }else if(i == 2){
 322   7                              write_dgus_vp(0x4800, (u8*)&B_TEMP_ENG, 10);
 323   7                              len = 20;
 324   7                              write_dgus_vp(0x5808, (u8*)&len, 1);
 325   7                              write_dgus_vp(0x5809, (u8*)&SP_ENG_FONTID, 1);
 326   7                              write_dgus_vp(0x580A, (u8*)&SP_ENG_FONTSIZE, 1);
 327   7      
 328   7                              write_dgus_vp(0x4810, (u8*)&logs[i].value, 1);
 329   7                          }
 330   6                      }break;
 331   5                      case 4:{
 332   6                          if(i == 0){
 333   7                              write_dgus_vp(0x4740, (u8*)&B_COOL_ENG, 10);
 334   7                              len = 20;
 335   7                              write_dgus_vp(0x5748, (u8*)&len, 1);
 336   7                              write_dgus_vp(0x5749, (u8*)&SP_ENG_FONTID, 1);
 337   7                              write_dgus_vp(0x574A, (u8*)&SP_ENG_FONTSIZE, 1);
 338   7      
 339   7                              write_dgus_vp(0x4750, (u8*)&logs[i].value, 1);
 340   7                          }else if(i == 1){
 341   7                              write_dgus_vp(0x4770, (u8*)&B_COOL_ENG, 10);
 342   7                              len = 20;
 343   7                              write_dgus_vp(0x5778, (u8*)&len, 1);
 344   7                              write_dgus_vp(0x5779, (u8*)&SP_ENG_FONTID, 1);
 345   7                              write_dgus_vp(0x577A, (u8*)&SP_ENG_FONTSIZE, 1);
 346   7      
 347   7                              write_dgus_vp(0x4780, (u8*)&logs[i].value, 1);
 348   7                          }else if(i == 2){
 349   7                              write_dgus_vp(0x4800, (u8*)&B_COOL_ENG, 10);
 350   7                              len = 20;
 351   7                              write_dgus_vp(0x5808, (u8*)&len, 1);
 352   7                              write_dgus_vp(0x5809, (u8*)&SP_ENG_FONTID, 1);
 353   7                              write_dgus_vp(0x580A, (u8*)&SP_ENG_FONTSIZE, 1);
 354   7      
 355   7                              write_dgus_vp(0x4810, (u8*)&logs[i].value, 1);
 356   7                          }
 357   6                      }break;
 358   5                      case 5:{
 359   6                          if(i == 0){
 360   7                              write_dgus_vp(0x4740, (u8*)&DELAY_ENG, 9);
 361   7                              len = 18;
 362   7                              write_dgus_vp(0x5748, (u8*)&len, 1);
C51 COMPILER V9.56.0.0   UI                                                                09/30/2026 19:37:45 PAGE 7   

 363   7                              write_dgus_vp(0x5749, (u8*)&SP_ENG_FONTID, 1);
 364   7                              write_dgus_vp(0x574A, (u8*)&SP_ENG_FONTSIZE, 1);
 365   7      
 366   7                              write_dgus_vp(0x4750, (u8*)&logs[i].value, 1);
 367   7                          }else if(i == 1){
 368   7                              write_dgus_vp(0x4770, (u8*)&DELAY_ENG, 10);
 369   7                              len = 20;
 370   7                              write_dgus_vp(0x5778, (u8*)&len, 1);
 371   7                              write_dgus_vp(0x5779, (u8*)&SP_ENG_FONTID, 1);
 372   7                              write_dgus_vp(0x577A, (u8*)&SP_ENG_FONTSIZE, 1);
 373   7      
 374   7                              write_dgus_vp(0x4780, (u8*)&logs[i].value, 1);
 375   7                          }else if(i == 2){
 376   7                              write_dgus_vp(0x4800, (u8*)&DELAY_ENG, 10);
 377   7                              len = 20;
 378   7                              write_dgus_vp(0x5808, (u8*)&len, 1);
 379   7                              write_dgus_vp(0x5809, (u8*)&SP_ENG_FONTID, 1);
 380   7                              write_dgus_vp(0x580A, (u8*)&SP_ENG_FONTSIZE, 1);
 381   7      
 382   7                              write_dgus_vp(0x4810, (u8*)&logs[i].value, 1);
 383   7                          }
 384   6                      }break;
 385   5                      case 6 : {
 386   6                           if(i == 0){
 387   7                              write_dgus_vp(0x4740, (u8*)&PRESS_ENG, 9);
 388   7                              len = 18;
 389   7                              write_dgus_vp(0x5748, (u8*)&len, 1);
 390   7                              write_dgus_vp(0x5749, (u8*)&SP_ENG_FONTID, 1);
 391   7                              write_dgus_vp(0x574A, (u8*)&SP_ENG_FONTSIZE, 1);
 392   7      
 393   7                              write_dgus_vp(0x4750, (u8*)&logs[i].value, 1);
 394   7                          }else if(i == 1){
 395   7                              write_dgus_vp(0x4770, (u8*)&PRESS_ENG, 10);
 396   7                              len = 20;
 397   7                              write_dgus_vp(0x5778, (u8*)&len, 1);
 398   7                              write_dgus_vp(0x5779, (u8*)&SP_ENG_FONTID, 1);
 399   7                              write_dgus_vp(0x577A, (u8*)&SP_ENG_FONTSIZE, 1);
 400   7      
 401   7                              write_dgus_vp(0x4780, (u8*)&logs[i].value, 1);
 402   7                          }else if(i == 2){
 403   7                              write_dgus_vp(0x4800, (u8*)&PRESS_ENG, 10);
 404   7                              len = 20;
 405   7                              write_dgus_vp(0x5808, (u8*)&len, 1);
 406   7                              write_dgus_vp(0x5809, (u8*)&SP_ENG_FONTID, 1);
 407   7                              write_dgus_vp(0x580A, (u8*)&SP_ENG_FONTSIZE, 1);
 408   7      
 409   7                              write_dgus_vp(0x4810, (u8*)&logs[i].value, 1);
 410   7                          }
 411   6                      }break;
 412   5                  }
 413   4                  }else{
 414   4                      switch(logs[i].type){
 415   5                      case 1:{
 416   6                            if(i == 0){
 417   7                              write_dgus_vp(0x4740, (u8*)&T_TEMP_KOR, 7);
 418   7                              len = 14;
 419   7                              write_dgus_vp(0x5748, (u8*)&len, 1);
 420   7                              write_dgus_vp(0x5749, (u8*)&SP_KOR_FONTID, 1);
 421   7                              write_dgus_vp(0x574A, (u8*)&SP_KOR_FONTSIZE, 1);
 422   7      
 423   7                              write_dgus_vp(0x4750, (u8*)&logs[i].value, 1);
 424   7                          }else if(i == 1){
C51 COMPILER V9.56.0.0   UI                                                                09/30/2026 19:37:45 PAGE 8   

 425   7                              write_dgus_vp(0x4770, (u8*)&T_TEMP_KOR, 7);
 426   7                              len = 14;
 427   7                              write_dgus_vp(0x5778, (u8*)&len, 1);
 428   7                              write_dgus_vp(0x5779, (u8*)&SP_KOR_FONTID, 1);
 429   7                              write_dgus_vp(0x577A, (u8*)&SP_KOR_FONTSIZE, 1);
 430   7      
 431   7                              write_dgus_vp(0x4780, (u8*)&logs[i].value, 1);
 432   7                          }else if(i == 2){
 433   7                              write_dgus_vp(0x4800, (u8*)&T_TEMP_KOR, 7);
 434   7                              len = 14;
 435   7                              write_dgus_vp(0x5808, (u8*)&len, 1);
 436   7                              write_dgus_vp(0x5809, (u8*)&SP_KOR_FONTID, 1);
 437   7                              write_dgus_vp(0x580A, (u8*)&SP_KOR_FONTSIZE, 1);
 438   7      
 439   7                              write_dgus_vp(0x4810, (u8*)&logs[i].value, 1);
 440   7                          }
 441   6                      }break;
 442   5                      case 2:{
 443   6                           if(i == 0){
 444   7                              write_dgus_vp(0x4740, (u8*)&T_COOL_KOR, 7);
 445   7                              len = 14;
 446   7                              write_dgus_vp(0x5748, (u8*)&len, 1);
 447   7                              write_dgus_vp(0x5749, (u8*)&SP_KOR_FONTID, 1);
 448   7                              write_dgus_vp(0x574A, (u8*)&SP_KOR_FONTSIZE, 1);
 449   7      
 450   7                              write_dgus_vp(0x4750, (u8*)&logs[i].value, 1);
 451   7                          }else if(i == 1){
 452   7                              write_dgus_vp(0x4770, (u8*)&T_COOL_KOR, 7);
 453   7                              len = 14;
 454   7                              write_dgus_vp(0x5778, (u8*)&len, 1);
 455   7                              write_dgus_vp(0x5779, (u8*)&SP_KOR_FONTID, 1);
 456   7                              write_dgus_vp(0x577A, (u8*)&SP_KOR_FONTSIZE, 1);
 457   7      
 458   7                              write_dgus_vp(0x4780, (u8*)&logs[i].value, 1);
 459   7                          }else if(i == 2){
 460   7                              write_dgus_vp(0x4800, (u8*)&T_COOL_KOR, 7);
 461   7                              len = 14;
 462   7                              write_dgus_vp(0x5808, (u8*)&len, 1);
 463   7                              write_dgus_vp(0x5809, (u8*)&SP_KOR_FONTID, 1);
 464   7                              write_dgus_vp(0x5780A, (u8*)&SP_KOR_FONTSIZE, 1);
 465   7      
 466   7                              write_dgus_vp(0x4810, (u8*)&logs[i].value, 1);
 467   7                          }
 468   6                      }break;
 469   5                      case 3:{
 470   6                           if(i == 0){
 471   7                              write_dgus_vp(0x4740, (u8*)&B_TEMP_KOR, 7);
 472   7                              len = 14;
 473   7                              write_dgus_vp(0x5748, (u8*)&len, 1);
 474   7                              write_dgus_vp(0x5749, (u8*)&SP_KOR_FONTID, 1);
 475   7                              write_dgus_vp(0x574A, (u8*)&SP_KOR_FONTSIZE, 1);
 476   7      
 477   7                              write_dgus_vp(0x4750, (u8*)&logs[i].value, 1);
 478   7                          }else if(i == 1){
 479   7                              write_dgus_vp(0x4770, (u8*)&B_TEMP_KOR, 7);
 480   7                              len = 14;
 481   7                              write_dgus_vp(0x5778, (u8*)&len, 1);
 482   7                              write_dgus_vp(0x5779, (u8*)&SP_KOR_FONTID, 1);
 483   7                              write_dgus_vp(0x577A, (u8*)&SP_KOR_FONTSIZE, 1);
 484   7      
 485   7                              write_dgus_vp(0x4780, (u8*)&logs[i].value, 1);
 486   7                          }else if(i == 2){
C51 COMPILER V9.56.0.0   UI                                                                09/30/2026 19:37:45 PAGE 9   

 487   7                              write_dgus_vp(0x4800, (u8*)&B_TEMP_KOR, 7);
 488   7                              len = 14;
 489   7                              write_dgus_vp(0x5808, (u8*)&len, 1);
 490   7                              write_dgus_vp(0x5809, (u8*)&SP_KOR_FONTID, 1);
 491   7                              write_dgus_vp(0x580A, (u8*)&SP_KOR_FONTSIZE, 1);
 492   7      
 493   7                              write_dgus_vp(0x4810, (u8*)&logs[i].value, 1);
 494   7                          }
 495   6                      }break;
 496   5                      case 4:{
 497   6                           if(i == 0){
 498   7                              write_dgus_vp(0x4740, (u8*)&B_COOL_KOR, 7);
 499   7                              len = 14;
 500   7                              write_dgus_vp(0x5748, (u8*)&len, 1);
 501   7                              write_dgus_vp(0x5749, (u8*)&SP_KOR_FONTID, 1);
 502   7                              write_dgus_vp(0x574A, (u8*)&SP_KOR_FONTSIZE, 1);
 503   7      
 504   7                              write_dgus_vp(0x4750, (u8*)&logs[i].value, 1);
 505   7                          }else if(i == 1){
 506   7                              write_dgus_vp(0x4770, (u8*)&B_COOL_KOR, 7);
 507   7                              len = 14;
 508   7                              write_dgus_vp(0x5778, (u8*)&len, 1);
 509   7                              write_dgus_vp(0x5779, (u8*)&SP_KOR_FONTID, 1);
 510   7                              write_dgus_vp(0x577A, (u8*)&SP_KOR_FONTSIZE, 1);
 511   7      
 512   7                              write_dgus_vp(0x4780, (u8*)&logs[i].value, 1);
 513   7                          }else if(i == 2){
 514   7                              write_dgus_vp(0x4800, (u8*)&B_COOL_KOR, 7);
 515   7                              len = 14;
 516   7                              write_dgus_vp(0x5808, (u8*)&len, 1);
 517   7                              write_dgus_vp(0x5809, (u8*)&SP_KOR_FONTID, 1);
 518   7                              write_dgus_vp(0x580A, (u8*)&SP_KOR_FONTSIZE, 1);
 519   7      
 520   7                              write_dgus_vp(0x4810, (u8*)&logs[i].value, 1);
 521   7                          }
 522   6                      }break;
 523   5                      case 5:{
 524   6                           if(i == 0){
 525   7                              write_dgus_vp(0x4740, (u8*)&DELAY_KOR, 5);
 526   7                              len = 10;
 527   7                              write_dgus_vp(0x5748, (u8*)&len, 1);
 528   7                              write_dgus_vp(0x5749, (u8*)&SP_KOR_FONTID, 1);
 529   7                              write_dgus_vp(0x574A, (u8*)&SP_KOR_FONTSIZE, 1);
 530   7      
 531   7                              write_dgus_vp(0x4750, (u8*)&logs[i].value, 1);
 532   7                          }else if(i == 1){
 533   7                              write_dgus_vp(0x4770, (u8*)&DELAY_KOR, 5);
 534   7                              len = 10;
 535   7                              write_dgus_vp(0x5778, (u8*)&len, 1);
 536   7                              write_dgus_vp(0x5779, (u8*)&SP_KOR_FONTID, 1);
 537   7                              write_dgus_vp(0x577A, (u8*)&SP_KOR_FONTSIZE, 1);
 538   7      
 539   7                              write_dgus_vp(0x4780, (u8*)&logs[i].value, 1);
 540   7                          }else if(i == 2){
 541   7                              write_dgus_vp(0x4800, (u8*)&DELAY_KOR, 5);
 542   7                              len = 10;
 543   7                              write_dgus_vp(0x5808, (u8*)&len, 1);
 544   7                              write_dgus_vp(0x5809, (u8*)&SP_KOR_FONTID, 1);
 545   7                              write_dgus_vp(0x580A, (u8*)&SP_KOR_FONTSIZE, 1);
 546   7      
 547   7                              write_dgus_vp(0x4810, (u8*)&logs[i].value, 1);
 548   7                          }
C51 COMPILER V9.56.0.0   UI                                                                09/30/2026 19:37:45 PAGE 10  

 549   6                      }break;
 550   5                      case 6 : {
 551   6                           if(i == 0){
 552   7                              write_dgus_vp(0x4740, (u8*)&PRESS_KOR, 5);
 553   7                              len = 10;
 554   7                              write_dgus_vp(0x5748, (u8*)&len, 1);
 555   7                              write_dgus_vp(0x5749, (u8*)&SP_KOR_FONTID, 1);
 556   7                              write_dgus_vp(0x574A, (u8*)&SP_KOR_FONTSIZE, 1);
 557   7      
 558   7                              write_dgus_vp(0x4750, (u8*)&logs[i].value, 1);
 559   7                          }else if(i == 1){
 560   7                              write_dgus_vp(0x4770, (u8*)&PRESS_KOR, 5);
 561   7                              len = 10;
 562   7                              write_dgus_vp(0x5778, (u8*)&len, 1);
 563   7                              write_dgus_vp(0x5779, (u8*)&SP_KOR_FONTID, 1);
 564   7                              write_dgus_vp(0x577A, (u8*)&SP_KOR_FONTSIZE, 1);
 565   7      
 566   7                              write_dgus_vp(0x4780, (u8*)&logs[i].value, 1);
 567   7                          }else if(i == 2){
 568   7                              write_dgus_vp(0x4800, (u8*)&PRESS_KOR, 5);
 569   7                              len = 10;
 570   7                              write_dgus_vp(0x5808, (u8*)&len, 1);
 571   7                              write_dgus_vp(0x5809, (u8*)&SP_KOR_FONTID, 1);
 572   7                              write_dgus_vp(0x580A, (u8*)&SP_KOR_FONTSIZE, 1);
 573   7      
 574   7                              write_dgus_vp(0x4810, (u8*)&logs[i].value, 1);
 575   7                          }
 576   6                      }break;
 577   5                  }
 578   4                  }
 579   3                  
 580   3              }else{
 581   3                  u16 zero = 0;
 582   3                  write_dgus_vp(vpType,(u8*)&zero,1);
 583   3                  write_dgus_vp(vpValue,(u8*)&zero,1);
 584   3              }
 585   2          }
 586   1      
 587   1      }
*** WARNING C280 IN LINE 237 OF source\ui.c: 'vpType': unreferenced local variable
*** WARNING C280 IN LINE 238 OF source\ui.c: 'vpValue': unreferenced local variable
 588          
 589          void addLogtest(u16 type, u16 value)
 590          {
 591   1          int i;
 592   1      
 593   1          if(logCount < LOG_MAX)
 594   1          {
 595   2              logs[logCount].type = type;
 596   2              logs[logCount].value = value;
 597   2      
 598   2              logCount++;
 599   2          }
 600   1          else
 601   1          {
 602   2              for(i = 0; i < LOG_MAX - 1; i++)
 603   2              {
 604   3                  logs[i] = logs[i + 1];
 605   3              }
 606   2      
 607   2              logs[LOG_MAX - 1].type = type;
 608   2              logs[LOG_MAX - 1].value = value;
C51 COMPILER V9.56.0.0   UI                                                                09/30/2026 19:37:45 PAGE 11  

 609   2          }
 610   1      
 611   1          updateLogs();
 612   1      }
 613          
 614          void clearLogs()
 615          {
 616   1          u8 i;
 617   1          logCount = 0;
 618   1      
 619   1          for(i = 0; i < LOG_MAX; i++)
 620   1          {
 621   2              logs[i].type = 0;
 622   2              logs[i].value = 0;
 623   2          }
 624   1      
 625   1          updateLogs();
 626   1      }
 627          
 628          
 629          void check_Start(u16 addr, u16 velue){
 630   1          check_addr = addr;
 631   1          legacy_value = velue;
 632   1          check_active = 1;
 633   1          write_dgus_vp(check_addr, (u8*)&legacy_value, 1);
 634   1          StartTimer(TMR_6, CHECK_TIME); 
 635   1          switch(addr){
 636   2              case VP_SET_TT:{
 637   3                  addLogtest(LOG_TOP_TEMP, velue);
 638   3              }break;
 639   2              case VP_SET_CHTT:{
 640   3                  addLogtest(LOG_TOP_COOL, velue);
 641   3              }break;
 642   2              case VP_SET_TB:{
 643   3                  addLogtest(LOG_BOTTOM_TEMP, velue);
 644   3              }break;
 645   2              case VP_SET_CHTB:{
 646   3                  addLogtest(LOG_BOTTOM_COOL, velue);
 647   3              }break;
 648   2              case VP_SET_H:{
 649   3                  addLogtest(LOG_DELAY, velue);
 650   3              }break;
 651   2              case VP_SET_P:{
 652   3                  addLogtest(LOG_PRESSURE, velue);
 653   3              }break;
 654   2          }
 655   1      }
 656          
 657          void check_End(){
 658   1          check_active = 0;
 659   1          check_count = 0;
 660   1      }
 661          
 662          void write_dgus_vp_check(void) {
 663   1           if (!check_active) return; 
 664   1           if (GetTimeOutFlag(TMR_6)) {
 665   2              read_dgus_vp(check_addr, (u8*)&recoll_value, 1);
 666   2          if(legacy_value == recoll_value){
 667   3              check_End();
 668   3          }else if(check_count < 2){
 669   3              check_Start(check_addr, legacy_value);
 670   3              check_count++;
C51 COMPILER V9.56.0.0   UI                                                                09/30/2026 19:37:45 PAGE 12  

 671   3          }
 672   2          } 
 673   1      }
 674          void UI_Read500ms_Stop(void){
 675   1        read500_enable = 0;
 676   1      }
 677          
 678          static u8 ui_poll_enable = 0;
 679          
 680          
 681          void QuickSettingTextSet(u16 count, u16 select_position){
 682   1          switch(count){
 683   2              case 1:{
 684   3                  switch(select_position){
 685   4                      case 0:{
 686   5                          SetTextColorYellow(0x1003);
 687   5                          SetTextColorYellow(0x1013);
 688   5                          SetTextColorBlue(0x1033);
 689   5                      }break;
 690   4                       case 1:{
 691   5                          SetTextColorYellow(0x1003);
 692   5                          SetTextColorBlue(0x1013);
 693   5                          SetTextColorYellow(0x1033);
 694   5                      }break;
 695   4                       case 2:{
 696   5                          SetTextColorBlue(0x1003);
 697   5                          SetTextColorYellow(0x1013);
 698   5                          SetTextColorYellow(0x1033);
 699   5                 
 700   5                      }break;
 701   4                      
 702   4                      default : {
 703   5                          SetTextColorYellow(0x1003);
 704   5                          SetTextColorYellow(0x1013);
 705   5                          SetTextColorYellow(0x1033);
 706   5                      }break;
 707   4                  }
 708   3              }break;
 709   2      
 710   2              case 2:{
 711   3                  SetTextColorBlue(0x1053);
 712   3              }break;
 713   2      
 714   2              case 3:{
 715   3                   switch(select_position){
 716   4                      case 0:{
 717   5                             SetTextColorYellow(0x1063);
 718   5                          SetTextColorYellow(0x1073);
 719   5                          SetTextColorBlue(0x1083);
 720   5                      }break;
 721   4                       case 1:{
 722   5                          SetTextColorYellow(0x1063);
 723   5                          SetTextColorBlue(0x1073);
 724   5                          SetTextColorYellow(0x1083);
 725   5                      }break;
 726   4                       case 2:{
 727   5                            SetTextColorBlue(0x1063);
 728   5                          SetTextColorYellow(0x1073);
 729   5                          SetTextColorYellow(0x1083);
 730   5                      }break;
 731   4                      default : {
 732   5                          SetTextColorYellow(0x1063);
C51 COMPILER V9.56.0.0   UI                                                                09/30/2026 19:37:45 PAGE 13  

 733   5                          SetTextColorYellow(0x1073);
 734   5                          SetTextColorYellow(0x1083);
 735   5                      }break;
 736   4                  }
 737   3              }break;
 738   2               case 4:{
 739   3                    switch(select_position){
 740   4                      case 0:{
 741   5                          SetTextColorBlue(0x1113);
 742   5                          SetTextColorYellow(0x1133);
 743   5                      }break;
 744   4                       case 1:{
 745   5                          SetTextColorYellow(0x1113);
 746   5                          SetTextColorBlue(0x1133);
 747   5                      }break;
 748   4                      default : {
 749   5                          SetTextColorYellow(0x1113);
 750   5                          SetTextColorYellow(0x1133);
 751   5                      }break;
 752   4                  }
 753   3              }break;
 754   2          }
 755   1      }
 756          
 757          void select_num(u16 page, u16 count) { // 텍스트 색 설정
 758   1          switch (page) {
 759   2              case 16: {
 760   3                  if (count == 0) {
 761   4                      SetTextColorBlack(0x1153);
 762   4                      SetTextColorBlack(0x1163);
 763   4                      SetTextColorBlue(0x1173);
 764   4                  } else if (count == 1) {
 765   4                      SetTextColorBlack(0x1153);
 766   4                      SetTextColorBlue(0x1163);
 767   4                      SetTextColorBlack(0x1173);
 768   4                  } else if (count == 2) {
 769   4                         SetTextColorBlue(0x1153);
 770   4                      SetTextColorBlack(0x1163);
 771   4                      SetTextColorBlack(0x1173);
 772   4                  } else {
 773   4                      SetTextColorBlack(0x1153);
 774   4                      SetTextColorBlack(0x1163);
 775   4                      SetTextColorBlack(0x1173);
 776   4                  }
 777   3                  if (count == 3) {
 778   4                      ChangeImage(0x2180, 1);
 779   4                  } else {
 780   4                      ChangeImage(0x2180, 0);
 781   4                  }
 782   3              } break;
 783   2      
 784   2              case 51:{
 785   3                  if (count == 0) {
 786   4                      SetTextColorBlack(0x1153);
 787   4                      SetTextColorBlack(0x1163);
 788   4                      SetTextColorBlue(0x1173);
 789   4                  } else if (count == 1) {
 790   4                      SetTextColorBlack(0x1153);
 791   4                      SetTextColorBlue(0x1163);
 792   4                      SetTextColorBlack(0x1173);
 793   4                  } else if (count == 2) {
 794   4                         SetTextColorBlue(0x1153);
C51 COMPILER V9.56.0.0   UI                                                                09/30/2026 19:37:45 PAGE 14  

 795   4                      SetTextColorBlack(0x1163);
 796   4                      SetTextColorBlack(0x1173);
 797   4                  } else {
 798   4                      SetTextColorBlack(0x1153);
 799   4                      SetTextColorBlack(0x1163);
 800   4                      SetTextColorBlack(0x1173);
 801   4                  }
 802   3                  if (count == 3) {
 803   4                      ChangeImage(0x2180, 1);
 804   4                  } else {
 805   4                      ChangeImage(0x2180, 0);
 806   4                  }
 807   3              }break;
 808   2      
 809   2              case 17: {
 810   3                  if (count == 0) {
 811   4                      SetTextColorBlack(0x1193);
 812   4                      SetTextColorBlue(0x1203);
 813   4                      
 814   4                  } else if (count == 1) {
 815   4                      SetTextColorBlue(0x1193);
 816   4                      SetTextColorBlack(0x1203);
 817   4                  }else if (count == 2) {
 818   4                      SetTextColorBlack(0x1193);
 819   4                      SetTextColorBlack(0x1203);
 820   4                  }
 821   3      
 822   3                  if (count == 2) {
 823   4                      ChangeImage(0x2210, 1);
 824   4                  } else {
 825   4                      ChangeImage(0x2210, 0);
 826   4                  }
 827   3              } break;
 828   2      
 829   2              case 52: {
 830   3                  if (count == 0) {
 831   4                      SetTextColorBlack(0x1193);
 832   4                      SetTextColorBlue(0x1203);
 833   4                      
 834   4                  } else if (count == 1) {
 835   4                      SetTextColorBlue(0x1193);
 836   4                      SetTextColorBlack(0x1203);
 837   4                  }else if (count == 2) {
 838   4                      SetTextColorBlack(0x1193);
 839   4                      SetTextColorBlack(0x1203);
 840   4                  }
 841   3      
 842   3                  if (count == 2) {
 843   4                      ChangeImage(0x2210, 1);
 844   4                  } else {
 845   4                      ChangeImage(0x2210, 0);
 846   4                  }
 847   3              } break;
 848   2      
 849   2              case 18: {
 850   3                  if (count == 0) {
 851   4                      SetTextColorBlack(0x1223);
 852   4                      SetTextColorBlack(0x9083);
 853   4                      SetTextColorBlue(0x9093);
 854   4                  } else if (count == 1) {
 855   4                      SetTextColorBlack(0x1223);
 856   4                      SetTextColorBlue(0x9083);
C51 COMPILER V9.56.0.0   UI                                                                09/30/2026 19:37:45 PAGE 15  

 857   4                      SetTextColorBlack(0x9093);
 858   4                  } else if (count == 2) {
 859   4                    
 860   4                      SetTextColorBlue(0x1223);
 861   4                      SetTextColorBlack(0x9083);
 862   4                      SetTextColorBlack(0x9093);
 863   4                  } else {
 864   4                      SetTextColorBlack(0x1223);
 865   4                      SetTextColorBlack(0x9083);
 866   4                      SetTextColorBlack(0x9093);
 867   4                  }
 868   3      
 869   3                  if (count == 3) {
 870   4                      ChangeImage(0x3930, 1);
 871   4                  } else {
 872   4                      ChangeImage(0x3930, 0);
 873   4                  }
 874   3              } break;
 875   2      
 876   2              case 19: {
 877   3                  if (count == 0) {
 878   4                      SetTextColorBlack(0x1263);
 879   4                      SetTextColorBlack(0x1273);
 880   4                      SetTextColorBlue(0x1283);
 881   4                  } else if (count == 1) {
 882   4                      SetTextColorBlack(0x1263);
 883   4                      SetTextColorBlue(0x1273);
 884   4                      SetTextColorBlack(0x1283);
 885   4                  } else if (count == 2) {
 886   4                      SetTextColorBlue(0x1263);
 887   4                      SetTextColorBlack(0x1273);
 888   4                      SetTextColorBlack(0x1283);
 889   4                  } else {
 890   4                      SetTextColorBlack(0x1263);
 891   4                      SetTextColorBlack(0x1273);
 892   4                      SetTextColorBlack(0x1283);
 893   4                  }
 894   3      
 895   3                  if (count == 3) {
 896   4                      ChangeImage(0x2290, 1);
 897   4                  } else {
 898   4                      ChangeImage(0x2290, 0);
 899   4                  }
 900   3              } break;
 901   2      
 902   2              case 53: {
 903   3                  if (count == 0) {
 904   4                      SetTextColorBlack(0x1263);
 905   4                      SetTextColorBlack(0x1273);
 906   4                      SetTextColorBlue(0x1283);
 907   4                  } else if (count == 1) {
 908   4                      SetTextColorBlack(0x1263);
 909   4                      SetTextColorBlue(0x1273);
 910   4                      SetTextColorBlack(0x1283);
 911   4                  } else if (count == 2) {
 912   4                      SetTextColorBlue(0x1263);
 913   4                      SetTextColorBlack(0x1273);
 914   4                      SetTextColorBlack(0x1283);
 915   4                  } else {
 916   4                      SetTextColorBlack(0x1263);
 917   4                      SetTextColorBlack(0x1273);
 918   4                      SetTextColorBlack(0x1283);
C51 COMPILER V9.56.0.0   UI                                                                09/30/2026 19:37:45 PAGE 16  

 919   4                  }
 920   3      
 921   3                  if (count == 3) {
 922   4                      ChangeImage(0x2290, 1);
 923   4                  } else {
 924   4                      ChangeImage(0x2290, 0);
 925   4                  }
 926   3              } break;
 927   2      
 928   2              case 20: {
 929   3                  if (count == 0) {
 930   4                      SetTextColorBlack(0x1303);
 931   4                      SetTextColorBlue(0x1313);
 932   4                  } else if (count == 1) {
 933   4                      SetTextColorBlue(0x1303);
 934   4                      SetTextColorBlack(0x1313);
 935   4                  } else if (count == 2) {    
 936   4                      SetTextColorBlack(0x1303);
 937   4                      SetTextColorBlack(0x1313);
 938   4                  }
 939   3                  if (count == 2) {
 940   4                      ChangeImage(0x2320, 1);
 941   4                  } else {
 942   4                      ChangeImage(0x2320, 0);
 943   4                  }
 944   3              } break;
 945   2      
 946   2              case 54: {
 947   3                  if (count == 0) {
 948   4                      SetTextColorBlack(0x1303);
 949   4                      SetTextColorBlue(0x1313);
 950   4                  } else if (count == 1) {
 951   4                      SetTextColorBlue(0x1303);
 952   4                      SetTextColorBlack(0x1313);
 953   4                  } else if (count == 2) {    
 954   4                      SetTextColorBlack(0x1303);
 955   4                      SetTextColorBlack(0x1313);
 956   4                  }
 957   3                  if (count == 2) {
 958   4                      ChangeImage(0x2320, 1);
 959   4                  } else {
 960   4                      ChangeImage(0x2320, 0);
 961   4                  }
 962   3              } break;
 963   2      
 964   2              case 21: {
 965   3                  if (count == 0) {
 966   4                      SetTextColorBlack(0x1333);
 967   4                      SetTextColorBlack(0x1343);
 968   4                      SetTextColorBlue(0x1353);
 969   4                  } else if (count == 1) {
 970   4                      SetTextColorBlack(0x1333);
 971   4                      SetTextColorBlue(0x1343);
 972   4                      SetTextColorBlack(0x1353);
 973   4                  } else if (count == 2) {
 974   4                      SetTextColorBlue(0x1333);
 975   4                      SetTextColorBlack(0x1343);
 976   4                      SetTextColorBlack(0x1353);
 977   4                  } else {
 978   4                      SetTextColorBlack(0x1333);
 979   4                      SetTextColorBlack(0x1343);
 980   4                      SetTextColorBlack(0x1353);
C51 COMPILER V9.56.0.0   UI                                                                09/30/2026 19:37:45 PAGE 17  

 981   4                  }
 982   3      
 983   3                  if (count == 3) {
 984   4                      ChangeImage(0x2360, 1);
 985   4                  } else {
 986   4                      ChangeImage(0x2360, 0);
 987   4                  }
 988   3              } break;
 989   2      
 990   2              case 22: {
 991   3                  if (count == 0) {
 992   4                      SetTextColorBlue(0x1373);
 993   4                      SetTextColorBlack(0x1383);
 994   4                  } else if (count == 1) {
 995   4                      SetTextColorBlack(0x1373);
 996   4                      SetTextColorBlue(0x1383);
 997   4                  } else {
 998   4                      SetTextColorBlack(0x1373);
 999   4                      SetTextColorBlack(0x1383);
1000   4                  }
1001   3      
1002   3                  if (count == 2) {
1003   4                      ChangeImage(0x2390, 1);
1004   4                  } else {
1005   4                      ChangeImage(0x2390, 0);
1006   4                  }
1007   3              } break;
1008   2      
1009   2              case 55: {
1010   3                  if (count == 0) {
1011   4                      SetTextColorBlue(0x1373);
1012   4                      SetTextColorBlack(0x1383);
1013   4                  } else if (count == 1) {
1014   4                      SetTextColorBlack(0x1373);
1015   4                      SetTextColorBlue(0x1383);
1016   4                  } else {
1017   4                      SetTextColorBlack(0x1373);
1018   4                      SetTextColorBlack(0x1383);
1019   4                  }
1020   3      
1021   3                  if (count == 2) {
1022   4                      ChangeImage(0x2390, 1);
1023   4                  } else {
1024   4                      ChangeImage(0x2390, 0);
1025   4                  }
1026   3              } break;
1027   2      
1028   2      
1029   2              case 23: {
1030   3                  if (count == 1) {
1031   4                      SetTextColorBlack(0x1403);
1032   4                      ChangeImage(0x2410, 1);
1033   4                  } else {
1034   4                      SetTextColorBlue(0x1403);
1035   4                      ChangeImage(0x2410, 0);
1036   4                  }
1037   3              } break;
1038   2      
1039   2              case 56: {
1040   3                  if (count == 1) {
1041   4                      SetTextColorBlack(0x1403);
1042   4                      ChangeImage(0x2410, 1);
C51 COMPILER V9.56.0.0   UI                                                                09/30/2026 19:37:45 PAGE 18  

1043   4                  } else {
1044   4                      SetTextColorBlue(0x1403);
1045   4                      ChangeImage(0x2410, 0);
1046   4                  }
1047   3              } break;
1048   2          }
1049   1      }
1050          
1051          // 이미지 변경 (vp 주소 / 아이콘 id)
1052          void ChangeImage(u16 vp, u16 icon_id) {
1053   1          u16 value = icon_id;
1054   1          write_dgus_vp(vp, (u8*)&value, 1);
1055   1      }
1056          
1057          void Page_Change_Handler(u8 n) {
1058   1          // if(!APP_ACK) return;   // 준비 전엔 그냥 무시
1059   1          page_set[0] = 0x5A;
1060   1          page_set[1] = 0x01;
1061   1          page_set[2] = 0x00;
1062   1          page_set[3] = Page[n];
1063   1          write_dgus_vp(0x0084, page_set, 2);
1064   1      }
1065          
1066          void Page_Change_UI(u8 i){
1067   1          page_number = i;
1068   1          Page_Change_Handler(page_number);
1069   1      }
1070          
1071          void admin_page_change(){
1072   1          switch(adminSP){
1073   2              case 0:{
1074   3                  SetTextColorYellow(0x5063);
1075   3                  SetTextColorWhite(0x5073);
1076   3                  SetTextColorWhite(0x5083);
1077   3                  SetTextColorWhite(0x5093);
1078   3                  SetTextColorWhite(0x5103);
1079   3                  SetTextColorWhite(0x5113);
1080   3                  SetTextColorWhite(0x5123);
1081   3                  SetTextColorWhite(0x5133);
1082   3                  SetTextColorWhite(0x5143);
1083   3                  SetTextColorWhite(0x5153);
1084   3                  Page_Change_UI(adminUserSetting[admin_language]);
1085   3                  write_dgus_vp(0x4070, (u8*)&toptempmin, 1); 
1086   3                  write_dgus_vp(0x4080, (u8*)&toptempmax, 1); 
1087   3                  write_dgus_vp(0x4100, (u8*)&bottempmin, 1); 
1088   3                  write_dgus_vp(0x4110, (u8*)&bottempmax, 1); 
1089   3                  write_dgus_vp(0x4130, (u8*)&pressmin, 1); 
1090   3                  write_dgus_vp(0x4140, (u8*)&pressmax, 1); 
1091   3                  write_dgus_vp(0x4160, (u8*)&delaymin, 1); 
1092   3                  write_dgus_vp(0x4170, (u8*)&delaymax, 1); 
1093   3              }break;
1094   2              case 1:{
1095   3                  SetTextColorYellow(0x5193);
1096   3                  SetTextColorWhite(0x5213);
1097   3                  SetTextColorWhite(0x5233);
1098   3                  SetTextColorWhite(0x5253);
1099   3                  SetTextColorWhite(0x5273);
1100   3                  SetTextColorWhite(0x5293);
1101   3                  Page_Change_UI(adminIOTest[admin_language]);
1102   3              }break;
1103   2              case 2:{
1104   3                  SetTextColorYellow(0x5343);
C51 COMPILER V9.56.0.0   UI                                                                09/30/2026 19:37:45 PAGE 19  

1105   3                  SetTextColorWhite(0x5353);
1106   3                  Page_Change_UI(adminFactoryResetNotice[admin_language]);
1107   3              }break;
1108   2              case 3:{
1109   3                  SetTextColorYellow(0x5373);
1110   3                  SetTextColorWhite(0x5383);
1111   3                  Page_Change_UI(adminLogError[admin_language]);
1112   3              }break;
1113   2              case 4:{
1114   3                  write_dgus_vp(0x4430, (u8*)&temp_H ,1);
1115   3                  write_dgus_vp(0x4440, (u8*)&temp_M ,1);
1116   3                  write_dgus_vp(0x4450, (u8*)&temp_S ,1);
1117   3                  
1118   3                  write_dgus_vp(0x4470, (u8*)&pump_H ,1);
1119   3                  write_dgus_vp(0x4480, (u8*)&pump_M ,1);
1120   3                  write_dgus_vp(0x4490, (u8*)&pump_S ,1);
1121   3          
1122   3                  write_dgus_vp(0x4510, (u8*)&fan_H ,1);
1123   3                  write_dgus_vp(0x4520, (u8*)&fan_M ,1);
1124   3                  write_dgus_vp(0x4530, (u8*)&fan_S ,1);
1125   3                  Page_Change_UI(adminMaintenance[admin_language]);
1126   3              }break;
1127   2              case 5:{
1128   3                  SetTextColorYellow(0x5553);
1129   3                  SetTextColorWhite(0x5563);
1130   3                  SetTextColorWhite(0x5573);
1131   3                  Page_Change_UI(adminLanguage[admin_language]);
1132   3              }break;
1133   2              case 6:{
1134   3                  Page_Change_UI(adminCompany[admin_language]);
1135   3              }break;
1136   2              case 7:{
1137   3                  SetTextColorYellow(0x5593);
1138   3                  SetTextColorWhite(0x5603);
1139   3                  SetTextColorWhite(0x5613);
1140   3                  SetTextColorWhite(0x5623);
1141   3                  SetTextColorWhite(0x5633);
1142   3                  SetTextColorWhite(0x5643);
1143   3                  write_dgus_vp(0x4590, (u8*)&EngineerPw1, 1);
1144   3                  write_dgus_vp(0x4600, (u8*)&EngineerPw2, 1);
1145   3                  write_dgus_vp(0x4610, (u8*)&EngineerPw3, 1);
1146   3                  write_dgus_vp(0x4620, (u8*)&EngineerPw4, 1);
1147   3                  write_dgus_vp(0x4630, (u8*)&EngineerPw5, 1);
1148   3                  write_dgus_vp(0x4640, (u8*)&EngineerPw6, 1);
1149   3                  Page_Change_UI(adminEngineermod[admin_language]);
1150   3              }break;
1151   2      
1152   2              case 8:{
1153   3                  admininit();
1154   3                  Page_Change_UI(main7[admin_language]);
1155   3              }break;
1156   2          }
1157   1      
1158   1      }
1159          
1160          void quickSettingInIt() {
1161   1          //탑 세팅온도
1162   1          SetTextColorWhite(0x1003);
1163   1          SetTextColorWhite(0x1013);
1164   1          SetTextColorWhite(0x1033);
1165   1          // 압력
1166   1          SetTextColorWhite(0x1043);
C51 COMPILER V9.56.0.0   UI                                                                09/30/2026 19:37:45 PAGE 20  

1167   1          SetTextColorWhite(0x1053);
1168   1          //바텀 세팅온도
1169   1          SetTextColorWhite(0x1063);
1170   1          SetTextColorWhite(0x1073);
1171   1          SetTextColorWhite(0x1083);
1172   1          // 시간
1173   1          SetTextColorWhite(0x1113);
1174   1          SetTextColorWhite(0x1133);
1175   1          SetTextColorWhite(0x9273);
1176   1      
1177   1          ChangeImage(0x3000, 0);
1178   1      }
1179          
1180          void Page21Functioning(u16 count) {
1181   1          if (count == 1) {
1182   2              SetTextColorYellow(0x1003);
1183   2              SetTextColorYellow(0x1013);
1184   2              SetTextColorYellow(0x1033);
1185   2              ChangeImage(0x3000, 1);
1186   2          } else if (count == 2) {
1187   2              SetTextColorYellow(0x1043);
1188   2              SetTextColorYellow(0x1053);
1189   2          } else if (count == 3) {
1190   2              SetTextColorYellow(0x1063);
1191   2              SetTextColorYellow(0x1073);
1192   2              SetTextColorYellow(0x1083);
1193   2              ChangeImage(0x3000, 2);
1194   2          } else if (count == 4) {
1195   2              SetTextColorYellow(0x1113);
1196   2              SetTextColorYellow(0x1133);
1197   2          }
1198   1      }
1199          
1200          #define TMR_1S 5 // 여유 채널 번호로 바꿔도 됨
1201          #define ONE_SEC 1000 // 1초(ms)
1202          #define TMR_S2 8 // 여유 채널 번호로 바꿔도 됨
1203          #define SEC2 500 // 1초(ms)
1204          static u8 sec_active = 0; 
1205          static u16 sec_value = 0;
1206          static u16 time_result = 0;
1207          static u16 elapsed_time = 0;
1208          static u16 timer = 0;
1209          
1210          static void ShowMMSS(u16 t) { 
1211   1          u16 m = t / 60; 
1212   1          u16 s = t % 60; 
1213   1          write_dgus_vp(0x2110, (u8*)&m, 1); 
1214   1          write_dgus_vp(0x2130, (u8*)&s, 1); 
1215   1      }
1216          static void ShowMMSS2(u16 t) { 
1217   1          u16 m = t / 60; 
1218   1          u16 s = t % 60; 
1219   1          write_dgus_vp(0x3100, (u8*)&m, 1); 
1220   1          write_dgus_vp(0x3200, (u8*)&s, 1); 
1221   1      }
1222          
1223          void SecCnt_Start() {
1224   1          sec_active = 1; 
1225   1          SetTextColorYellow(0x1103);
1226   1          SetTextColorYellow(0x1113);
1227   1          SetTextColorYellow(0x1123);
1228   1          SetTextColorYellow(0x1133);
C51 COMPILER V9.56.0.0   UI                                                                09/30/2026 19:37:45 PAGE 21  

1229   1          read_dgus_vp(VP_SET_H, (u8*)&timer, 1); 
1230   1          StartTimer(TMR_1S, ONE_SEC); 
1231   1      }
1232          
1233          void SecCnt_Stop(void) { 
1234   1          sec_active = 0;
1235   1          SetTextColorWhite(0x1103);
1236   1          SetTextColorWhite(0x1113);
1237   1          SetTextColorWhite(0x1123);
1238   1          SetTextColorWhite(0x1133);
1239   1      }
1240          
1241          
1242          void SecCnt_TickTask(void) {
1243   1           if (!sec_active){
1244   2              SetTextColorWhite(0x1103);
1245   2              return; 
1246   2           } 
1247   1           if (GetTimeOutFlag(TMR_1S)) {
1248   2             timer--;
1249   2             ShowMMSS2(timer);
1250   2                if (timer <= 0) { 
1251   3                  SecCnt_Stop();
1252   3               } else { 
1253   3                  StartTimer(TMR_1S, ONE_SEC); 
1254   3              } 
1255   2          } 
1256   1      }
1257          
1258          void data_set_Init(void) {
1259   1          u16 result = 0;
1260   1        
1261   1        u16 h;
1262   1          u16 m;
1263   1          u16 s;
1264   1      
1265   1          h = 0;
1266   1          m = 0;
1267   1          s = 0;
1268   1      
1269   1      
1270   1          read_dgus_vp(VP_SET_P, (u8*)&press, 1);
1271   1      
1272   1          //상판 설정 온도
1273   1          read_dgus_vp(VP_SET_TT, (u8*)&result, 1);
1274   1          TT100 = result / 100;
1275   1          TT10   = (result / 10) % 10;
1276   1          TT1     = result % 10;
1277   1      
1278   1          write_dgus_vp(0X2000, (u8*)&TT100, 1);
1279   1          write_dgus_vp(0x2010, (u8*)&TT10,     1);
1280   1          write_dgus_vp(0x2030, (u8*)&TT1,     1);
1281   1          write_dgus_vp(0X2150, (u8*)&TT100, 1);
1282   1          write_dgus_vp(0x2160, (u8*)&TT10,     1);
1283   1          write_dgus_vp(0x2170, (u8*)&TT1,     1);
1284   1      
1285   1          read_dgus_vp(VP_SET_TB, (u8*)&result, 1);
1286   1          BT100 = result / 100;
1287   1          BT10   = (result / 10) % 10;
1288   1          BT1     = result % 10;
1289   1      
1290   1          write_dgus_vp(0x2060, (u8*)&BT100, 1);
C51 COMPILER V9.56.0.0   UI                                                                09/30/2026 19:37:45 PAGE 22  

1291   1          write_dgus_vp(0x2070, (u8*)&BT10,     1);
1292   1          write_dgus_vp(0x2080, (u8*)&BT1 ,     1);
1293   1          write_dgus_vp(0x2260, (u8*)&BT100, 1);
1294   1          write_dgus_vp(0x2270, (u8*)&BT10,     1);
1295   1          write_dgus_vp(0x2280, (u8*)&BT1 ,     1);
1296   1      
1297   1          read_dgus_vp(VP_SET_H, (u8*)&time_result, 1); 
1298   1          ShowMMSS(time_result);  
1299   1          min = result / 60;
1300   1          second = result % 60;
1301   1          write_dgus_vp(0x2110, (u8*)&min,    2);
1302   1          write_dgus_vp(0x2120, (u8*)&second ,     2);
1303   1          write_dgus_vp(0x2370, (u8*)&min,    2);
1304   1          write_dgus_vp(0x2380, (u8*)&second ,     2);
1305   1      
1306   1          read_dgus_vp(VP_SET_CHTT, (u8*)&result, 1);
1307   1          TC10   = (result / 10) % 10;
1308   1          TC1     = result % 10;
1309   1          write_dgus_vp(0x2190, (u8*)&TC10,    2);
1310   1          write_dgus_vp(0x2200, (u8*)&TC1 ,     2);
1311   1      
1312   1      
1313   1          read_dgus_vp(VP_SET_CHTB, (u8*)&result, 1);
1314   1          BC10   = (result / 10) % 10;
1315   1          BC1     = result % 10;
1316   1          write_dgus_vp(0x2300, (u8*)&TC10,    2);
1317   1          write_dgus_vp(0x2310, (u8*)&TC1 ,     2);
1318   1      
1319   1          SetTextColorWhite(0x9273);
1320   1      
1321   1          read_dgus_vp(VP_USERSETTING_TOP_TEMP_MAX, (u8*)&result, 1);
1322   1          write_dgus_vp(0x4080, (u8*)&result,    2);
1323   1      
1324   1          read_dgus_vp(VP_USERSETTING_TOP_TEMP_MIN, (u8*)&result, 1);
1325   1          write_dgus_vp(0x4070, (u8*)&result,    2);
1326   1      
1327   1          read_dgus_vp(VP_USERSETTING_BOT_TEMP_MAX , (u8*)&result, 1);
1328   1          write_dgus_vp(0x4110, (u8*)&result,    2);
1329   1      
1330   1          read_dgus_vp(VP_USERSETTING_BOT_TEMP_MIN , (u8*)&result, 1);
1331   1          write_dgus_vp(0x4100, (u8*)&result,    2);
1332   1      
1333   1          read_dgus_vp(VP_USERSETTING_PRES_MAX , (u8*)&result, 1);
1334   1          write_dgus_vp(0x4140, (u8*)&result,    2);
1335   1      
1336   1          read_dgus_vp(VP_USERSETTING_PRES_MIN , (u8*)&result, 1);
1337   1          write_dgus_vp(0x4130, (u8*)&result,    2);
1338   1      
1339   1           read_dgus_vp(VP_USERSETTING_DELAY_MAX  , (u8*)&result, 1);
1340   1          write_dgus_vp(0x4170, (u8*)&result,    2);
1341   1      
1342   1           read_dgus_vp(VP_USERSETTING_DELAY_MIN  , (u8*)&result, 1);
1343   1          write_dgus_vp(0x4160, (u8*)&result,    2);
1344   1      
1345   1           read_dgus_vp(VP_ENGINEERMODE_SENSER  , (u8*)&result, 1);
1346   1          write_dgus_vp(0x4700, (u8*)&result,    2);
1347   1      
1348   1           read_dgus_vp(VP_ENGINEERMODE_PRES  , (u8*)&result, 1);
1349   1          write_dgus_vp(0x4720, (u8*)&result,    2);
1350   1      
1351   1      
1352   1          read_dgus_vp(VP_WORK_HEATING, (u8*)&t_rampMs, 1);
C51 COMPILER V9.56.0.0   UI                                                                09/30/2026 19:37:45 PAGE 23  

1353   1          read_dgus_vp(VP_WORK_HOLDING, (u8*)&t_holdMs, 1);
1354   1          read_dgus_vp(VP_WORK_COOLING, (u8*)&t_coolMs, 1);
1355   1      
1356   1          h = t_rampMs / 3600;
1357   1          m  = (t_rampMs % 3600) / 60;
1358   1          s  = t_rampMs % 60;
1359   1      
1360   1          write_dgus_vp(0x4430, (u8*)&h ,     1);
1361   1          write_dgus_vp(0x4440, (u8*)&m ,     1);
1362   1          write_dgus_vp(0x4450, (u8*)&s ,     1);
1363   1      
1364   1          h = t_holdMs / 3600;
1365   1          m  = (t_holdMs % 3600) / 60;
1366   1          s  = t_holdMs % 60;
1367   1      
1368   1          write_dgus_vp(0x4470, (u8*)&h ,     1);
1369   1          write_dgus_vp(0x4480, (u8*)&m ,     1);
1370   1          write_dgus_vp(0x4490, (u8*)&s ,     1);
1371   1      
1372   1          h = t_coolMs / 3600;
1373   1          m  = (t_coolMs % 3600) / 60;
1374   1          s  = t_coolMs % 60;
1375   1      
1376   1          write_dgus_vp(0x4510, (u8*)&h ,     1);
1377   1          write_dgus_vp(0x4520, (u8*)&m ,     1);
1378   1          write_dgus_vp(0x4530, (u8*)&s ,     1);
1379   1      
1380   1      
1381   1          
1382   1      }
1383          
1384          void encoder_page_change(u16 state)
1385          {
1386   1          u16 keep = 0;
1387   1          u16 result = 0;
1388   1      
1389   1         
1390   1          u16 f_ready, f_start, f_tempon, f_cooling, f_deleay, f_toptemp, f_bottemp,f_topcool,f_botcool, f_stop,
             -f_run,f_pump,f_outpump,f_sensor_err;   
1391   1          static u8 enc_busy = 0;  
1392   1          static u8 select_flag    = 0;  // 타입 보강
1393   1          static u8 select_position = 0; // 타입 보강
1394   1          
1395   1          static u8 topSelectflag = 0;
1396   1        static u8 botSelectflag = 0;
1397   1          static u8 quickSettingflag = 0; 
1398   1        static u8 quickSettingS = 0;
1399   1          static u16 hundred_velue = 0; 
1400   1          static u16 ten_velue = 0;
1401   1        static u16 one_velue = 0;
1402   1      
1403   1      
1404   1          static settingflag      = 0;
1405   1          static u16 flags = 0;
1406   1      
1407   1          if (enc_busy && GetTimeOutFlag(TMR_ENCODER)) {
1408   2              enc_busy = 0;
1409   2          }
1410   1      
1411   1          if ((state == 1 || state == 2) && enc_busy) {
1412   2              return;
1413   2          }
C51 COMPILER V9.56.0.0   UI                                                                09/30/2026 19:37:45 PAGE 24  

1414   1          read_dgus_vp(VP_FLAGS, (u8*)&flags, 1);
1415   1      
1416   1          f_ready = (flags & FLAG_READY)   ? 1 : 0;
1417   1          f_start = (flags & FLAG_START)   ? 1 : 0;
1418   1          f_stop = (flags & FLAG_STOP)   ? 1 : 0;
1419   1          f_run = (flags & FLAG_RUN)   ? 1 : 0;
1420   1          f_pump = (flags & FLAG_PUMP)   ? 1 : 0;
1421   1          f_tempon = (flags & FLAG_TEMPON)? 1 : 0;
1422   1          f_cooling = (flags & FLAG_COOLING)? 1 : 0;
1423   1          f_deleay = (flags & FLAG_DELEAY)? 1 : 0;
1424   1          f_toptemp = (flags & FLAG_TOPTEMP)? 1 : 0;
1425   1          f_bottemp = (flags & FLAG_BOTTEMP)? 1 : 0;
1426   1          f_topcool = (flags & FLAG_TOPFAN)? 1:0;
1427   1          f_botcool = (flags & FLAG_BOTFAN)? 1:0;
1428   1          f_outpump = (flags & FLAG_OUTPUMP)   ? 1 : 0;
1429   1          f_sensor_err = (flags & FLAG_SENSOR_ERR)   ? 1 : 0;
1430   1      
1431   1      
1432   1          if(f_toptemp == 1){
1433   2              u16 color = 0xC044;
1434   2              write_dgus_vp(0x1423, (u8*)&color, 1);  
1435   2          }else if(f_topcool == 1){
1436   2              u16 color = 0x051C;
1437   2              write_dgus_vp(0x1423, (u8*)&color, 1);  
1438   2          }else{
1439   2               u16 color = 0xCE59;
1440   2              write_dgus_vp(0x1423, (u8*)&color, 1);  
1441   2          }
1442   1      
1443   1          if(f_bottemp == 1){
1444   2               u16 color = 0xC044;
1445   2               write_dgus_vp(0x1433, (u8*)&color, 1);  
1446   2          }else if(f_botcool == 1){
1447   2               u16 color = 0x051C;
1448   2               write_dgus_vp(0x1433, (u8*)&color, 1);  
1449   2          }else{
1450   2               u16 color = 0xCE59;
1451   2              write_dgus_vp(0x1433, (u8*)&color, 1);  
1452   2          }
1453   1      
1454   1          if(f_deleay == 1&&deleay_flag==0){
1455   2              SecCnt_Start();
1456   2              deleay_flag = 1;
1457   2          }
1458   1      
1459   1          if(page_number == 24 && page24_flag == 0){
1460   2              read_dgus_vp(VP_SET_H, (u8*)&timer, 1);
1461   2              ShowMMSS2(timer);
1462   2              page24_flag = 1;
1463   2          }
1464   1      
1465   1          if(f_ready==1&& start_flag == 1){
1466   2                  Page_Change_UI(workPageN);
1467   2                   read_dgus_vp(VP_SET_H, (u8*)&result,    1);
1468   2                   min = result / 60;
1469   2                   second = result % 60;
1470   2                   write_dgus_vp(0x2110, (u8*)&min,    1);
1471   2                   write_dgus_vp(0x2130, (u8*)&second, 1);
1472   2                  quickSettingflag = 0;
1473   2                  select_flag=0;
1474   2                  select_position = 0;
1475   2                  settingflag = 0;
C51 COMPILER V9.56.0.0   UI                                                                09/30/2026 19:37:45 PAGE 25  

1476   2                  quickSettingS = 0;
1477   2                  start_flag = 0;
1478   2                  deleay_flag = 0;
1479   2                  page24_flag = 0;
1480   2                  SecCnt_Stop();
1481   2          }else if(f_tempon==1||f_bottemp==1||f_toptemp==1){
1482   2                  quickSettingInIt();
1483   2                  start_flag = 1;
1484   2                  Page_Change_UI(workPageH);
1485   2                  quickSettingflag = 0;
1486   2                  select_flag=0;
1487   2                  select_position = 0;
1488   2                  settingflag = 0;
1489   2                  quickSettingS = 0;
1490   2                  error_flag = 0;
1491   2              }else if(f_deleay==1){
1492   2                  quickSettingInIt();
1493   2                  start_flag = 1;
1494   2                  Page_Change_UI(workPageH);
1495   2                  quickSettingflag = 0;
1496   2                  select_flag=0;
1497   2                  select_position = 0;
1498   2                  settingflag = 0;
1499   2                  quickSettingS = 0;
1500   2                  error_flag = 0;
1501   2              }else if(f_botcool==1||f_topcool == 1){
1502   2                  quickSettingInIt();
1503   2                  Page_Change_UI(workPageC);
1504   2                  SecCnt_Stop();
1505   2                  if(timer == 1){
1506   3                      timer = 0;
1507   3                      ShowMMSS2(timer);
1508   3                  }
1509   2                  quickSettingflag = 0;
1510   2                  select_flag=0;
1511   2                  select_position = 0;
1512   2                  settingflag = 0;
1513   2                  quickSettingS = 0;
1514   2                  start_flag = 1;
1515   2          }
1516   1          switch (state) {
1517   2              case 1: {
1518   3                  // 데이터 설정 모드
1519   3                  if (settingflag == 1) {
1520   4                      if(page_number == topHeatingS[admin_language]){
1521   5                               if (select_position == 0) {
1522   6                                      keep = TT1;
1523   6                                      if (TT1 == 0) {
1524   7                                          TT1 = 9;
1525   7                                      } else {
1526   7                                          TT1--;
1527   7                                      }
1528   6                                      result = (u16)(TT100 * 100 + TT10 * 10 + TT1);
1529   6                                      if (result <= toptempmax && result >= toptempmin) {
1530   7                                          write_dgus_vp(0x2170, (u8*)&TT1, 1);
1531   7                                      } else {
1532   7                                          TT1 = keep;
1533   7                                          write_dgus_vp(0x2170, (u8*)&TT1, 1);
1534   7                                      }
1535   6                                    
1536   6                                  } else if (select_position == 1) {
1537   6                                      keep = TT10;
C51 COMPILER V9.56.0.0   UI                                                                09/30/2026 19:37:45 PAGE 26  

1538   6                                      if (TT10 == 0) {
1539   7                                          TT10 = 9;
1540   7                                      } else {
1541   7                                          TT10--;
1542   7                                      }
1543   6                                      result = (u16)(TT100 * 100 + TT10 * 10 + TT1);
1544   6                                      if (result <= toptempmax && result >= toptempmin) {
1545   7                                          write_dgus_vp(0x2160, (u8*)&TT10, 1);
1546   7                                      } else {
1547   7                                          TT10 = keep;
1548   7                                          write_dgus_vp(0x2160, (u8*)&TT10, 1);
1549   7                                      }
1550   6                                  } else if (select_position == 2) {
1551   6                                    keep = TT100;
1552   6                                      if (TT100 == 0) {
1553   7                                          TT100 = 2;
1554   7                                      } else {
1555   7                                          TT100--;
1556   7                                      }
1557   6                                      result = (u16)(TT100 * 100 + TT10 * 10 + TT1);
1558   6                                      if (result <= toptempmax && result >= toptempmin) {
1559   7                                          write_dgus_vp(0x2150, (u8*)&TT100, 1);
1560   7                                      } else {
1561   7                                          TT100 = keep;
1562   7                                          write_dgus_vp(0x2150, (u8*)&TT100, 1);
1563   7                                      }
1564   6                              }
1565   5                      }else if(page_number == topCoolingS[admin_language]){
1566   5                              if (select_position == 0) {
1567   6                                      keep = TC1;
1568   6                                      if (TC1 == 0) {
1569   7                                          TC1 = 9;
1570   7                                      } else {
1571   7                                          TC1--;
1572   7                                      }
1573   6                                      result = (u16)(TC10 * 10 + TC1);
1574   6                                      if (result <= 80 && result > 0) {
1575   7                                          write_dgus_vp(0x2100, (u8*)&TC1, 1);
1576   7                                      } else {
1577   7                                          TC1 = keep;
1578   7                                          write_dgus_vp(0x2200, (u8*)&TC1, 1);
1579   7                                      }
1580   6                                   
1581   6                                  } else if (select_position == 1) {
1582   6                                      keep = TC10;
1583   6                                      if (TC10 == 0) {
1584   7                                          TC10 = 8;
1585   7                                      } else {
1586   7                                          TC10--;
1587   7                                      }
1588   6                                      result = (u16)(TC10 * 10 + TC1);
1589   6                                      if (result <= 80 && result > 0) {
1590   7                                          write_dgus_vp(0x2190, (u8*)&TC10, 1);
1591   7                                      } else {
1592   7                                          TC10 = keep;
1593   7                                          write_dgus_vp(0x2190, (u8*)&TC10, 1);
1594   7                                      }
1595   6                                  }
1596   5                      }else if(page_number == topFrameS){
1597   5                             if (select_position == 0) {
1598   6                                      keep = hundred_velue;
1599   6                                      if (hundred_velue == 0) {
C51 COMPILER V9.56.0.0   UI                                                                09/30/2026 19:37:45 PAGE 27  

1600   7                                          hundred_velue = 2;
1601   7                                      } else {
1602   7                                          hundred_velue--;
1603   7                                      }
1604   6                                      result = (u16)(hundred_velue * 100 + ten_velue * 10 + one_velue);
1605   6                                      if (result <= 50 && result > 0) {
1606   7                                          hundreds[2] = hundred_velue;
1607   7                                          write_dgus_vp(0x2200, (u8*)&hundred_velue, 1);
1608   7                                      } else {
1609   7                                          hundred_velue = keep;
1610   7                                          write_dgus_vp(0x2200, (u8*)&hundred_velue, 1);
1611   7                                      }
1612   6                                  } else if (select_position == 1) {
1613   6                                      keep = ten_velue;
1614   6                                      if (ten_velue == 0) {
1615   7                                          ten_velue = 5;
1616   7                                      } else {
1617   7                                          ten_velue--;
1618   7                                      }
1619   6                                      result = (u16)(hundred_velue * 100 + ten_velue * 10 + one_velue);
1620   6                                      if (result <= 50 && result > 0) {
1621   7                                          tens[2] = ten_velue;
1622   7                                          write_dgus_vp(0x2210, (u8*)&ten_velue, 1);
1623   7                                      } else {
1624   7                                          ten_velue = keep;
1625   7                                          write_dgus_vp(0x2210, (u8*)&ten_velue, 1);
1626   7                                      }
1627   6                                  } else if (select_position == 2) {
1628   6                                      keep = one_velue;
1629   6                                      if (one_velue == 0) {
1630   7                                          one_velue = 9;
1631   7                                      } else {
1632   7                                          one_velue--;
1633   7                                      }
1634   6                                      result = (u16)(hundred_velue * 100 + ten_velue * 10 + one_velue);
1635   6                                      if (result <= 50 && result > 0) {
1636   7                                          ones[2] = one_velue;
1637   7                                          write_dgus_vp(0x2220, (u8*)&one_velue, 1);
1638   7                                      } else {
1639   7                                          one_velue = keep;
1640   7                                          write_dgus_vp(0x2220, (u8*)&one_velue, 1);
1641   7                                      }
1642   6                                  
1643   6                              }
1644   5                      }else if(page_number == botHeatingS[admin_language]){
1645   5                          if (select_position == 0) {
1646   6                                      keep = BT1;
1647   6                                      if (BT1 == 0) {
1648   7                                          BT1 = 9;
1649   7                                      } else {
1650   7                                          BT1--;
1651   7                                      }
1652   6                                      result = (u16)(BT100 * 100 + BT10 * 10 + BT1);
1653   6                                      if (result <= bottempmax && result >= bottempmin) {
1654   7                                          write_dgus_vp(0x2280, (u8*)&BT1, 1);
1655   7                                      } else {
1656   7                                          BT1 = keep;
1657   7                                          write_dgus_vp(0x2280, (u8*)&BT1, 1);
1658   7                                      }
1659   6                                  } else if (select_position == 1) {
1660   6                                      keep = BT10;
1661   6                                      if (BT10 == 0 ) {
C51 COMPILER V9.56.0.0   UI                                                                09/30/2026 19:37:45 PAGE 28  

1662   7                                          BT10 = 9;
1663   7                                      } else {
1664   7                                          BT10--;
1665   7                                      }
1666   6                                      result = (u16)(BT100 * 100 + BT10 * 10 + BT1);
1667   6                                      if (result <= bottempmax && result >= bottempmin ) {
1668   7                                          write_dgus_vp(0x2270, (u8*)&BT10, 1);
1669   7                                      } else {
1670   7                                          BT10 = keep;
1671   7                                          write_dgus_vp(0x2270, (u8*)&BT10, 1);
1672   7                                      }
1673   6                                  } else if (select_position == 2) {
1674   6                                      keep = BT100;
1675   6                                      if (BT100 == 0) {
1676   7                                          BT100 = 2;
1677   7                                      } else {
1678   7                                          BT100--;
1679   7                                      }
1680   6                                      result = (u16)(BT100 * 100 + BT10 * 10 + BT1);
1681   6                                      if (result <= bottempmax && result >= bottempmin) {
1682   7                                          write_dgus_vp(0x2260, (u8*)&BT100, 1);
1683   7                                      } else {
1684   7                                          BT100 = keep;
1685   7                                          write_dgus_vp(0x2260, (u8*)&BT100, 1);
1686   7                                      }
1687   6                              }
1688   5                      }else if(page_number == botCoolingS[admin_language]){
1689   5                          if (select_position == 0) {
1690   6                                      keep = BC1;
1691   6                                      if (BC1 == 0) {
1692   7                                          BC1 = 9;
1693   7                                      } else {
1694   7                                          BC1--;
1695   7                                      }
1696   6                                      result = (u16)(BC10 * 10 + BC1);
1697   6                                      if (result <= 80 && result > 0) {
1698   7                                          write_dgus_vp(0x2310, (u8*)&BC1, 1);
1699   7                                      } else {
1700   7                                          BC1 = keep;
1701   7                                          write_dgus_vp(0x2310, (u8*)&BC1, 1);
1702   7                                      }
1703   6                                 
1704   6                                  } else if (select_position == 1) {
1705   6                               keep = BC10;
1706   6                                      if (BC10 == 0) {
1707   7                                          BC10 = 8;
1708   7                                      } else {
1709   7                                          BC10--;
1710   7                                      }
1711   6                                      result = (u16)(BC10 * 10 + BC1);
1712   6                                      if (result <= 80 && result > 0) {
1713   7                                          write_dgus_vp(0x2300, (u8*)&BC10, 1);
1714   7                                      } else {
1715   7                                          BC10 = keep;
1716   7                                          write_dgus_vp(0x2300, (u8*)&BC10, 1);
1717   7                                      }
1718   6                                  }
1719   5                      }else if(page_number == botFrameS){
1720   5                          if (select_position == 0) {
1721   6                                      keep = hundred_velue;
1722   6                                      if (hundred_velue == 2) {
1723   7                                          hundred_velue = 0;
C51 COMPILER V9.56.0.0   UI                                                                09/30/2026 19:37:45 PAGE 29  

1724   7                                      } else {
1725   7                                          hundred_velue--;
1726   7                                      }
1727   6                                      result = (u16)(hundred_velue * 100 + ten_velue * 10 + one_velue);
1728   6                                      if (result <= 50 && result > 0) {
1729   7                                          hundreds[5] = hundred_velue;
1730   7                                          write_dgus_vp(0x2500, (u8*)&hundred_velue, 1);
1731   7                                      } else {
1732   7                                          hundred_velue = keep;
1733   7                                          write_dgus_vp(0x2500, (u8*)&hundred_velue, 1);
1734   7                                      }
1735   6                                  } else if (select_position == 1) {
1736   6                                      keep = ten_velue;
1737   6                                      if (ten_velue == 0) {
1738   7                                          ten_velue = 5;
1739   7                                      } else {
1740   7                                          ten_velue--;
1741   7                                      }
1742   6                                      result = (u16)(hundred_velue * 100 + ten_velue * 10 + one_velue);
1743   6                                      if (result <= 50 && result > 0) {
1744   7                                          tens[5] = ten_velue;
1745   7                                          write_dgus_vp(0x2510, (u8*)&ten_velue, 1);
1746   7                                      } else {
1747   7                                          ten_velue = keep;
1748   7                                          write_dgus_vp(0x2510, (u8*)&ten_velue, 1);
1749   7                                      }
1750   6                                  } else if (select_position == 2) {
1751   6                                      keep = one_velue;
1752   6                                      if (one_velue == 0) {
1753   7                                          one_velue = 9;
1754   7                                      } else {
1755   7                                          one_velue--;
1756   7                                      }
1757   6                                      result = (u16)(hundred_velue * 100 + ten_velue * 10 + one_velue);
1758   6                                      if (result <= 50 && result > 0) {
1759   7                                          ones[5] = one_velue;
1760   7                                          write_dgus_vp(0x2520, (u8*)&one_velue, 1);
1761   7                                      } else {
1762   7                                          one_velue = keep;
1763   7                                          write_dgus_vp(0x2520, (u8*)&one_velue, 1);
1764   7                                      }
1765   6                                  
1766   6                              }
1767   5                      }else if(page_number == delayS[admin_language]){
1768   5                             if (select_position == 0) {
1769   6                                       keep = min;
1770   6                                      if (min == 0) {
1771   7                                           if(second != 0){
1772   8                                          min = 59;
1773   8                                      }else{
1774   8                                          min = 60;
1775   8                                      }
1776   7                                      } else {
1777   7                                          min--;
1778   7                                      }
1779   6                                        result = (u16)(min * 60 + second);
1780   6                                       if(result<= delaymax && result > delaymin){
1781   7                                          write_dgus_vp(0x2370, (u8*)&min, 1);
1782   7                                      }else{
1783   7                                          min = keep;
1784   7                                          write_dgus_vp(0x2370, (u8*)&min, 1);
1785   7                                      }
C51 COMPILER V9.56.0.0   UI                                                                09/30/2026 19:37:45 PAGE 30  

1786   6                                  } else if (select_position == 1) {
1787   6                                      keep = second;
1788   6                                      if (second == 0) {
1789   7                                          second = 59;
1790   7                                      } else {
1791   7                                          second--;
1792   7                                      }
1793   6                                      result = (u16)(min * 60 + second);
1794   6                                       if(result<= delaymax && result > delaymin){
1795   7                                          write_dgus_vp(0x2380, (u8*)&second, 1);
1796   7                                      }else{
1797   7                                          second = keep;
1798   7                                          write_dgus_vp(0x2380, (u8*)&second, 1);
1799   7                                      }
1800   6                                  }
1801   5                      }else if(page_number == pressureS[admin_language]){
1802   5                          if (select_position == 0 && press > pressmin) {
1803   6                              press--;
1804   6                              write_dgus_vp(0x2400, (u8*)&press, 1);
1805   6                          }
1806   5                      }else if(page_number == quickSetting){
1807   5                              if(quickSettingS == 1){
1808   6                                   if (select_position == 0) {
1809   7                                 keep = TT1;
1810   7                                      if (TT1 == 0) {
1811   8                                          TT1 = 9;
1812   8                                      } else {
1813   8                                          TT1--;
1814   8                                      }
1815   7                                      result = (u16)(TT100 * 100 + TT10 * 10 + TT1);
1816   7                                      if (result <= toptempmax && result >= toptempmin) {
1817   8                                          write_dgus_vp(0x2030, (u8*)&TT1, 1);
1818   8                                      } else {
1819   8                                          TT1 = keep;
1820   8                                          write_dgus_vp(0x2030, (u8*)&TT1, 1);
1821   8                                      }
1822   7                                  } else if (select_position == 1) {
1823   7                                      keep = TT10;
1824   7                                      if (TT10 == 0) {
1825   8                                          TT10 = 9;
1826   8                                      } else {
1827   8                                          TT10--;
1828   8                                      }
1829   7                                      result = (u16)(TT100 * 100 + TT10 * 10 + TT1);
1830   7                                      if (result <= toptempmax && result >= toptempmin) {
1831   8                                          write_dgus_vp(0x2010, (u8*)&TT10, 1);
1832   8                                      } else {
1833   8                                          TT10 = keep;
1834   8                                          write_dgus_vp(0x2010, (u8*)&TT10, 1);
1835   8                                      }
1836   7                                  } else if (select_position == 2) {
1837   7                                       keep = TT100;
1838   7                                      if (TT100 == 0) {
1839   8                                          TT100 = 2;
1840   8                                      } else {
1841   8                                          TT100--;
1842   8                                      }
1843   7                                      result = (u16)(TT100 * 100 + TT10 * 10 + TT1);
1844   7                                      if (result <= toptempmax && result >= toptempmin) {
1845   8                                          write_dgus_vp(0x2000, (u8*)&TT100, 1);
1846   8                                      } else {
1847   8                                          TT100 = keep;
C51 COMPILER V9.56.0.0   UI                                                                09/30/2026 19:37:45 PAGE 31  

1848   8                                          write_dgus_vp(0x2000, (u8*)&TT100, 1);
1849   8                                      }
1850   7                                  }
1851   6                              }else if(quickSettingS == 2){
1852   6                                  if(press > pressmin){
1853   7                                      press --;
1854   7                                      write_dgus_vp(0x2050, (u8*)&press, 1);
1855   7                                  }
1856   6                              }else if(quickSettingS == 3){
1857   6                                 if (select_position == 0) {
1858   7                                    keep = BT1;
1859   7                                      if (BT1 == 0) {
1860   8                                          BT1 = 9;
1861   8                                      } else {
1862   8                                          BT1--;
1863   8                                      }
1864   7                                      result = (u16)(BT100 * 100 + BT10 * 10 + BT1);
1865   7                                      if (result <= bottempmax && result >= bottempmin) {
1866   8                                          write_dgus_vp(0x2080, (u8*)&BT1, 1);
1867   8                                      } else {
1868   8                                          BT1 = keep;
1869   8                                          write_dgus_vp(0x2080, (u8*)&BT1, 1);
1870   8                                      }
1871   7                                  } else if (select_position == 1) {
1872   7                                      keep = BT10;
1873   7                                      if (BT10 == 0) {
1874   8                                          BT10 = 9;
1875   8                                      } else {
1876   8                                          BT10--;
1877   8                                      }
1878   7                                      result = (u16)(BT100 * 100 + BT10 * 10 + BT1);
1879   7                                      if (result <= bottempmax && result >= bottempmin) {
1880   8                                          write_dgus_vp(0x2070, (u8*)&BT10, 1);
1881   8                                      } else {
1882   8                                          BT10 = keep;
1883   8                                          write_dgus_vp(0x2070, (u8*)&BT10, 1);
1884   8                                      }
1885   7                                  } else if (select_position == 2) {
1886   7                                               keep = BT100;
1887   7                                      if (BT100 == 0) {
1888   8                                          BT100 = 2;
1889   8                                      } else {
1890   8                                          BT100--;
1891   8                                      }
1892   7                                      result = (u16)(BT100 * 100 + BT10 * 10 + BT1);
1893   7                                      if (result <= bottempmax && result >= bottempmin) {
1894   8                                          write_dgus_vp(0x2060, (u8*)&BT100, 1);
1895   8                                      } else {
1896   8                                          BT100 = keep;
1897   8                                          write_dgus_vp(0x2060, (u8*)&BT100, 1);
1898   8                                      }
1899   7                                  }
1900   6                              }else if(quickSettingS == 4){
1901   6                                  if (select_position == 0) {
1902   7                                      keep = min;
1903   7                                       if (min == 0) {
1904   8                                           if(second != 0){
1905   9                                          min = 59;
1906   9                                      }else{
1907   9                                          min = 60;
1908   9                                      }
1909   8                                      } else {
C51 COMPILER V9.56.0.0   UI                                                                09/30/2026 19:37:45 PAGE 32  

1910   8                                          min--;
1911   8                                      }
1912   7                                      result = (u16)(min * 60 + second);
1913   7                                      if(result<= delaymax && result > delaymin){
1914   8                                          write_dgus_vp(0x2110, (u8*)&min, 1);
1915   8                                      }else{
1916   8                                          min = keep;
1917   8                                          write_dgus_vp(0x2110, (u8*)&min, 1);
1918   8                                      }
1919   7                                      
1920   7                                  } else if (select_position == 1) {
1921   7                                      keep = second;
1922   7                                      if (second == 0) {
1923   8                                          second = 59;
1924   8                                      } else {
1925   8                                          second--;
1926   8                                      }
1927   7                                      result = (u16)(min * 60 + second);
1928   7                                       if(result<= delaymax && result > delaymin){
1929   8                                          write_dgus_vp(0x2130, (u8*)&second, 1);
1930   8                                      }else{
1931   8                                          second = keep;
1932   8                                          write_dgus_vp(0x2130, (u8*)&second, 1);
1933   8                                      }
1934   7                                      
1935   7                                  }
1936   6                              }
1937   5                      }
1938   4                  } else if (quickSettingflag == 1) { // 세팅 모드가 아닌 텍스트와 페이지 색 변�
             -��
1939   4                      if (settingflag == 0) {
1940   5                          quickSettingInIt();
1941   5                          if (quickSettingS == 1) {  // 21페이지 카운팅 증가
1942   6                              quickSettingS = 4;
1943   6                          } else {
1944   6                              quickSettingS--;
1945   6                          }
1946   5                          Page21Functioning(quickSettingS);
1947   5                      }
1948   4                  } else {  // 페이지 전환(역방향)
1949   4                      if(page_number > main1[admin_language] && page_number <=main7[admin_language]){
1950   5                          page_number--;
1951   5                          Page_Change_Handler(page_number);
1952   5                      }else if (page_number == main1[admin_language]) {
1953   5                          page_number = main7[admin_language];
1954   5                          Page_Change_Handler(page_number);
1955   5                      } else if (topSelectflag == 1) {
1956   5                          if (page_number == exit) {
1957   6                              Page_Change_UI(topCooling[admin_language]);
1958   6                          }else if(page_number == topHeating[admin_language]){
1959   6                              Page_Change_UI(exit);
1960   6                          }else {
1961   6                              page_number--;
1962   6                              Page_Change_Handler(page_number);
1963   6                          }
1964   5                      } else if (botSelectflag == 1) {
1965   5                          if (page_number == botHeating[admin_language]) {
1966   6                              Page_Change_UI(exit);
1967   6                          }else if(page_number == exit){
1968   6                              Page_Change_UI(botCooling[admin_language]);
1969   6                          }else {
1970   6                              page_number--;
C51 COMPILER V9.56.0.0   UI                                                                09/30/2026 19:37:45 PAGE 33  

1971   6                              Page_Change_UI(page_number);
1972   6                          }
1973   5                      }else if(page_number == adminList[admin_language]){
1974   5                          admin_List(1);
1975   5                      }if(page_number == adminUserSetting[admin_language]){
1976   5                         admin_User_Setting_Function(state);
1977   5                      }else if(page_number == adminIOTest[admin_language]){
1978   5                          adminIoTestText(state);
1979   5                      }else if(page_number == adminFactoryResetNotice[admin_language]){
1980   5                          adminfactoryResetText(state);
1981   5                      }else if(page_number == adminLogError[admin_language]){
1982   5                          adminLogErrorText(state);
1983   5                      }else if(page_number == adminLanguage[admin_language]){
1984   5                          adminLanguageText(state);
1985   5                      }else if(page_number == adminEngineermod[admin_language]){
1986   5                          EngineermodWork(state);
1987   5                      }else if(page_number == adminEngineermodS[admin_language]){
1988   5                          EngineermodSWork(state);
1989   5                      }
1990   4                  }
1991   3                  enc_busy = 1;
1992   3                  StartTimer(TMR_ENCODER, ENC_DELAY_MS);
1993   3              } break;
1994   2      
1995   2              case 2: {
1996   3                  // 데이터 설정 모드
1997   3                  if (settingflag == 1) {
1998   4                      if(page_number == topHeatingS[admin_language]){
1999   5                          if (select_position == 0) {
2000   6                                        keep = TT1;
2001   6                                      if (TT1 != 9) {
2002   7                                          TT1++;
2003   7                                      } else {
2004   7                                          TT1 = 0;
2005   7                                      }
2006   6                                      result = (u16)(TT100 * 100 + TT10 * 10 + TT1);
2007   6                                      if (result <= toptempmax && result >= toptempmin) {
2008   7                                          write_dgus_vp(0x2170, (u8*)&TT1, 1);
2009   7                                      } else {
2010   7                                          TT1 = keep;
2011   7                                          write_dgus_vp(0x2170, (u8*)&TT1, 1);
2012   7                                      }
2013   6                                  } else if (select_position == 1) {
2014   6                                      keep = TT10;
2015   6                                      if (TT10 != 9) {
2016   7                                          TT10++;
2017   7                                      } else {
2018   7                                          TT10 = 0;
2019   7                                      }
2020   6                                      result = (u16)(TT100 * 100 + TT10 * 10 + TT1);
2021   6                                      if (result <= toptempmax && result >= toptempmin) {
2022   7                                          write_dgus_vp(0x2160, (u8*)&TT10, 1);
2023   7                                      } else {
2024   7                                          TT10 = keep;
2025   7                                          write_dgus_vp(0x2160, (u8*)&TT10, 1);
2026   7                                      }
2027   6                                  } else if (select_position == 2) {
2028   6                                        keep = TT100;
2029   6                                      if (TT100 != 2) {
2030   7                                          TT100++;
2031   7                                      } else {
2032   7                                          TT100 = 0;
C51 COMPILER V9.56.0.0   UI                                                                09/30/2026 19:37:45 PAGE 34  

2033   7                                      }
2034   6                                      result = (u16)(TT100 * 100 + TT10 * 10 + TT1);
2035   6                                      if (result <= toptempmax && result >= toptempmin) {
2036   7                                          write_dgus_vp(0x2150, (u8*)&TT100, 1);
2037   7                                      } else {
2038   7                                          TT100 = keep;
2039   7                                          write_dgus_vp(0x2150, (u8*)&TT100, 1);
2040   7                                      }
2041   6                                  
2042   6                              }
2043   5                      }else if(page_number == topCoolingS[admin_language]){
2044   5                            if (select_position == 0) {
2045   6                                 keep = TC1;
2046   6                                      if (TC1 != 9) {
2047   7                                          TC1++;
2048   7                                      } else {
2049   7                                          TC1 = 0;
2050   7                                      }
2051   6                                      result = (u16)(TC10 * 10 + TC1);
2052   6                                      if (result <= 80 && result > 0) {
2053   7                                          write_dgus_vp(0x2200, (u8*)&TC1, 1);
2054   7                                      } else {
2055   7                                          TC1 = keep;
2056   7                                          write_dgus_vp(0x2200, (u8*)&TC1, 1);
2057   7                                      }
2058   6                                  } else if (select_position == 1) {
2059   6                                      keep = TC10;
2060   6                                      if (TC10 == 8) {
2061   7                                          TC10 = 0;
2062   7                                      } else {
2063   7                                          TC10++;
2064   7                                      }
2065   6                                      result = (u16)(TC10 * 10 + TC1);
2066   6                                      if (result <= 80 && result > 0) {
2067   7                                          write_dgus_vp(0x2190, (u8*)&TC10, 1);
2068   7                                      } else {
2069   7                                          TC10 = keep;
2070   7                                          write_dgus_vp(0x2190, (u8*)&TC10, 1);
2071   7                                      }
2072   6                                  }
2073   5                      }else if(page_number == topFrameS){
2074   5                            if (select_position == 0) {
2075   6                                      keep = hundred_velue;
2076   6                                      if (hundred_velue == 9) {
2077   7                                          hundred_velue = 0;
2078   7                                      } else {
2079   7                                          hundred_velue++;
2080   7                                      }
2081   6                                      result = (u16)(hundred_velue * 100 + ten_velue * 10 + one_velue);
2082   6                                      if (result <= 50 && result > 0) {
2083   7                                          hundreds[2] = hundred_velue;
2084   7                                          write_dgus_vp(0x2200, (u8*)&hundred_velue, 1);
2085   7                                      } else {
2086   7                                          hundred_velue = keep;
2087   7                                          write_dgus_vp(0x2200, (u8*)&hundred_velue, 1);
2088   7                                      }
2089   6                                  } else if (select_position == 1) {
2090   6                                      keep = ten_velue;
2091   6                                      if (ten_velue == 5) {
2092   7                                          ten_velue = 0;
2093   7                                      } else {
2094   7                                          ten_velue++;
C51 COMPILER V9.56.0.0   UI                                                                09/30/2026 19:37:45 PAGE 35  

2095   7                                      }
2096   6                                      result = (u16)(hundred_velue * 100 + ten_velue * 10 + one_velue);
2097   6                                      if (result <= 50 && result > 0) {
2098   7                                          tens[2] = ten_velue;
2099   7                                          write_dgus_vp(0x2210, (u8*)&ten_velue, 1);
2100   7                                      } else {
2101   7                                          ten_velue = keep;
2102   7                                          write_dgus_vp(0x2210, (u8*)&ten_velue, 1);
2103   7                                      }
2104   6                                  } else if (select_position == 2) {
2105   6                                      keep = one_velue;
2106   6                                      if (one_velue == 9) {
2107   7                                          one_velue = 0;
2108   7                                      } else {
2109   7                                          one_velue++;
2110   7                                      }
2111   6                                      result = (u16)(hundred_velue * 100 + ten_velue * 10 + one_velue);
2112   6                                      if (result <= 50 && result > 0) {
2113   7                                          ones[2] = one_velue;
2114   7                                          write_dgus_vp(0x2220, (u8*)&one_velue, 1);
2115   7                                      } else {
2116   7                                          one_velue = keep;
2117   7                                          write_dgus_vp(0x2220, (u8*)&one_velue, 1);
2118   7                                      }
2119   6                                  
2120   6                              }
2121   5                      }else if(page_number == botHeatingS[admin_language]){
2122   5                            if (select_position == 0) {
2123   6                                   keep = BT1;
2124   6                                      if (BT1 != 9) {
2125   7                                          BT1++;
2126   7                                      } else {
2127   7                                          BT1 = 0;
2128   7                                      }
2129   6                                      result = (u16)(BT100 * 100 + BT10 * 10 + BT1);
2130   6                                      if (result <= bottempmax && result >= bottempmin) {
2131   7                                          write_dgus_vp(0x2280, (u8*)&BT1, 1);
2132   7                                      } else {
2133   7                                          BT1 = keep;
2134   7                                          write_dgus_vp(0x2280, (u8*)&BT1, 1);
2135   7                                      }
2136   6                                  } else if (select_position == 1) {
2137   6                                      keep = BT10;
2138   6                                      if (BT10 != 9) {
2139   7                                          BT10++;
2140   7                                      } else {
2141   7                                          BT10 = 0;
2142   7                                      }
2143   6                                      result = (u16)(BT100 * 100 + BT10 * 10 + BT1);
2144   6                                      if (result <= bottempmax && result >= bottempmin) {
2145   7                                          write_dgus_vp(0x2270, (u8*)&BT10, 1);
2146   7                                      } else {
2147   7                                          BT10 = keep;
2148   7                                          write_dgus_vp(0x2270, (u8*)&BT10, 1);
2149   7                                      }
2150   6                                  } else if (select_position == 2) {
2151   6                                             keep = BT100;
2152   6                                      if (BT100 != 2) {
2153   7                                          BT100++;
2154   7                                      } else {
2155   7                                          BT100 = 0;
2156   7                                      }
C51 COMPILER V9.56.0.0   UI                                                                09/30/2026 19:37:45 PAGE 36  

2157   6                                      result = (u16)(BT100 * 100 + BT10 * 10 + BT1);
2158   6                                      if (result <= bottempmax && result >= bottempmin) {
2159   7                                          write_dgus_vp(0x2260, (u8*)&BT100, 1);
2160   7                                      } else {
2161   7                                          BT100 = keep;
2162   7                                          write_dgus_vp(0x2260, (u8*)&BT100, 1);
2163   7                                      }
2164   6                                     
2165   6                                  
2166   6                              }
2167   5                      }else if(page_number == botCoolingS[admin_language]){
2168   5                          if (select_position == 0) {
2169   6                                    keep = BC1;
2170   6                                      if (BC1 == 9) {
2171   7                                          BC1 = 0;
2172   7                                      } else {
2173   7                                          BC1++;
2174   7                                      }
2175   6                                      result = (u16)(BC10 * 10 + BC1);
2176   6                                      if (result <= 80 && result > 0) {
2177   7                                          write_dgus_vp(0x2310, (u8*)&BC1, 1);
2178   7                                      } else {
2179   7                                          BC1 = keep;
2180   7                                          write_dgus_vp(0x2310, (u8*)&BC1, 1);
2181   7                                      }
2182   6                                  } else if (select_position == 1) {
2183   6                                          keep = BC10;
2184   6                                      if (BC10 == 8) {
2185   7                                          BC10 = 0;
2186   7                                      } else {
2187   7                                          BC10++;
2188   7                                      }
2189   6                                      result = (u16)(BC10 * 10 + BC1);
2190   6                                      if (result <= 80 && result > 0) {
2191   7                                          write_dgus_vp(0x2300, (u8*)&BC10, 1);
2192   7                                      } else {
2193   7                                          BC10 = keep;
2194   7                                          write_dgus_vp(0x2300, (u8*)&BC10, 1);
2195   7                                      }
2196   6                                      
2197   6                                   
2198   6                                  }
2199   5                      }else if(page_number == botFrameS){
2200   5                           if (select_position == 0) {
2201   6                                      keep = hundred_velue;
2202   6                                      if (hundred_velue == 9) {
2203   7                                          hundred_velue = 0;
2204   7                                      } else {
2205   7                                          hundred_velue++;
2206   7                                      }
2207   6                                      result = (u16)(hundred_velue * 100 + ten_velue * 10 + one_velue);
2208   6                                      if (result <= 50 && result > 0) {
2209   7                                          hundreds[5] = hundred_velue;
2210   7                                          write_dgus_vp(0x2500, (u8*)&hundred_velue, 1);
2211   7                                      } else {
2212   7                                          hundred_velue = keep;
2213   7                                          write_dgus_vp(0x2500, (u8*)&hundred_velue, 1);
2214   7                                      }
2215   6                                  } else if (select_position == 1) {
2216   6                                      keep = ten_velue;
2217   6                                      if (ten_velue == 5) {
2218   7                                          ten_velue = 0;
C51 COMPILER V9.56.0.0   UI                                                                09/30/2026 19:37:45 PAGE 37  

2219   7                                      } else {
2220   7                                          ten_velue++;
2221   7                                      }
2222   6                                      result = (u16)(hundred_velue * 100 + ten_velue * 10 + one_velue);
2223   6                                      if (result <= 50 && result > 0) {
2224   7                                          tens[5] = ten_velue;
2225   7                                          write_dgus_vp(0x2510, (u8*)&ten_velue, 1);
2226   7                                      } else {
2227   7                                          ten_velue = keep;
2228   7                                          write_dgus_vp(0x2510, (u8*)&ten_velue, 1);
2229   7                                      }
2230   6                                  } else if (select_position == 2) {
2231   6                                      keep = one_velue;
2232   6                                      if (one_velue == 9) {
2233   7                                          one_velue = 0;
2234   7                                      } else {
2235   7                                          one_velue++;
2236   7                                      }
2237   6                                      result = (u16)(hundred_velue * 100 + ten_velue * 10 + one_velue);
2238   6                                      if (result <= 50 && result > 0) {
2239   7                                          ones[5] = one_velue;
2240   7                                          write_dgus_vp(0x2520, (u8*)&one_velue, 1);
2241   7                                      } else {
2242   7                                          one_velue = keep;
2243   7                                          write_dgus_vp(0x2520, (u8*)&one_velue, 1);
2244   7                                      }
2245   6                                  
2246   6                              }
2247   5                      }else if(page_number == delayS[admin_language]){
2248   5                          if (select_position == 0) {
2249   6                                      keep = min;
2250   6                                      if (min == 59) {
2251   7                                          if(second != 0){
2252   8                                              min = 0;
2253   8                                          }else{
2254   8                                              min++;
2255   8                                          }
2256   7                                      }else if(min == 60){
2257   7                                          min = 0;
2258   7                                      }else {
2259   7                                          min++;
2260   7                                      }
2261   6                                      result = (u16)(min * 60 + second);
2262   6                                       if(result<= delaymax && result > delaymin){
2263   7                                          write_dgus_vp(0x2370, (u8*)&min, 1);
2264   7                                      }else{
2265   7                                          min = keep;
2266   7                                          write_dgus_vp(0x2370, (u8*)&min, 1);
2267   7                                      }
2268   6                                      // write_dgus_vp(0x2110, (u8*)&min, 1);
2269   6                                  } else if (select_position == 1) {
2270   6                                      keep = second;
2271   6                                      if (second == 59) {
2272   7                                          second = 0;
2273   7                                      } else {
2274   7                                          second++;
2275   7                                      }
2276   6                                      result = (u16)(min * 60 + second);
2277   6                                       if(result<= delaymax && result > delaymin){
2278   7                                          write_dgus_vp(0x2380, (u8*)&second, 1);
2279   7                                      }else{
2280   7                                          second = keep;
C51 COMPILER V9.56.0.0   UI                                                                09/30/2026 19:37:45 PAGE 38  

2281   7                                          write_dgus_vp(0x2380, (u8*)&second, 1);
2282   7                                      }
2283   6                              }
2284   5                      }else if(page_number == pressureS[admin_language]){
2285   5                          if (select_position == 0 && press < pressmax) {
2286   6                                      press++;
2287   6                                      write_dgus_vp(0x2400, (u8*)&press, 1);
2288   6                                  }
2289   5                      }else if(page_number == quickSetting){
2290   5                          if(quickSettingS == 1){
2291   6                                   if (select_position == 0) {
2292   7                                       keep = TT1;
2293   7                                      if (TT1 != 9) {
2294   8                                          TT1++;
2295   8                                      } else {
2296   8                                          TT1 = 0;
2297   8                                      }
2298   7                                      result = (u16)(TT100 * 100 + TT10 * 10 + TT1);
2299   7                                      if (result <= toptempmax && result >=toptempmin) {
2300   8                                          write_dgus_vp(0x2030, (u8*)&TT1, 1);
2301   8                                      } else {
2302   8                                          TT1 = keep;
2303   8                                          write_dgus_vp(0x2030, (u8*)&TT1, 1);
2304   8                                      }
2305   7                                  } else if (select_position == 1) {
2306   7                                      keep = TT10;
2307   7                                      if (TT10 != 9) {
2308   8                                          TT10++;
2309   8                                      } else {
2310   8                                          TT10 = 0;
2311   8                                      }
2312   7                                      result = (u16)(TT100 * 100 + TT10 * 10 + TT1);
2313   7                                      if (result <= toptempmax && result >= toptempmin) {
2314   8                                          write_dgus_vp(0x2010, (u8*)&TT10, 1);
2315   8                                      } else {
2316   8                                          TT10 = keep;
2317   8                                          write_dgus_vp(0x2010, (u8*)&TT10, 1);
2318   8                                      }
2319   7                                  } else if (select_position == 2) {
2320   7                                      keep = TT100;
2321   7                                      if (TT100 != 2) {
2322   8                                          TT100++;
2323   8                                      } else {
2324   8                                          TT100 = 0;
2325   8                                      }
2326   7                                      result = (u16)(TT100 * 100 + TT10 * 10 + TT1);
2327   7                                      if (result <= toptempmax && result >= toptempmin) {
2328   8                                          write_dgus_vp(0x2000, (u8*)&TT100, 1);
2329   8                                      } else {
2330   8                                          TT100 = keep;
2331   8                                          write_dgus_vp(0x2000, (u8*)&TT100, 1);
2332   8                                      }
2333   7                                  }
2334   6                              }else if(quickSettingS == 2){
2335   6                                  if(press != pressmax){
2336   7                                      press ++;
2337   7                                     write_dgus_vp(0x2050, (u8*)&press, 1);
2338   7                                  }
2339   6                              }else if(quickSettingS == 3){
2340   6                                 if (select_position == 0) {
2341   7                                   keep = BT1;
2342   7                                      if (BT1 != 9) {
C51 COMPILER V9.56.0.0   UI                                                                09/30/2026 19:37:45 PAGE 39  

2343   8                                          BT1++;
2344   8                                      } else {
2345   8                                          BT1 = 0;
2346   8                                      }
2347   7                                      result = (u16)(BT100 * 100 + BT10 * 10 + BT1);
2348   7                                      if (result <= bottempmax && result >= bottempmin) {
2349   8                                          write_dgus_vp(0x2080, (u8*)&BT1, 1);
2350   8                                      } else {
2351   8                                          BT1 = keep;
2352   8                                          write_dgus_vp(0x2080, (u8*)&BT1, 1);
2353   8                                      }
2354   7                                  } else if (select_position == 1) {
2355   7                                      keep = BT10;
2356   7                                      if (BT10 != 9) {
2357   8                                          BT10++;
2358   8                                      } else {
2359   8                                          BT10 = 0;
2360   8                                      }
2361   7                                      result = (u16)(BT100 * 100 + BT10 * 10 + BT1);
2362   7                                      if (result <= bottempmax && result >= bottempmin) {
2363   8                                          write_dgus_vp(0x2070, (u8*)&BT10, 1);
2364   8                                      } else {
2365   8                                          BT10 = keep;
2366   8                                          write_dgus_vp(0x2070, (u8*)&BT10, 1);
2367   8                                      }
2368   7                                  } else if (select_position == 2) {
2369   7                                         keep = BT100;
2370   7                                      if (BT100 != 2) {
2371   8                                          BT100++;
2372   8                                      } else {
2373   8                                          BT100 = 0;
2374   8                                      }
2375   7                                      result = (u16)(BT100 * 100 + BT10 * 10 + BT1);
2376   7                                      if (result <= bottempmax && result >= bottempmin) {
2377   8                                          write_dgus_vp(0x2060, (u8*)&BT100, 1);
2378   8                                      } else {
2379   8                                          BT100 = keep;
2380   8                                          write_dgus_vp(0x2060, (u8*)&BT100, 1);
2381   8                                      }
2382   7                                  }
2383   6                              }else if(quickSettingS == 4){
2384   6                                  if (select_position == 0) {
2385   7                                      keep = min;
2386   7                                      if (min == 59) {
2387   8                                          if(second != 0){
2388   9                                              min = 0;
2389   9                                          }else{
2390   9                                              min++;
2391   9                                          }
2392   8                                      }else if(min == 60){
2393   8                                          min = 0;
2394   8                                      }else {
2395   8                                          min++;
2396   8                                      }
2397   7                                      result = (u16)(min * 60 + second);
2398   7                                       if(result<= delaymax && result >= delaymin){
2399   8                                          write_dgus_vp(0x2110, (u8*)&min, 1);
2400   8                                      }else{
2401   8                                          min = keep;
2402   8                                          write_dgus_vp(0x2110, (u8*)&min, 1);
2403   8                                      }
2404   7                                  } else if (select_position == 1) {
C51 COMPILER V9.56.0.0   UI                                                                09/30/2026 19:37:45 PAGE 40  

2405   7                                      keep = second;
2406   7                                      if (second == 59) {
2407   8                                          second = 0;
2408   8                                      } else {
2409   8                                          second++;
2410   8                                      }
2411   7                                      result = (u16)(min * 60 + second);
2412   7                                      if(result<= delaymax && result >= delaymin){
2413   8                                          write_dgus_vp(0x2130, (u8*)&second, 1);
2414   8                                      }else{
2415   8                                          second = keep;
2416   8                                          write_dgus_vp(0x2130, (u8*)&second, 1);
2417   8                                      }
2418   7                                  }
2419   6                              }
2420   5                      }
2421   4                  }else if (quickSettingflag == 1) { // 21페이지 작동 (정방향)
2422   4                      if (page_number == quickSetting) {
2423   5                          quickSettingInIt();
2424   5                          if (quickSettingS == 4) {  // 21페이지 카운팅 증가
2425   6                              quickSettingS = 1;
2426   6                          } else {
2427   6                              quickSettingS++;
2428   6                          }
2429   5                          Page21Functioning(quickSettingS);
2430   5                      }
2431   4                  } else { // 페이지 전환(정방향)
2432   4                      if(page_number < main7[admin_language] && page_number >= main1[admin_language]){
2433   5                          page_number++;
2434   5                          Page_Change_Handler(page_number);
2435   5                      }else if (page_number == main7[admin_language]) {
2436   5                          page_number = main1[admin_language];
2437   5                          Page_Change_Handler(page_number);
2438   5                      } else if (topSelectflag == 1) {
2439   5                          if (page_number == topCooling[admin_language]) {
2440   6                               Page_Change_UI(exit);
2441   6                          }else if(page_number == exit){
2442   6                              Page_Change_UI(topHeating[admin_language]);
2443   6                          }else {
2444   6                              page_number++;
2445   6                              Page_Change_UI(page_number);
2446   6                          }
2447   5                      } else if (botSelectflag == 1) {
2448   5                          if (page_number == botCooling[admin_language]) {
2449   6                              Page_Change_UI(exit);
2450   6                          }else if(page_number == exit){
2451   6                               Page_Change_UI(botHeating[admin_language]);
2452   6                          } else {
2453   6                              page_number++;
2454   6                              Page_Change_UI(page_number);
2455   6                          }
2456   5                      } else if(page_number == adminList[admin_language]){
2457   5                          admin_List(2);
2458   5                      }else if(page_number == adminUserSetting[admin_language]){
2459   5                          admin_User_Setting_Function(state);
2460   5                      }else if(page_number == adminIOTest[admin_language]){
2461   5                          adminIoTestText(state);
2462   5                      }else if(page_number == adminFactoryResetNotice[admin_language]){
2463   5                          adminfactoryResetText(state);
2464   5                      }else if(page_number == adminLogError[admin_language]){
2465   5                          adminLogErrorText(state);
2466   5                      }else if(page_number == adminMaintenance[admin_language]){
C51 COMPILER V9.56.0.0   UI                                                                09/30/2026 19:37:45 PAGE 41  

2467   5                          //저장된 값만 보여줌
2468   5                      }else if(page_number == adminLanguage[admin_language]){
2469   5                          adminLanguageText(state);
2470   5                      }else if(page_number == adminEngineermod[admin_language]){
2471   5                          EngineermodWork(state);
2472   5                      }else if(page_number == adminEngineermodS[admin_language]){
2473   5                          EngineermodSWork(state);
2474   5                      }
2475   4                  }
2476   3                  enc_busy = 1;
2477   3                  StartTimer(TMR_ENCODER, ENC_DELAY_MS);
2478   3              } break;
2479   2      
2480   2              case 3: {
2481   3                  if (settingflag == 1) {
2482   4                      if(page_number == quickSetting){
2483   5                          if(quickSettingS == 1){
2484   6                              select_position++;
2485   6                              if(select_position ==3){
2486   7                                  settingflag = 0;
2487   7                                  select_position = 0;
2488   7                                  result = (u16)(TT100 * 100 + TT10 * 10 +TT1);
2489   7                                  check_Start(VP_SET_TT,result);
2490   7                                  QuickSettingTextSet(quickSettingS, 100);
2491   7                              }else{
2492   7                                  QuickSettingTextSet(quickSettingS, select_position);
2493   7                              }
2494   6                          }else if(quickSettingS == 2){
2495   6                              settingflag = 0;
2496   6                              select_position = 0;
2497   6                              check_Start(VP_SET_P,press);
2498   6                              SetTextColorYellow(0x1053);
2499   6                          }else if(quickSettingS == 3){
2500   6                              select_position++;
2501   6                              if(select_position ==3){
2502   7                                  settingflag = 0;
2503   7                                  select_position = 0;
2504   7                                  result = (u16)(BT100 * 100 + BT10 * 10 +BT1);
2505   7                                  check_Start(VP_SET_TB,result);
2506   7                                  QuickSettingTextSet(quickSettingS, 100);
2507   7                              }else{
2508   7                                  QuickSettingTextSet(quickSettingS, select_position);
2509   7                              }
2510   6                          }else if(quickSettingS == 4){
2511   6                              select_position++;
2512   6                              if(select_position ==2){
2513   7                                  settingflag = 0;
2514   7                                  select_position = 0;
2515   7                                  read_dgus_vp(0x2110, (u8*)&min,1);
2516   7                                  read_dgus_vp(0x2130, (u8*)&second,1);
2517   7                                  result = (u16)(min*60 + second);                            
2518   7                                  write_dgus_vp(0x2130, (u8*)&second, 1);
2519   7                                  check_Start(VP_SET_H,result);
2520   7                                  QuickSettingTextSet(quickSettingS, 100);
2521   7                              }else{
2522   7                                  QuickSettingTextSet(quickSettingS, select_position);
2523   7                              }
2524   6                          }
2525   5                      }else{
2526   5                          select_position++;
2527   5                          select_num(page_number, select_position);
2528   5                          if(page_number == topHeatingS[admin_language] && select_position == 4){
C51 COMPILER V9.56.0.0   UI                                                                09/30/2026 19:37:45 PAGE 42  

2529   6                              settingflag     = 0;
2530   6                              select_position = 0;
2531   6                              result = (u16)(TT100 * 100 + TT10 * 10 + TT1);
2532   6                              check_Start(VP_SET_TT,result);
2533   6                              Page_Change_UI(topHeating[admin_language]);
2534   6                          }else if(page_number == topCoolingS[admin_language] && select_position == 3){
2535   6                              settingflag     = 0;
2536   6                              select_position = 0;
2537   6                              result = (u16)(TC10 * 10 + TC1);
2538   6                              check_Start(VP_SET_CHTT,result);
2539   6                              Page_Change_UI(topCooling[admin_language]);
2540   6                          }else if(page_number == topFrameS && select_position == 4){
2541   6                              settingflag     = 0;
2542   6                              select_position = 0;
2543   6                              Page_Change_UI(topFrame);
2544   6                          }else if(page_number == botHeatingS[admin_language] && select_position == 4){
2545   6                              settingflag     = 0;
2546   6                              select_position = 0;
2547   6                              result = (u16)(BT100 * 100 + BT10 * 10 + BT1);
2548   6                              check_Start(VP_SET_TB,result);
2549   6                              Page_Change_UI(botHeating[admin_language]);
2550   6                          }else if(page_number == botCoolingS[admin_language] && select_position == 3){
2551   6                              settingflag     = 0;
2552   6                              select_position = 0;
2553   6                              result = (u16)(BC10 * 10 + BC1);
2554   6                              check_Start(VP_SET_CHTB,result);
2555   6                              Page_Change_UI(botCooling[admin_language]);
2556   6                          }else if(page_number == botFrameS && select_position == 2){
2557   6                              settingflag     = 0;
2558   6                              select_position = 0;
2559   6                              Page_Change_UI(botFrame);
2560   6                          }else if(page_number == delayS[admin_language] && select_position == 3){
2561   6                              settingflag     = 0;
2562   6                              select_position = 0;
2563   6                              result = (u16)(min * 60 + second);
2564   6                              check_Start(VP_SET_H,result);
2565   6                              Page_Change_UI(main4[admin_language]);
2566   6                          }else if(page_number == pressureS[admin_language] && select_position == 2){
2567   6                              settingflag     = 0;
2568   6                              select_position = 0;
2569   6                              check_Start(VP_SET_P,press);
2570   6                              Page_Change_UI(main5[admin_language]);
2571   6                          }
2572   5                      }
2573   4                  }else{
2574   4                       if(page_number == main1[admin_language]){
2575   5                          page_bit = 2;
2576   5                          write_dgus_vp(VP_PAGE_BIT,(u8*)page_bit, 1);
2577   5      
2578   5                          
2579   5                              read_dgus_vp(VP_SET_TT, (u8*)&result, 1);
2580   5                              TT100 = result / 100;
2581   5                              TT10   = (result / 10) % 10;
2582   5                              TT1     = result % 10;
2583   5      
2584   5                              write_dgus_vp(0X2000, (u8*)&TT100, 1);
2585   5                              write_dgus_vp(0x2010, (u8*)&TT10,     1);
2586   5                              write_dgus_vp(0x2030, (u8*)&TT1,     1);
2587   5      
2588   5                              read_dgus_vp(VP_SET_TB, (u8*)&result, 1);
2589   5                              BT100 = result / 100;
2590   5                              BT10   = (result / 10) % 10;
C51 COMPILER V9.56.0.0   UI                                                                09/30/2026 19:37:45 PAGE 43  

2591   5                              BT1     = result % 10;
2592   5      
2593   5                              write_dgus_vp(0x2060, (u8*)&BT100, 1);
2594   5                              write_dgus_vp(0x2070, (u8*)&BT10,     1);
2595   5                              write_dgus_vp(0x2080, (u8*)&BT1 ,     1);
2596   5      
2597   5                              read_dgus_vp(VP_SET_H, (u8*)&result, 2);
2598   5                              min = result / 60;
2599   5                              second = result % 60;
2600   5      
2601   5                              write_dgus_vp(0x2110, (u8*)&min,    2);
2602   5                              write_dgus_vp(0x2120, (u8*)&second ,     2);
2603   5      
2604   5                              read_dgus_vp(VP_SET_P, (u8*)&press, 2);
2605   5                              write_dgus_vp(0x2050, (u8*)&press,    2);
2606   5      
2607   5                              result = 0;
2608   5                              quickSettingS = 1;
2609   5                              Page21Functioning(quickSettingS);
2610   5      
2611   5                              page_number = quickSetting;
2612   5                              Page_Change_Handler(page_number);
2613   5                              quickSettingflag = 1;
2614   5                      }else if(page_number == main2[admin_language]){
2615   5                          page_bit = 2;
2616   5                          write_dgus_vp(VP_PAGE_BIT,(u8*)page_bit, 1);
2617   5                          topSelectflag   = 1;
2618   5                          page_number = topHeating[admin_language];
2619   5                          Page_Change_Handler(page_number);
2620   5                      }else if(page_number == main3[admin_language]){
2621   5                          page_bit = 2;
2622   5                          write_dgus_vp(VP_PAGE_BIT,(u8*)page_bit, 1);
2623   5                          botSelectflag = 1;
2624   5                          Page_Change_UI(botHeating[admin_language]);
2625   5                      }else if(page_number == main4[admin_language]){
2626   5                          page_bit = 2;
2627   5                          write_dgus_vp(VP_PAGE_BIT,(u8*)page_bit, 1);
2628   5                          settingflag = 1;
2629   5                          SetTextColorBlue(0x1373);
2630   5                          SetTextColorBlack(0x1383);
2631   5                          read_dgus_vp(VP_SET_H, (u8*)&result, 2);
2632   5                          min = result / 60;
2633   5                          second = result % 60;
2634   5                          write_dgus_vp(0x2370, (u8*)&min,    2);
2635   5                          write_dgus_vp(0x2380, (u8*)&second,    2);
2636   5                          ChangeImage(0x2390, 0);
2637   5                          Page_Change_UI(delayS[admin_language]);
2638   5                      }else if(page_number == main5[admin_language]){
2639   5                          page_bit = 2;
2640   5                          write_dgus_vp(VP_PAGE_BIT,(u8*)page_bit, 1);
2641   5                          settingflag = 1;
2642   5                          read_dgus_vp(VP_SET_P, (u8*)&press, 1);
2643   5                          write_dgus_vp(0x2400, (u8*)&press, 1);
2644   5                          SetTextColorBlue(0x1403);
2645   5                          ChangeImage(0x2410, 0);
2646   5                          Page_Change_UI(pressureS[admin_language]);
2647   5                      }else if(page_number == main6[admin_language]){
2648   5                          page_bit = 2;
2649   5                          write_dgus_vp(VP_PAGE_BIT,(u8*)page_bit, 1);
2650   5                           if(f_ready==1){
2651   6                              Page_Change_UI(workPageN);
2652   6                              }else if(f_start == 1){
C51 COMPILER V9.56.0.0   UI                                                                09/30/2026 19:37:45 PAGE 44  

2653   6                                  Page_Change_UI(workPageH);
2654   6                              }else if(f_cooling==1){
2655   6                                  Page_Change_UI(workPageC);
2656   6                              }else{
2657   6                                  Page_Change_UI(workPageN);
2658   6                              }
2659   5                              if(deleay_flag == 0){
2660   6                                  read_dgus_vp(VP_SET_H, (u8*)&result, 2);
2661   6                                  min = result / 60;
2662   6                                  second = result % 60;
2663   6                                  write_dgus_vp(0x2110, (u8*)&min,    1);
2664   6                                  write_dgus_vp(0x2130, (u8*)&second, 1);
2665   6                              } 
2666   5                      }else if(page_number == main7[admin_language]){
2667   5                          page_bit = 2;
2668   5                          write_dgus_vp(VP_PAGE_BIT,(u8*)page_bit, 1);
2669   5                          page_number = adminList[admin_language];
2670   5                          Page_Change_Handler(page_number);
2671   5                          admin_List_text_change();
2672   5                      }else if(page_number == topHeating[admin_language]){
2673   5                          page_bit = 2;
2674   5                          write_dgus_vp(VP_PAGE_BIT,(u8*)page_bit, 1);
2675   5                          settingflag  = 1;
2676   5                          write_dgus_vp(0X2150, (u8*)&TT100, 1);
2677   5                          write_dgus_vp(0x2160, (u8*)&TT10,     1);
2678   5                          write_dgus_vp(0x2170, (u8*)&TT1,     1);
2679   5                          ChangeImage(0x2180, 0);
2680   5                          Page_Change_UI(topHeatingS[admin_language]);
2681   5                          select_num(page_number, 0);
2682   5                      }else if(page_number == topCooling[admin_language]){
2683   5                          page_bit = 2;
2684   5                          write_dgus_vp(VP_PAGE_BIT,(u8*)page_bit, 1);
2685   5                          settingflag  = 1;
2686   5                          write_dgus_vp(0x2190, (u8*)&TC10, 1);
2687   5                          write_dgus_vp(0x2200, (u8*)&TC1,     1);
2688   5                          ChangeImage(0x2210, 0);
2689   5                          Page_Change_UI(topCoolingS[admin_language]);
2690   5                          select_num(page_number, 0);
2691   5                      }else if(page_number == topFrame){
2692   5                          page_bit = 2;
2693   5                          write_dgus_vp(VP_PAGE_BIT,(u8*)page_bit, 1);
2694   5                          Page_Change_UI(topFrameS);
2695   5                      }else if(page_number == botHeating[admin_language]){
2696   5                          page_bit = 2;
2697   5                          write_dgus_vp(VP_PAGE_BIT,(u8*)page_bit, 1);
2698   5                          settingflag  = 1;
2699   5                          write_dgus_vp(0x2260, (u8*)&BT100, 1);
2700   5                          write_dgus_vp(0x2270, (u8*)&BT10,     1);
2701   5                          write_dgus_vp(0x2280, (u8*)&BT1,     1);
2702   5                          ChangeImage(0x2290, 0);
2703   5                          Page_Change_UI(botHeatingS[admin_language]);
2704   5                          select_num(page_number, 0);
2705   5                      }else if(page_number == botCooling[admin_language]){
2706   5                          page_bit = 2;
2707   5                          write_dgus_vp(VP_PAGE_BIT,(u8*)page_bit, 1);
2708   5                          settingflag  = 1;
2709   5                          write_dgus_vp(0x2300, (u8*)&BC10,     1);
2710   5                          write_dgus_vp(0x2310, (u8*)&BC1,     1);
2711   5                          ChangeImage(0x2320, 0);
2712   5                          Page_Change_UI(botCoolingS[admin_language]);
2713   5                          select_num(page_number, 0);
2714   5                      }else if(page_number == botFrame){
C51 COMPILER V9.56.0.0   UI                                                                09/30/2026 19:37:45 PAGE 45  

2715   5                          page_bit = 2;
2716   5                          write_dgus_vp(VP_PAGE_BIT,(u8*)page_bit, 1);
2717   5                          Page_Change_UI(botFrameS);
2718   5                      }else if(page_number == exit){
2719   5                          page_bit = 2;
2720   5                          write_dgus_vp(VP_PAGE_BIT,(u8*)page_bit, 1);
2721   5                          if (topSelectflag == 1) {
2722   6                              topSelectflag = 0;
2723   6                              Page_Change_UI(main2[admin_language]);
2724   6                          } else {
2725   6                              botSelectflag  = 0;
2726   6                              Page_Change_UI(main3[admin_language]);
2727   6                          }
2728   5                      }else if(page_number == workPageN){
2729   5                          page_bit = 2;
2730   5                          write_dgus_vp(VP_PAGE_BIT,(u8*)page_bit, 1);
2731   5                          Page_Change_UI(main6[admin_language]);
2732   5                      }else if(page_number == quickSetting){
2733   5                          page_bit = 2;
2734   5                          write_dgus_vp(VP_PAGE_BIT,(u8*)page_bit, 1);
2735   5                          settingflag = 1;
2736   5                          QuickSettingTextSet(quickSettingS, 0);
2737   5                      }else if(page_number == adminList[admin_language]){
2738   5                          page_bit = 1;
2739   5                          write_dgus_vp(VP_PAGE_BIT,(u8*)page_bit, 1);
2740   5                          admin_page_change();
2741   5                      }else if(page_number == adminUserSetting[admin_language]){
2742   5                          page_bit = 1;
2743   5                          write_dgus_vp(VP_PAGE_BIT,(u8*)page_bit, 1);
2744   5                          if(usersettingSP == 0){
2745   6                              if(usersettingEditSP == 0 && usersettingSelect_plag == 1){
2746   7                                  write_dgus_vp(VP_USERSETTING_TOP_TEMP_MIN, (u8*)&toptempmin, 1);
2747   7                              }else if(usersettingEditSP == 1 && usersettingSelect_plag == 1){
2748   7                                  write_dgus_vp(VP_USERSETTING_TOP_TEMP_MAX, (u8*)&toptempmax, 1);
2749   7                              }
2750   6                          }else if(usersettingSP == 1){
2751   6                              if(usersettingEditSP == 0 && usersettingSelect_plag == 1){
2752   7                                  write_dgus_vp(VP_USERSETTING_BOT_TEMP_MIN, (u8*)&bottempmin, 1);
2753   7                              }else if(usersettingEditSP == 1 && usersettingSelect_plag == 1){
2754   7                                  write_dgus_vp(VP_USERSETTING_BOT_TEMP_MAX, (u8*)&bottempmax, 1);
2755   7                              }
2756   6                              
2757   6                          }else if(usersettingSP == 2){
2758   6                              if(usersettingEditSP == 0 && usersettingSelect_plag == 1){
2759   7                                  write_dgus_vp(VP_USERSETTING_PRES_MIN, (u8*)&pressmin, 1);
2760   7                              }else if(usersettingEditSP == 1 && usersettingSelect_plag == 1){
2761   7                                  write_dgus_vp(VP_USERSETTING_PRES_MAX, (u8*)&pressmax, 1);
2762   7                              }
2763   6                              
2764   6                          }else if(usersettingSP == 3){
2765   6                              if(usersettingEditSP == 0 && usersettingSelect_plag == 1){
2766   7                                  write_dgus_vp(VP_USERSETTING_DELAY_MIN, (u8*)&delaymin, 1);
2767   7                              }else if(usersettingEditSP == 1 && usersettingSelect_plag == 1){
2768   7                                  write_dgus_vp(VP_USERSETTING_DELAY_MAX, (u8*)&delaymax, 1);
2769   7                              }
2770   6                          }
2771   5                          admin_User_Setting_Function(state);
2772   5                      }else if(page_number == adminIOTest[admin_language]){
2773   5                          page_bit = 1;
2774   5                          write_dgus_vp(VP_PAGE_BIT,(u8*)page_bit, 1);
2775   5                          adminIoTestWork();
2776   5                      }else if(page_number == adminFactoryResetNotice[admin_language]){
C51 COMPILER V9.56.0.0   UI                                                                09/30/2026 19:37:45 PAGE 46  

2777   5                          page_bit = 1;
2778   5                          write_dgus_vp(VP_PAGE_BIT,(u8*)page_bit, 1);
2779   5                          adminfactoryResetText(state);
2780   5                      }else if(page_number == adminLogError[admin_language]){
2781   5                          page_bit = 1;
2782   5                          write_dgus_vp(VP_PAGE_BIT,(u8*)page_bit, 1);
2783   5                          adminLogErrorText(state);
2784   5                      }else if(page_number == adminMaintenance[admin_language]){
2785   5                          page_bit = 1;
2786   5                          write_dgus_vp(VP_PAGE_BIT,(u8*)page_bit, 1);
2787   5                          Page_Change_UI(adminList[admin_language]);
2788   5                      }else if(page_number == adminLanguage[admin_language]){
2789   5                          page_bit = 1;
2790   5                          write_dgus_vp(VP_PAGE_BIT,(u8*)page_bit, 1);
2791   5                          adminLanguageText(state);
2792   5                          write_dgus_vp(VP_LANGUAGE_FLAG,(u8*)&admin_language,1);
2793   5                      }else if(page_number == adminCompany[admin_language]){
2794   5                          page_bit = 1;
2795   5                          write_dgus_vp(VP_PAGE_BIT,(u8*)page_bit, 1);
2796   5                          Page_Change_UI(adminList[admin_language]);
2797   5                      }else if(page_number == adminEngineermod[admin_language]){
2798   5                          page_bit = 1;
2799   5                          write_dgus_vp(VP_PAGE_BIT,(u8*)page_bit, 1);
2800   5                          EngineermodWork(state);
2801   5                      }else if(page_number == adminEngineermodS[admin_language]){
2802   5                          page_bit = 1;
2803   5                          write_dgus_vp(VP_PAGE_BIT,(u8*)page_bit, 1);
2804   5                          EngineermodSWork(state);
2805   5                      }else if(page_number == adminActiveLog[admin_language]){
2806   5                          page_bit = 1;
2807   5                          write_dgus_vp(VP_PAGE_BIT,(u8*)page_bit, 1);
2808   5                          Page_Change_UI(adminLogError[admin_language]);
2809   5                      }else if(page_number == adminErrorLog[admin_language]){
2810   5                          page_bit = 1;
2811   5                          write_dgus_vp(VP_PAGE_BIT,(u8*)page_bit, 1);
2812   5                          Page_Change_UI(adminLogError[admin_language]);
2813   5                      }
2814   4                  }
2815   3              } break;
2816   2      
2817   2              case 4: {
2818   3                  switch (page_number){
2819   4                  case 28:{
2820   5                      usersettingSP=0;
2821   5                      usersettingSelect_plag=0;
2822   5                      usersettingEditSP=0;
2823   5                      Page_Change_UI(adminList[admin_language]);
2824   5                  }break;
2825   4      
2826   4                  case 58 : {
2827   5                      usersettingSP=0;
2828   5                      usersettingSelect_plag=0;
2829   5                      usersettingEditSP=0;
2830   5                      Page_Change_UI(adminList[admin_language]);
2831   5                  }break;
2832   4                  case 29:{
2833   5                      IOtestSP = 0;
2834   5                      IOtestSelect_plag = 0;
2835   5                      Page_Change_UI(adminList[admin_language]);
2836   5                  }break;
2837   4      
2838   4                  case 59:{
C51 COMPILER V9.56.0.0   UI                                                                09/30/2026 19:37:45 PAGE 47  

2839   5                      IOtestSP = 0;
2840   5                      IOtestSelect_plag = 0;
2841   5                      Page_Change_UI(adminList[admin_language]);
2842   5                  }break;
2843   4      
2844   4                  case 30:{
2845   5                      factoryReset_plag = 0;
2846   5                      factoryResetSP = 0;
2847   5                      Page_Change_UI(adminList[admin_language]);
2848   5                  }break;
2849   4      
2850   4                   case 60:{
2851   5                      factoryReset_plag = 0;
2852   5                      factoryResetSP = 0;
2853   5                      Page_Change_UI(adminList[admin_language]);
2854   5                  }break;
2855   4      
2856   4                  case 31:{
2857   5                      LogErrorSP = 0;
2858   5                      Page_Change_UI(adminList[admin_language]);
2859   5                  }break;
2860   4      
2861   4                  case 61:{
2862   5                      LogErrorSP = 0;
2863   5                      Page_Change_UI(adminList[admin_language]);
2864   5                  }break;
2865   4                  
2866   4                  case 34:{
2867   5                      Page_Change_UI(adminList[admin_language]);
2868   5                  }break;
2869   4      
2870   4                  case 64:{
2871   5                      Page_Change_UI(adminList[admin_language]);
2872   5                  }break;
2873   4      
2874   4                  case 35:{
2875   5                      LanguageSP = 0;
2876   5                      Page_Change_UI(adminList[admin_language]);
2877   5                  }break;
2878   4      
2879   4                  case 65:{
2880   5                      LanguageSP = 0;
2881   5                      Page_Change_UI(adminList[admin_language]);
2882   5                  }break;
2883   4      
2884   4                  case 36:{
2885   5                      Page_Change_UI(adminList[admin_language]);
2886   5                  }break;
2887   4      
2888   4                   case 66:{
2889   5                      LanguageSP = 0;
2890   5                      Page_Change_UI(adminList[admin_language]);
2891   5                  }break;
2892   4      
2893   4      
2894   4                  case 37:{
2895   5                      EngineerSP = 0;
2896   5                      Page_Change_UI(adminList[admin_language]);
2897   5                  }break;
2898   4                  case 67:{
2899   5                      EngineerSP = 0;
2900   5                      Page_Change_UI(adminList[admin_language]);
C51 COMPILER V9.56.0.0   UI                                                                09/30/2026 19:37:45 PAGE 48  

2901   5                  }break;
2902   4                  case 38:{
2903   5                      EngineermodS_flag = 0;
2904   5                      EngineermodS_Select_flag =0;
2905   5                      Page_Change_UI(adminEngineermod[admin_language]);
2906   5                  }break;
2907   4                  case 68:{
2908   5                      EngineermodS_flag = 0;
2909   5                      EngineermodS_Select_flag =0;
2910   5                      Page_Change_UI(adminEngineermod[admin_language]);
2911   5                  }break;
2912   4                  case 32:{
2913   5                      Page_Change_UI(adminLogError[admin_language]);
2914   5                  }break;
2915   4                  case 62:{
2916   5                      Page_Change_UI(adminLogError[admin_language]);
2917   5                  }break;
2918   4                  case 33:{
2919   5                      Page_Change_UI(adminLogError[admin_language]);
2920   5                  }break;
2921   4                   case 63:{
2922   5                      Page_Change_UI(adminLogError[admin_language]);
2923   5                  }break;
2924   4                  case 27:{
2925   5                      // Page_Change_UI(main7[admin_language]);
2926   5                  }break;
2927   4                  case 8:{
2928   5                      if(settingflag == 0){
2929   6                      quickSettingflag = 0; 
2930   6                      settingflag = 0; 
2931   6                      quickSettingS = 0; 
2932   6                      Page_Change_UI(main1[admin_language]);
2933   6                      quickSettingInIt();
2934   6                      }
2935   5                  }break;
2936   4                  default:
2937   4                      break;
2938   4                  }
2939   3                  ui_poll_enable = 0;
2940   3              } break;
2941   2          }
2942   1      }
2943          


MODULE INFORMATION:   STATIC OVERLAYABLE
   CODE SIZE        =  26287    ----
   CONSTANT SIZE    =   ----    ----
   XDATA SIZE       =    372      83
   PDATA SIZE       =   ----    ----
   DATA SIZE        =   ----    ----
   IDATA SIZE       =   ----    ----
   BIT SIZE         =   ----    ----
END OF MODULE INFORMATION.


C51 COMPILATION COMPLETE.  2 WARNING(S),  0 ERROR(S)
